FullAddress,OBJIDstr,AIN,NumPrefix,Number,NumSuffix,PreMod,PreDir,PreType,StArticle,StreetName,PostType,PostDir,PostMod,BldgID,BldgSource,BldgTypePl,BldgType,BldgName,FlrTypePl,FlrType,FlrName,UnitType,UnitName,ZipCode,Zip4,LegalComm,PostComm1,PostComm2,PostComm3,OtherComm1,OtherComm2,Source,SourceID,MADRank,AROIDstr,OIDstr,PropType,ObjID,PreDirAbbr,PostDirAbbr,PreTypeAbbr,PostTypeAbbr,FullName,UpdateDate,FullAddress,UniqueID,StName_EnerGov,FullAddress_EnerGov,MSAG_City,ESN,geometry_wkt,_matched_from_input_file,_source_file
2150 A Citrus Pl Hacienda Heights 91745,,,,2150,A,,,,,Citrus,Place,,,,,,,,,,,,,91745,,Unincorporated,Hacienda Heights,Industry,,,,LACO DPW Add,{9BE7DFFF-F262-40C1-B199-D606A59C7DCF},0,,9BE7DFFF-F262-40C1-B199-D606A59C7DCF,Unknown,,,,,Pl,Citrus Pl,2018-11-16 07:53:21+00:00,2150 A Citrus Pl Hacienda Heights 91745,9BE7DFFF-F262-40C1-B199-D606A59C7DCF_2150_A_Citrus_Pl_Hacienda_Heights_91745,Citrus,2150 A Citrus Place Pl Hacienda Heights 91745,,,POINT (6570239.143193 1820883.1446),Incomplete_addresses_no_fraction&others_[validationResults]_554rows.csv,eGIS_Addressing_raw__2700971rows_51cols.csv
2150 B Citrus Pl Hacienda Heights 91745,,,,2150,B,,,,,Citrus,Place,,,,,,,,,,,,,91745,,Unincorporated,Hacienda Heights,Industry,,,,LACO DPW Add,{199872E4-E148-4552-A2E1-0A7DC63CA4A6},0,,199872E4-E148-4552-A2E1-0A7DC63CA4A6,Unknown,,,,,Pl,Citrus Pl,2018-11-16 07:53:21+00:00,2150 B Citrus Pl Hacienda Heights 91745,199872E4-E148-4552-A2E1-0A7DC63CA4A6_2150_B_Citrus_Pl_Hacienda_Heights_91745,Citrus,2150 B Citrus Place Pl Hacienda Heights 91745,,,POINT (6570257.893156 1820875.158723),Incomplete_addresses_no_fraction&others_[validationResults]_554rows.csv,eGIS_Addressing_raw__2700971rows_51cols.csv
904 Los Angeles 90073,,,,904,,,,,,,,,,,,,,,,,,,,90073,,Unincorporated,Los Angeles,,,,,LACO DPW Add,{D22724AC-782F-47F6-88F6-CC59C1270CB5},0,,D22724AC-782F-47F6-88F6-CC59C1270CB5,Unknown,,,,,,,2023-02-06 07:31:58+00:00,904 Los Angeles 90073,D22724AC-782F-47F6-88F6-CC59C1270CB5_904_Los_Angeles_90073,,904 Los Angeles 90073,,,POINT (6423844.624303 1842635.134232),Incomplete_addresses_no_fraction&others_[validationResults]_554rows.csv,eGIS_Addressing_raw__2700971rows_51cols.csv
13053 La Puente 91746,,,,13053,,,,,,,,,,,,,,,,,,,,91746,,Unincorporated,La Puente,Bassett,,,,LACO DPW House Numbering Map,{1E3DA3A0-9911-4109-A6D3-54301175E66F},0,,1E3DA3A0-9911-4109-A6D3-54301175E66F,Unknown,,,,,,,2015-09-12 11:55:58+00:00,13053 La Puente 91746,1E3DA3A0-9911-4109-A6D3-54301175E66F_13053_La_Puente_91746,,13053 La Puente 91746,,,POINT (6561493.870002 1843847.53535),Incomplete_addresses_no_fraction&others_[validationResults]_554rows.csv,eGIS_Addressing_raw__2700971rows_51cols.csv
1861 Unit 243 Hacienda Heights 91745,,,,1861,,,,,,,,,,,,,,,,,,Unit,243,91745,,Unincorporated,Hacienda Heights,Industry,,,,LACO DPW House Numbering Map,{29B3F698-2776-4621-B412-4BD1F920B1E1},0,,29B3F698-2776-4621-B412-4BD1F920B1E1,Unknown,,,,,,,2021-09-01 10:59:10+00:00,1861 Unit 243 Hacienda Heights 91745,29B3F698-2776-4621-B412-4BD1F920B1E1_1861_Unit_243_Hacienda_Heights_91745,,1861 Unit 243 Hacienda Heights 91745,,,POINT (6579798.444613 1818693.765448),Incomplete_addresses_no_fraction&others_[validationResults]_554rows.csv,eGIS_Addressing_raw__2700971rows_51cols.csv
5522 San Gabriel 91776,,,,5522,,,,,,,,,,,,,,,,,,,,91776,,Unincorporated,San Gabriel,,,,,LACO DPW Add,{54F738D1-F1A8-483A-9AD1-3F334E78692F},0,,54F738D1-F1A8-483A-9AD1-3F334E78692F,Unknown,,,,,,,2019-04-16 10:33:13+00:00,5522 San Gabriel 91776,54F738D1-F1A8-483A-9AD1-3F334E78692F_5522_San_Gabriel_91776,,5522 San Gabriel 91776,,,POINT (6536383.407427 1858735.558396),Incomplete_addresses_no_fraction&others_[validationResults]_554rows.csv,eGIS_Addressing_raw__2700971rows_51cols.csv
1524 Unit A,,,,1524,,,West,,,103rd,Street,,,,,,,,,,,Unit,A,,,,,,,,,LACO DPW Add,{18884C71-546C-4CA3-9548-FFF7EBAB9CAA},0,,18884C71-546C-4CA3-9548-FFF7EBAB9CAA,Unknown,,W,,,St,,2024-05-13 17:46:22+00:00,1524 Unit A,18884C71-546C-4CA3-9548-FFF7EBAB9CAA_1524_Unit_A,103rd,1524 W 103rd Street St Unit A ,,,POINT (6469637.57504 1801701.578632),Incomplete_addresses_no_fraction&others_[validationResults]_554rows.csv,eGIS_Addressing_raw__2700971rows_51cols.csv
11606,,,,11606,,,,,,Alclad,Avenue,,,,,,,,,,,,,,,,,,,,,LACO DPW Add,{9CDE4C89-E79A-4764-93A3-33F60997EF02},0,,9CDE4C89-E79A-4764-93A3-33F60997EF02,Unknown,,,,,Ave,,2024-05-13 17:55:34+00:00,11606,9CDE4C89-E79A-4764-93A3-33F60997EF02_11606,Alclad,11606 Alclad Avenue Ave ,,,POINT (6549242.667142 1795459.08882),Incomplete_addresses_no_fraction&others_[validationResults]_554rows.csv,eGIS_Addressing_raw__2700971rows_51cols.csv
4859,,,,4859,,,West,,,112th,Street,,,,,,,,,,,,,,,,,,,,,LACO DPW Add,{709A69AA-765D-4A3E-B5E2-C14C5B309C58},0,,709A69AA-765D-4A3E-B5E2-C14C5B309C58,Unknown,,W,,,St,,2024-05-13 18:12:17+00:00,4859,709A69AA-765D-4A3E-B5E2-C14C5B309C58_4859,112th,4859 W 112th Street St ,,,POINT (6451434.190843 1798256.331586),Incomplete_addresses_no_fraction&others_[validationResults]_554rows.csv,eGIS_Addressing_raw__2700971rows_51cols.csv
Los Angeles 90063,,,,,,,,,,,,,,,,,,,,,,,,90063,,Unincorporated,Los Angeles,,,,,LACO DPW Add,{E4C613CC-5A81-4D86-9451-9B5CB4705D13},0,,E4C613CC-5A81-4D86-9451-9B5CB4705D13,Unknown,,,,,,,2024-08-12 22:23:19+00:00,Los Angeles 90063,E4C613CC-5A81-4D86-9451-9B5CB4705D13___Los_Angeles_90063,,Los Angeles 90063,,,POINT (6505017.920618 1835696.080853),Incomplete_addresses_no_fraction&others_[validationResults]_554rows.csv,eGIS_Addressing_raw__2700971rows_51cols.csv
Los Angeles 90061,,,,,,,,,,,,,,,,,,,,,,,,90061,,Unincorporated,Los Angeles,,,,,LACO DPW Add,{61ACFAC7-E3B2-48D9-AD42-51127AFDAA4C},0,,61ACFAC7-E3B2-48D9-AD42-51127AFDAA4C,Unknown,,,,,,,2024-10-17 21:51:54+00:00,Los Angeles 90061,61ACFAC7-E3B2-48D9-AD42-51127AFDAA4C___Los_Angeles_90061,,Los Angeles 90061,,,POINT (6477108.279915 1794109.873343),Incomplete_addresses_no_fraction&others_[validationResults]_554rows.csv,eGIS_Addressing_raw__2700971rows_51cols.csv
Lawndale 90260,,,,,,,,,,,,,,,,,,,,,,,,90260,,Unincorporated,Lawndale,,,,,LACO DPW Add,{28FA3560-7DCF-434A-86F2-09F6D9E5BD21},0,,28FA3560-7DCF-434A-86F2-09F6D9E5BD21,Utility,,,,,,,2024-10-31 18:43:02+00:00,Lawndale 90260,28FA3560-7DCF-434A-86F2-09F6D9E5BD21___Lawndale_90260,,Lawndale 90260,,,POINT (6457503.782707 1779216.860478),Incomplete_addresses_no_fraction&others_[validationResults]_554rows.csv,eGIS_Addressing_raw__2700971rows_51cols.csv
2837 South El Monte 91733,,,,2837,,,,,,,,,,,,,,,,,,,,91733,,El Monte,South El Monte,El Monte,,,,CAMS,{DCA6F141-E197-4C84-8789-8FC22F933F3E},0,,DCA6F141-E197-4C84-8789-8FC22F933F3E,Unknown,,,,,,,2018-11-14 14:26:24+00:00,2837 South El Monte 91733,DCA6F141-E197-4C84-8789-8FC22F933F3E_2837_South_El_Monte_91733,,2837 El Monte 91733,,,POINT (6551019.337473 1845089.101109),Incomplete_addresses_no_fraction&others_[validationResults]_554rows.csv,eGIS_Addressing_raw__2700971rows_51cols.csv
3787 Long Beach 90846,,,,3787,,,,,,,,,,,,,,,,,,,,90846,,Long Beach,Long Beach,,,,,CAMS,{7FD16C89-357B-4B50-B342-6B0173BF6305},0,,7FD16C89-357B-4B50-B342-6B0173BF6305,Unknown,,,,,,,2018-12-10 18:54:42+00:00,3787 Long Beach 90846,7FD16C89-357B-4B50-B342-6B0173BF6305_3787_Long_Beach_90846,,3787 Long Beach 90846,,,POINT (6517162.156828 1759521.907086),Incomplete_addresses_no_fraction&others_[validationResults]_554rows.csv,eGIS_Addressing_raw__2700971rows_51cols.csv
75 Avalon 90704,,,,75,,,,,,,,,,,,,,,,,,,,90704,,Avalon,Avalon,,,,,CAMS,{C831D39D-2407-413B-87A0-49F00207E0C7},0,,C831D39D-2407-413B-87A0-49F00207E0C7,Unknown,,,,,,,2015-12-10 11:35:25+00:00,75 Avalon 90704,C831D39D-2407-413B-87A0-49F00207E0C7_75_Avalon_90704,,75 Avalon 90704,,,POINT (6460386.103714 1588114.803707),Incomplete_addresses_no_fraction&others_[validationResults]_554rows.csv,eGIS_Addressing_raw__2700971rows_51cols.csv
13855 Unit 7 Paramount 90723,,,,13855,,,,,,,,,,,,,,,,,,Unit,7,90723,,Paramount,Paramount,,,,,Office of Assessor,{BFAD0105-69C0-406C-B522-2D191C34EA0D},0,,BFAD0105-69C0-406C-B522-2D191C34EA0D,Unknown,,,,,,,2016-10-04 15:28:23+00:00,13855 Unit 7 Paramount 90723,BFAD0105-69C0-406C-B522-2D191C34EA0D_13855_Unit_7_Paramount_90723,,13855 Unit 7 Paramount 90723,,,POINT (6512386.828124 1789564.379809),Incomplete_addresses_no_fraction&others_[validationResults]_554rows.csv,eGIS_Addressing_raw__2700971rows_51cols.csv
13100 Sylmar 91342,,,,13100,,,,,,,,,,,,,,,,,,,,91342,,Los Angeles,Sylmar,Lake View Terrace,,,,CAMS,{9EE9791E-CA64-4E6A-AED5-408F6E4E3176},0,,9EE9791E-CA64-4E6A-AED5-408F6E4E3176,Unknown,,,,,,,2015-04-18 16:00:08+00:00,13100 Sylmar 91342,9EE9791E-CA64-4E6A-AED5-408F6E4E3176_13100_Sylmar_91342,,13100 Los Angeles 91342,,,POINT (6424923.929231 1935006.150933),Incomplete_addresses_no_fraction&others_[validationResults]_554rows.csv,eGIS_Addressing_raw__2700971rows_51cols.csv
1002 Pomona 91766,,,,1002,,,,,,,,,,,,,,,,,,,,91766,,Pomona,Pomona,,,,,CAMS,{C8BF25A9-A36A-40F8-9775-CD250723EBE8},0,,C8BF25A9-A36A-40F8-9775-CD250723EBE8,Unknown,,,,,,,2022-09-06 19:26:25+00:00,1002 Pomona 91766,C8BF25A9-A36A-40F8-9775-CD250723EBE8_1002_Pomona_91766,,1002 Pomona 91766,,,POINT (6634134.038369 1839694.100416),Incomplete_addresses_no_fraction&others_[validationResults]_554rows.csv,eGIS_Addressing_raw__2700971rows_51cols.csv
2634 S La Cienega Ave Los Angeles 90034,,,,2634,,,South,,,La Cienega,Avenue,,,,,,,,,,,,,90034,,Los Angeles,Los Angeles,,,,,LA City,{3BB22B49-16E2-4FBD-9090-A8D29B77FE81},0,,3BB22B49-16E2-4FBD-9090-A8D29B77FE81,Unknown,,S,,,Ave,S La Cienega Ave,2023-09-12 23:03:18+00:00,2634 S La Cienega Ave Los Angeles 90034,3BB22B49-16E2-4FBD-9090-A8D29B77FE81_2634_S_La_Cienega_Ave_Los_Angeles_90034,La Cienega,2634 S La Cienega Avenue Ave Los Angeles 90034,,,POINT (6447084.904922 1834871.588079),Incomplete_addresses_no_fraction&others_[validationResults]_554rows.csv,eGIS_Addressing_raw__2700971rows_51cols.csv
1243 S Maple Ave Los Angeles 90015,,,,1243,,,South,,,Maple,Avenue,,,,,,,,,,,,,90015,,Los Angeles,Los Angeles,,,,,LA City,{BCEB0479-B791-445A-9260-2EC3AFD78130},0,,BCEB0479-B791-445A-9260-2EC3AFD78130,Unknown,,S,,,Ave,S Maple Ave,2023-09-12 23:03:18+00:00,1243 S Maple Ave Los Angeles 90015,BCEB0479-B791-445A-9260-2EC3AFD78130_1243_S_Maple_Ave_Los_Angeles_90015,Maple,1243 S Maple Avenue Ave Los Angeles 90015,,,POINT (6483729.299481 1835128.570833),Incomplete_addresses_no_fraction&others_[validationResults]_554rows.csv,eGIS_Addressing_raw__2700971rows_51cols.csv
353 Long Beach Grand Prix Circuit Long Beach 90802,,,,353,,,,,,Long Beach Grand Prix Circuit,,,,,,,,,,,,,,90802,,Long Beach,Long Beach,,,,,Long Beach GIS,{7FC4FEF7-EBF0-4907-AFD9-FFBE1ABAE5BD},0,,7FC4FEF7-EBF0-4907-AFD9-FFBE1ABAE5BD,Unknown,,,,,,Long Beach Grand Prix Circuit,2024-05-12 21:05:27+00:00,353 Long Beach Grand Prix Circuit Long Beach 90802,7FC4FEF7-EBF0-4907-AFD9-FFBE1ABAE5BD_353_Long_Beach_Grand_Prix_Circuit_Long_Beach_90802,Long Beach Grand Prix Circuit,353 Long Beach Grand Prix Circuit Long Beach 90802,,,POINT (6504363.894367 1737489.148986),Incomplete_addresses_no_fraction&others_[validationResults]_554rows.csv,eGIS_Addressing_raw__2700971rows_51cols.csv
425 Long Beach 90803,,,,425,,,,,,,,,,,,,,,,,,,,90803,,Long Beach,Long Beach,,,,,Long Beach GIS,{14DA8FF4-2E56-4652-9EFB-49554C90BB15},0,,14DA8FF4-2E56-4652-9EFB-49554C90BB15,Unknown,,,,,,,2024-05-12 21:05:27+00:00,425 Long Beach 90803,14DA8FF4-2E56-4652-9EFB-49554C90BB15_425_Long_Beach_90803,,425 Long Beach 90803,,,POINT (6526724.332914 1738250.011638),Incomplete_addresses_no_fraction&others_[validationResults]_554rows.csv,eGIS_Addressing_raw__2700971rows_51cols.csv
1515 A Prospect Ave San Gabriel 91776,,,,1515,A,,,,,Prospect,Avenue,,,,,,,,,,,,,91776,,San Gabriel,San Gabriel,,,,,Office of Assessor,{88C5E11A-84DF-4038-BA99-7F0658B5F51C},0,,88C5E11A-84DF-4038-BA99-7F0658B5F51C,Unknown,,,,,Ave,Prospect Ave,2024-05-12 21:05:27+00:00,1515 A Prospect Ave San Gabriel 91776,88C5E11A-84DF-4038-BA99-7F0658B5F51C_1515_A_Prospect_Ave_San_Gabriel_91776,Prospect,1515 A Prospect Avenue Ave San Gabriel 91776,,,POINT (6529607.863236 1852076.025127),Incomplete_addresses_no_fraction&others_[validationResults]_554rows.csv,eGIS_Addressing_raw__2700971rows_51cols.csv
33 E Pasadena 91103,,,,33,,,,,,E,,,,,,,,,,,,,,91103,,Pasadena,Pasadena,,,,,Pasadena GIS,{64B6CE95-045B-4DCA-AD01-00FC263042FE},0,,64B6CE95-045B-4DCA-AD01-00FC263042FE,Unknown,,,,,,E,2024-05-12 21:05:27+00:00,33 E Pasadena 91103,64B6CE95-045B-4DCA-AD01-00FC263042FE_33_E_Pasadena_91103,E,33 E Pasadena 91103,,,POINT (6516291.34 1885308.085959),Incomplete_addresses_no_fraction&others_[validationResults]_554rows.csv,eGIS_Addressing_raw__2700971rows_51cols.csv
1050 Long Beach 90807,,,,1050,,,,,,,,,,,,,,,,,,,,90807,,Long Beach,Long Beach,,,,,Long Beach GIS,{3727E64C-AA08-4ECE-B3D8-374A0C4C38A0},0,,3727E64C-AA08-4ECE-B3D8-374A0C4C38A0,Unknown,,,,,,,2024-05-12 21:05:27+00:00,1050 Long Beach 90807,3727E64C-AA08-4ECE-B3D8-374A0C4C38A0_1050_Long_Beach_90807,,1050 Long Beach 90807,,,POINT (6504624.230132 1757125.176643),Incomplete_addresses_no_fraction&others_[validationResults]_554rows.csv,eGIS_Addressing_raw__2700971rows_51cols.csv
La Habra 90631,, ,,0,,,,,, ,,,,,,,,,,,,,,90631,,La Habra,La Habra,La Habra Heights,,,,La Habra,{E3765E64-28C5-4F0D-99A0-6EE0A5E42D00},0,,E3765E64-28C5-4F0D-99A0-6EE0A5E42D00,Unknown,,,,,, ,2024-11-09 05:35:18+00:00,La Habra 90631,E3765E64-28C5-4F0D-99A0-6EE0A5E42D00____La_Habra_90631,,La Habra 90631,,,POINT (6579873.064214 1792433.491853),Incomplete_addresses_no_fraction&others_[validationResults]_554rows.csv,eGIS_Addressing_raw__2700971rows_51cols.csv
E Lambert Rd Fullerton 92835,, ,,0,,,East,,,Lambert,Road,,,,,,,,,,,,,92835,,La Habra,Fullerton,,,,,La Habra,{112C74F2-197B-4344-A5B8-912B9FA7756A},0,,112C74F2-197B-4344-A5B8-912B9FA7756A,Unknown,,E,,,Rd,E Lambert Rd,2024-11-09 05:35:18+00:00,E Lambert Rd Fullerton 92835,112C74F2-197B-4344-A5B8-912B9FA7756A__E_Lambert_Rd_Fullerton_92835,Lambert,E Lambert Road Rd La Habra 92835,,,POINT (6584285.427765 1794957.481228),Incomplete_addresses_no_fraction&others_[validationResults]_554rows.csv,eGIS_Addressing_raw__2700971rows_51cols.csv
S Harbor Blvd La Habra 90631,, ,,0,,,South,,,Harbor,Boulevard,,,,,,,,,,,,,90631,,La Habra,La Habra,La Habra Heights,,,,La Habra,{78B3C690-F590-4443-ACB6-57F487DF2637},0,,78B3C690-F590-4443-ACB6-57F487DF2637,Unknown,,S,,,Blvd,S Harbor Blvd,2024-11-09 05:35:18+00:00,S Harbor Blvd La Habra 90631,78B3C690-F590-4443-ACB6-57F487DF2637__S_Harbor_Blvd_La_Habra_90631,Harbor,S Harbor Boulevard Blvd La Habra 90631,,,POINT (6581974.86152 1795997.199621),Incomplete_addresses_no_fraction&others_[validationResults]_554rows.csv,eGIS_Addressing_raw__2700971rows_51cols.csv
S Cypress St La Habra 90631,, ,,0,,,South,,,Cypress,Street,,,,,,,,,,,,,90631,,La Habra,La Habra,La Habra Heights,,,,La Habra,{D2B9D061-ED01-4E81-8403-B0E5F1B33350},0,,D2B9D061-ED01-4E81-8403-B0E5F1B33350,Unknown,,S,,,St,S Cypress St,2024-11-09 05:35:18+00:00,S Cypress St La Habra 90631,D2B9D061-ED01-4E81-8403-B0E5F1B33350__S_Cypress_St_La_Habra_90631,Cypress,S Cypress Street St La Habra 90631,,,POINT (6579335.471786 1796266.431694),Incomplete_addresses_no_fraction&others_[validationResults]_554rows.csv,eGIS_Addressing_raw__2700971rows_51cols.csv
S Euclid St La Habra 90631,, ,,0,,,South,,,Euclid,Street,,,,,,,,,,,,,90631,,La Habra,La Habra,La Habra Heights,,,,La Habra,{75D535E8-E28D-43FC-ABEA-1BF056829C8A},0,,75D535E8-E28D-43FC-ABEA-1BF056829C8A,Unknown,,S,,,St,S Euclid St,2024-11-09 05:35:18+00:00,S Euclid St La Habra 90631,75D535E8-E28D-43FC-ABEA-1BF056829C8A__S_Euclid_St_La_Habra_90631,Euclid,S Euclid Street St La Habra 90631,,,POINT (6578014.285123 1796263.14758),Incomplete_addresses_no_fraction&others_[validationResults]_554rows.csv,eGIS_Addressing_raw__2700971rows_51cols.csv
S Walnut St La Habra 90631,, ,,0,,,South,,,Walnut,Street,,,,,,,,,,,,,90631,,La Habra,La Habra,La Habra Heights,,,,La Habra,{2CD6A142-9F80-4428-8E46-43FAB44502EB},0,,2CD6A142-9F80-4428-8E46-43FAB44502EB,Unknown,,S,,,St,S Walnut St,2024-11-09 05:35:18+00:00,S Walnut St La Habra 90631,2CD6A142-9F80-4428-8E46-43FAB44502EB__S_Walnut_St_La_Habra_90631,Walnut,S Walnut Street St La Habra 90631,,,POINT (6576694.271687 1796260.285053),Incomplete_addresses_no_fraction&others_[validationResults]_554rows.csv,eGIS_Addressing_raw__2700971rows_51cols.csv
S Monte Vista St La Habra 90631,, ,,0,,,South,,,Monte Vista,Street,,,,,,,,,,,,,90631,,La Habra,La Habra,La Habra Heights,,,,La Habra,{65911193-C5A5-4505-8B59-F1DA52BA7E37},0,,65911193-C5A5-4505-8B59-F1DA52BA7E37,Unknown,,S,,,St,S Monte Vista St,2024-11-09 05:35:18+00:00,S Monte Vista St La Habra 90631,65911193-C5A5-4505-8B59-F1DA52BA7E37__S_Monte_Vista_St_La_Habra_90631,Monte Vista,S Monte Vista Street St La Habra 90631,,,POINT (6575372.224135 1796257.842472),Incomplete_addresses_no_fraction&others_[validationResults]_554rows.csv,eGIS_Addressing_raw__2700971rows_51cols.csv
S Idaho St La Habra 90631,, ,,0,,,South,,,Idaho,Street,,,,,,,,,,,,,90631,,La Habra,La Habra,La Habra Heights,,,,La Habra,{ECE85609-A757-46B4-A508-2CD5837D9258},0,,ECE85609-A757-46B4-A508-2CD5837D9258,Unknown,,S,,,St,S Idaho St,2024-11-09 05:35:18+00:00,S Idaho St La Habra 90631,ECE85609-A757-46B4-A508-2CD5837D9258__S_Idaho_St_La_Habra_90631,Idaho,S Idaho Street St La Habra 90631,,,POINT (6574050.57061 1796255.821151),Incomplete_addresses_no_fraction&others_[validationResults]_554rows.csv,eGIS_Addressing_raw__2700971rows_51cols.csv
S Beach Blvd La Habra 90631,, ,,0,,,South,,,Beach,Boulevard,,,,,,,,,,,,,90631,,La Habra,La Habra,La Habra Heights,,,,La Habra,{8EF4590E-6566-4307-ACE8-F0DFD8D1E23D},0,,8EF4590E-6566-4307-ACE8-F0DFD8D1E23D,Unknown,,S,,,Blvd,S Beach Blvd,2024-11-09 05:35:18+00:00,S Beach Blvd La Habra 90631,8EF4590E-6566-4307-ACE8-F0DFD8D1E23D__S_Beach_Blvd_La_Habra_90631,Beach,S Beach Boulevard Blvd La Habra 90631,,,POINT (6571429.321915 1796253.361838),Incomplete_addresses_no_fraction&others_[validationResults]_554rows.csv,eGIS_Addressing_raw__2700971rows_51cols.csv
E Imperial Hwy La Habra 90631,, ,,0,,,East,,,Imperial,Highway,,,,,,,,,,,,,90631,,La Habra,La Habra,La Habra Heights,,,,La Habra,{2C8EEF3D-8319-4575-8C2B-FA81544EE889},0,,2C8EEF3D-8319-4575-8C2B-FA81544EE889,Unknown,,E,,,Hwy,E Imperial Hwy,2024-11-09 05:35:18+00:00,E Imperial Hwy La Habra 90631,2C8EEF3D-8319-4575-8C2B-FA81544EE889__E_Imperial_Hwy_La_Habra_90631,Imperial,E Imperial Highway Hwy La Habra 90631,,,POINT (6580950.663437 1792309.324451),Incomplete_addresses_no_fraction&others_[validationResults]_554rows.csv,eGIS_Addressing_raw__2700971rows_51cols.csv
S Palm St Fullerton 92835,, ,,0,,,South,,,Palm,Street,,,,,,,,,,,,,92835,,La Habra,Fullerton,,,,,La Habra,{1B9C71F4-CC9F-43C5-8E84-AC6B8F656CFC},0,,1B9C71F4-CC9F-43C5-8E84-AC6B8F656CFC,Unknown,,S,,,St,S Palm St,2024-11-09 05:35:18+00:00,S Palm St Fullerton 92835,1B9C71F4-CC9F-43C5-8E84-AC6B8F656CFC__S_Palm_St_Fullerton_92835,Palm,S Palm Street St La Habra 92835,,,POINT (6584615.26536 1794806.179037),Incomplete_addresses_no_fraction&others_[validationResults]_554rows.csv,eGIS_Addressing_raw__2700971rows_51cols.csv
W Imperial Hwy La Habra 90631,, ,,0,,,West,,,Imperial,Highway,,,,,,,,,,,,,90631,,La Habra,La Habra,La Habra Heights,,,,La Habra,{B8C9DB2E-5000-4171-BDBE-B58462D42346},0,,B8C9DB2E-5000-4171-BDBE-B58462D42346,Unknown,,W,,,Hwy,W Imperial Hwy,2024-11-09 05:35:18+00:00,W Imperial Hwy La Habra 90631,B8C9DB2E-5000-4171-BDBE-B58462D42346__W_Imperial_Hwy_La_Habra_90631,Imperial,W Imperial Highway Hwy La Habra 90631,,,POINT (6570371.805986 1792265.383594),Incomplete_addresses_no_fraction&others_[validationResults]_554rows.csv,eGIS_Addressing_raw__2700971rows_51cols.csv
E LAMBERT RD La Habra 90631,,1911179,,0,,,East,,,LAMBERT,Road,,,,,,,,,,,,,90631,,La Habra,La Habra,La Habra Heights,,,,La Habra,{F5A2C9B0-1261-49DD-996B-0D29E4BD2794},0,,F5A2C9B0-1261-49DD-996B-0D29E4BD2794,Unknown,,S,,,RD,E LAMBERT RD,2024-11-09 05:35:18+00:00,E LAMBERT RD La Habra 90631,F5A2C9B0-1261-49DD-996B-0D29E4BD2794__E_LAMBERT_RD_La_Habra_90631,LAMBERT,S LAMBERT Road RD La Habra 90631,,,POINT (6580837.780133 1794719.838002),Incomplete_addresses_no_fraction&others_[validationResults]_554rows.csv,eGIS_Addressing_raw__2700971rows_51cols.csv
8516 Canoga Park 91304,,2004026028,,8516,,,,,,,,,,,,,,,,,,,,91304,,Los Angeles,Canoga Park,West Hills,,,,CAMS,{61E06D0E-A5DD-438A-BE39-53E7EB2C72AF},0,,61E06D0E-A5DD-438A-BE39-53E7EB2C72AF,Unknown,,,,,,,2021-01-22 17:13:36+00:00,8516 Canoga Park 91304,61E06D0E-A5DD-438A-BE39-53E7EB2C72AF_8516_Canoga_Park_91304,,8516 Los Angeles 91304,,,POINT (6373342.429048 1904817.754617),Incomplete_addresses_no_fraction&others_[validationResults]_554rows.csv,eGIS_Addressing_raw__2700971rows_51cols.csv
2363  Agoura Hills 91301,,2058005012,,2363,,,,,,,,,,,,,,,,,,,,91301,,Unincorporated,Agoura Hills,Agoura,,,,LACO DPW Add,{96D56BF6-D102-444F-AF36-947592CC0CCD},0,,96D56BF6-D102-444F-AF36-947592CC0CCD,Unknown,,,,,,,2023-09-30 17:12:12+00:00,2363  Agoura Hills 91301,96D56BF6-D102-444F-AF36-947592CC0CCD_2363__Agoura_Hills_91301,,2363 Agoura Hills 91301,,,POINT (6323940.458955 1865190.320421),Incomplete_addresses_no_fraction&others_[validationResults]_554rows.csv,eGIS_Addressing_raw__2700971rows_51cols.csv
14842 Main Co 1545 Sawtelle Blvd Van Nuys 91411,,2241017028,,14842,,,,,,Main Co 1545 Sawtelle,Boulevard,,,,,,,,,,,,,91411,,Los Angeles,Van Nuys,,,,,Assessor,{7A153AE6-6328-4DD5-A437-9CEBEA223C22},0,,7A153AE6-6328-4DD5-A437-9CEBEA223C22,Unknown,,,,,Blvd,Main Co 1545 Sawtelle Blvd,2024-04-27 17:13:09+00:00,14842 Main Co 1545 Sawtelle Blvd Van Nuys 91411,7A153AE6-6328-4DD5-A437-9CEBEA223C22_14842_Main_Co_1545_Sawtelle_Blvd_Van_Nuys_91411,Main Co 1545 Sawtelle,14842 Main Co 1545 Sawtelle Boulevard Blvd Los Angeles 91411,,,POINT (6423482.198191 1889057.050902),Incomplete_addresses_no_fraction&others_[validationResults]_554rows.csv,eGIS_Addressing_raw__2700971rows_51cols.csv
5533 N Edward Everett Horton Ln Encino 91316,,2255027013,,5533,,,North,,,Edward Everett Horton,Lane,,,,,,,,,,,,,91316,,Los Angeles,Encino,,,,,LA City,{DF06B643-9B46-4501-B901-E14FD5DE30BE},0,,DF06B643-9B46-4501-B901-E14FD5DE30BE,Unknown,,N,,,Ln,N Edward Everett Horton Ln,2023-09-12 23:03:18+00:00,5533 N Edward Everett Horton Ln Encino 91316,DF06B643-9B46-4501-B901-E14FD5DE30BE_5533_N_Edward_Everett_Horton_Ln_Encino_91316,Edward Everett Horton,5533 N Edward Everett Horton Lane Ln Los Angeles 91316,,,POINT (6408712.652271 1885327.98487),Incomplete_addresses_no_fraction&others_[validationResults]_554rows.csv,eGIS_Addressing_raw__2700971rows_51cols.csv
14003 Holly Dr Beverly Hills 90210,,2272032030,,14003,,,,,,Holly,Drive,,,,,,,,,,,,,90210,,Los Angeles,Beverly Hills,,,,,Assessor,{BB6FC64E-645B-46DE-8D52-CA0F57291A31},0,,BB6FC64E-645B-46DE-8D52-CA0F57291A31,Unknown,,,,,Dr,Holly Dr,2024-04-27 17:13:09+00:00,14003 Holly Dr Beverly Hills 90210,BB6FC64E-645B-46DE-8D52-CA0F57291A31_14003_Holly_Dr_Beverly_Hills_90210,Holly,14003 Holly Drive Dr Los Angeles 90210,,,POINT (6429322.85941 1872889.848001),Incomplete_addresses_no_fraction&others_[validationResults]_554rows.csv,eGIS_Addressing_raw__2700971rows_51cols.csv
4635 Park Western Pl North Hollywood 91602,,2353033040,,4635,,,,,,Park Western,Place,,,,,,,,,,,,,91602,,Los Angeles,North Hollywood,Toluca Lake,,,,Assessor,{E542EDEB-D853-413B-AE6B-284644E6C25C},0,,E542EDEB-D853-413B-AE6B-284644E6C25C,Unknown,,,,,Pl,Park Western Pl,2024-04-27 17:13:09+00:00,4635 Park Western Pl North Hollywood 91602,E542EDEB-D853-413B-AE6B-284644E6C25C_4635_Park_Western_Pl_North_Hollywood_91602,Park Western,4635 Park Western Place Pl Los Angeles 91602,,,POINT (6448611.828378 1878986.509036),Incomplete_addresses_no_fraction&others_[validationResults]_554rows.csv,eGIS_Addressing_raw__2700971rows_51cols.csv
3900 Unit 120 Universal City 91608,,2424043021,,3900,,,,,,,,,,,,,Building,5511,,,,Unit,120,91608,,Unincorporated,Universal City,,,,,LACO DPW Add,{2CE1108A-F05D-4FFD-96CB-0B3229659E8C},0,,2CE1108A-F05D-4FFD-96CB-0B3229659E8C,Unknown,,,,,,,2018-01-11 13:20:56+00:00,3900 Unit 120 Universal City 91608,2CE1108A-F05D-4FFD-96CB-0B3229659E8C_3900_Unit_120_Universal_City_91608,,3900 Unit 120 Universal City 91608,,,POINT (6454795.120801 1872237.522206),Incomplete_addresses_no_fraction&others_[validationResults]_554rows.csv,eGIS_Addressing_raw__2700971rows_51cols.csv
12610 N Glenoaks Blvd San Fernando 91340,,2517013047,,12610,,,North,,,Glenoaks,Boulevard,,,,,,,,,,,,,91340,,Los Angeles,San Fernando,,,,,LA City,{6761F03E-DBC3-40CC-9E4E-3FA41C8BCF6A},0,,6761F03E-DBC3-40CC-9E4E-3FA41C8BCF6A,Unknown,,N,,,Blvd,N Glenoaks Blvd,2023-09-12 23:03:18+00:00,12610 N Glenoaks Blvd San Fernando 91340,6761F03E-DBC3-40CC-9E4E-3FA41C8BCF6A_12610_N_Glenoaks_Blvd_San_Fernando_91340,Glenoaks,12610 N Glenoaks Boulevard Blvd Los Angeles 91340,,,POINT (6429120.005813 1931632.203285),Incomplete_addresses_no_fraction&others_[validationResults]_554rows.csv,eGIS_Addressing_raw__2700971rows_51cols.csv
13562 Arbolada Sylmar 91342,,2580004017,,13562,,,,,,Arbolada,,,,,,,,,,,,,,91342,,Los Angeles,Sylmar,Lake View Terrace,,,,Assessor,{FC4946CC-839E-48F3-BD13-83794452B958},0,,FC4946CC-839E-48F3-BD13-83794452B958,Unknown,,,,,,Arbolada,2024-04-27 17:13:09+00:00,13562 Arbolada Sylmar 91342,FC4946CC-839E-48F3-BD13-83794452B958_13562_Arbolada_Sylmar_91342,Arbolada,13562 Arbolada Los Angeles 91342,,,POINT (6439012.00637 1939016.13996),Incomplete_addresses_no_fraction&others_[validationResults]_554rows.csv,eGIS_Addressing_raw__2700971rows_51cols.csv
11656 Porter Ranch 91326,,2701076070,,11656,,,,,,,,,,,,,,,,,,,,91326,,Los Angeles,Porter Ranch,Northridge,,,,CAMS,{874CBAF8-72C9-49E0-A35C-3C7D49AFB547},0,,874CBAF8-72C9-49E0-A35C-3C7D49AFB547,Unknown,,,,,,,2015-04-18 08:09:59+00:00,11656 Porter Ranch 91326,874CBAF8-72C9-49E0-A35C-3C7D49AFB547_11656_Porter_Ranch_91326,,11656 Los Angeles 91326,,,POINT (6385192.503117 1926178.244048),Incomplete_addresses_no_fraction&others_[validationResults]_554rows.csv,eGIS_Addressing_raw__2700971rows_51cols.csv
23630 B Valencia Blvd Valencia 91355,,2811025063,,23630,B,,,,,Valencia,Boulevard,,,,,,,,,,,,,91355,,Santa Clarita,Valencia,Santa Clarita,,,,Santa Clarita,{BF8B0F38-0A0E-438B-8CEF-EFDFAA1D0C1F},0,,BF8B0F38-0A0E-438B-8CEF-EFDFAA1D0C1F,Unknown,,,,,Blvd,Valencia Blvd,2024-07-02 00:53:08+00:00,23630 B Valencia Blvd Valencia 91355,BF8B0F38-0A0E-438B-8CEF-EFDFAA1D0C1F_23630_B_Valencia_Blvd_Valencia_91355,Valencia,23630 B Valencia Boulevard Blvd Santa Clarita 91355,,,POINT (6396296.367064 1974457.821045),Incomplete_addresses_no_fraction&others_[validationResults]_554rows.csv,eGIS_Addressing_raw__2700971rows_51cols.csv
23630 A Valencia Blvd Valencia 91355,,2811025063,,23630,A,,,,,Valencia,Boulevard,,,,,,,,,,,,,91355,,Santa Clarita,Valencia,Santa Clarita,,,,Santa Clarita,{4AAC4F65-3CF7-4901-B058-6909FC8BA74D},0,,4AAC4F65-3CF7-4901-B058-6909FC8BA74D,Unknown,,,,,Blvd,Valencia Blvd,2024-07-02 00:53:08+00:00,23630 A Valencia Blvd Valencia 91355,4AAC4F65-3CF7-4901-B058-6909FC8BA74D_23630_A_Valencia_Blvd_Valencia_91355,Valencia,23630 A Valencia Boulevard Blvd Santa Clarita 91355,,,POINT (6396338.765929 1974596.092094),Incomplete_addresses_no_fraction&others_[validationResults]_554rows.csv,eGIS_Addressing_raw__2700971rows_51cols.csv
19414 Santa Clarita 91350,,2812083003,,19414,,,,,,,,,,,,,,,,,,,,91350,,Unincorporated,Santa Clarita,,,,,LACO DPW Add,{E594D0F6-ACB1-4341-BACE-25B68899632B},0,,E594D0F6-ACB1-4341-BACE-25B68899632B,Unknown,,,,,,,2015-05-04 20:52:54+00:00,19414 Santa Clarita 91350,E594D0F6-ACB1-4341-BACE-25B68899632B_19414_Santa_Clarita_91350,,19414 Santa Clarita 91350,,,POINT (6418388.419993 1985287.316447),Incomplete_addresses_no_fraction&others_[validationResults]_554rows.csv,eGIS_Addressing_raw__2700971rows_51cols.csv
Vista Ridge Wy Chatsworth 91311,,2819007032,,,,,,,,Vista Ridge,Way,,,,,,,,,,,,,91311,,Unincorporated,Chatsworth,,,,,LACO DPW Add,{FC02DB96-11FB-42C7-8540-77A45C1D3DCC},0,,FC02DB96-11FB-42C7-8540-77A45C1D3DCC,Unknown,,,,,Wy,Vista Ridge Wy,2024-09-14 08:24:46+00:00,Vista Ridge Wy Chatsworth 91311,FC02DB96-11FB-42C7-8540-77A45C1D3DCC__Vista_Ridge_Wy_Chatsworth_91311,Vista Ridge,Vista Ridge Way Wy Chatsworth 91311,,,POINT (6380532.906465 1926544.797121),Incomplete_addresses_no_fraction&others_[validationResults]_554rows.csv,eGIS_Addressing_raw__2700971rows_51cols.csv
21582  Chatsworth 91311,,2819007032,,21582,,,,,,,,,,,,,,,,,,,,91311,,Unincorporated,Chatsworth,,,,,LACO DPW Add,{F3AEEB68-B841-46A4-974D-35B402052750},0,,F3AEEB68-B841-46A4-974D-35B402052750,Unknown,,,,,,,2024-09-14 08:24:46+00:00,21582  Chatsworth 91311,F3AEEB68-B841-46A4-974D-35B402052750_21582__Chatsworth_91311,,21582 Chatsworth 91311,,,POINT (6380772.632035 1926733.224566),Incomplete_addresses_no_fraction&others_[validationResults]_554rows.csv,eGIS_Addressing_raw__2700971rows_51cols.csv
27426 T Navigation Ave Stevenson Ranch 91381,,2826003024,,27426,T,,,,,Navigation,Avenue,,,,,,,,,,,,,91381,,Unincorporated,Stevenson Ranch,Valencia,,,,LACO DPW Add,{46CDAD59-9CBF-4EDB-BEC6-8D74841711B7},0,,46CDAD59-9CBF-4EDB-BEC6-8D74841711B7,Unknown,,,,,Ave,Navigation Ave,2021-09-22 12:15:00+00:00,27426 T Navigation Ave Stevenson Ranch 91381,46CDAD59-9CBF-4EDB-BEC6-8D74841711B7_27426_T_Navigation_Ave_Stevenson_Ranch_91381,Navigation,27426 T Navigation Avenue Ave Stevenson Ranch 91381,,,POINT (6379971.268809 1974610.685241),Incomplete_addresses_no_fraction&others_[validationResults]_554rows.csv,eGIS_Addressing_raw__2700971rows_51cols.csv
23300 Sierra Hwy Newhall Ca 91321 Newhall 91321,,2827005014,,23300,,,,,,Sierra Hwy Newhall Ca 91321,,,,,,,,,,,,,,91321,,Santa Clarita,Newhall,,,,,Assessor,{BE7C27C2-4A78-4254-93E1-5346027C2BBB},0,,BE7C27C2-4A78-4254-93E1-5346027C2BBB,Unknown,,,,,,Sierra Hwy Newhall Ca 91321,2024-04-27 06:55:51+00:00,23300 Sierra Hwy Newhall Ca 91321 Newhall 91321,BE7C27C2-4A78-4254-93E1-5346027C2BBB_23300_Sierra_Hwy_Newhall_Ca_91321_Newhall_91321,Sierra Hwy Newhall Ca 91321,23300 Sierra Hwy Newhall Ca 91321 Santa Clarita 91321,,,POINT (6408795.09141 1954840.295976),Incomplete_addresses_no_fraction&others_[validationResults]_554rows.csv,eGIS_Addressing_raw__2700971rows_51cols.csv
24500 Main St Newhall Ca 91321 Newhall 91321,,2831006900,,24500,,,,,,Main St Newhall Ca 91321,,,,,,,,,,,,,,91321,,Santa Clarita,Newhall,,,,,Assessor,{531E21ED-DD22-41C1-AD20-4A67DD87B777},0,,531E21ED-DD22-41C1-AD20-4A67DD87B777,Unknown,,,,,,Main St Newhall Ca 91321,2024-04-27 06:55:51+00:00,24500 Main St Newhall Ca 91321 Newhall 91321,531E21ED-DD22-41C1-AD20-4A67DD87B777_24500_Main_St_Newhall_Ca_91321_Newhall_91321,Main St Newhall Ca 91321,24500 Main St Newhall Ca 91321 Santa Clarita 91321,,,POINT (6401732.561244 1961792.455956),Incomplete_addresses_no_fraction&others_[validationResults]_554rows.csv,eGIS_Addressing_raw__2700971rows_51cols.csv
Quarry Rd Sylmar 91342,,2845005018,,,,,,,,Quarry,Road,,,,,,,,,,,,,91342,,Unincorporated,Sylmar,Lake View Terrace,,,,LACO DPW Add,{126AE90F-8BC4-48EE-B317-85CDCC7CD233},0,,126AE90F-8BC4-48EE-B317-85CDCC7CD233,Unknown,,,,,Rd,Quarry Rd,2024-06-04 20:25:28+00:00,Quarry Rd Sylmar 91342,126AE90F-8BC4-48EE-B317-85CDCC7CD233__Quarry_Rd_Sylmar_91342,Quarry,Quarry Road Rd Sylmar 91342,,,POINT (6449413.139767 1938259.167065),Incomplete_addresses_no_fraction&others_[validationResults]_554rows.csv,eGIS_Addressing_raw__2700971rows_51cols.csv
11231 t Canopus Dr Sylmar 91342,,2845030021,,11231,t,,,,,Canopus,Drive,,,,,,,,,,,,,91342,,Unincorporated,Sylmar,Lake View Terrace,,,,LACO DPW Add,{9143B8B2-65B5-4094-892B-438708AAA358},0,,9143B8B2-65B5-4094-892B-438708AAA358,Unknown,,,,,Dr,Canopus Dr,2021-02-03 15:23:03+00:00,11231 t Canopus Dr Sylmar 91342,9143B8B2-65B5-4094-892B-438708AAA358_11231_t_Canopus_Dr_Sylmar_91342,Canopus,11231 t Canopus Drive Dr Sylmar 91342,,,POINT (6449029.233383 1936271.552274),Incomplete_addresses_no_fraction&others_[validationResults]_554rows.csv,eGIS_Addressing_raw__2700971rows_51cols.csv
27101 Valencia 91355,,2866003010,,27101,,,,,,,,,,,,,,,,,,,,91355,,Unincorporated,Valencia,Santa Clarita,,,,LACO DPW House Numbering Map,{7A7733F6-DA86-4189-A954-983631C08C2F},0,,7A7733F6-DA86-4189-A954-983631C08C2F,Unknown,,,,,,,2021-09-27 19:48:06+00:00,27101 Valencia 91355,7A7733F6-DA86-4189-A954-983631C08C2F_27101_Valencia_91355,,27101 Valencia 91355,,,POINT (6378380.252962 1983127.17477),Incomplete_addresses_no_fraction&others_[validationResults]_554rows.csv,eGIS_Addressing_raw__2700971rows_51cols.csv
27702 Castaic 91384,,2866016056,,27702,,,,,,,,,,,,,,,,,,,,91384,,Unincorporated,Castaic,Val Verde,,,,LACO DPW House Numbering Map,{C9392694-F4A2-457B-A585-64787B7976B9},0,,C9392694-F4A2-457B-A585-64787B7976B9,Unknown,,,,,,,2021-10-20 16:47:52+00:00,27702 Castaic 91384,C9392694-F4A2-457B-A585-64787B7976B9_27702_Castaic_91384,,27702 Castaic 91384,,,POINT (6375139.942185 1988522.260436),Incomplete_addresses_no_fraction&others_[validationResults]_554rows.csv,eGIS_Addressing_raw__2700971rows_51cols.csv
W Electric Ave La Habra 90631,,29807103,,0,,,West,,,Electric,Avenue,,,,,,,,,,,,,90631,,La Habra,La Habra,La Habra Heights,,,,La Habra,{9A2CA1DB-0FCF-435B-B943-F08F56418169},0,,9A2CA1DB-0FCF-435B-B943-F08F56418169,Unknown,,W,,,Ave,W Electric Ave,2024-11-09 05:35:18+00:00,W Electric Ave La Habra 90631,9A2CA1DB-0FCF-435B-B943-F08F56418169__W_Electric_Ave_La_Habra_90631,Electric,W Electric Avenue Ave La Habra 90631,,,POINT (6576872.108274 1796005.697307),Incomplete_addresses_no_fraction&others_[validationResults]_554rows.csv,eGIS_Addressing_raw__2700971rows_51cols.csv
Vac/Ave N3/Vic 36th St W Palmdale 93551,,3001008007,,0,,,,,,Vac/Ave N3/Vic 36th,Street,West,,,,,,,,,,,,93551,,Unincorporated,Palmdale,Quartz Hill,,,,LACO DPW House Numbering Map,{A1C07765-5835-4CF1-8892-54D0D12E626C},0,,A1C07765-5835-4CF1-8892-54D0D12E626C,Unknown,,,W,,St,Vac/Ave N3/Vic 36th St W,2015-05-01 18:04:30+00:00,Vac/Ave N3/Vic 36th St W Palmdale 93551,A1C07765-5835-4CF1-8892-54D0D12E626C__Vac/Ave_N3/Vic_36th_St_W_Palmdale_93551,Vac/Ave N3/Vic 36th,Vac/Ave N3/Vic 36th Street St W Palmdale 93551,,,POINT (6502873.763817 2051181.878227),Incomplete_addresses_no_fraction&others_[validationResults]_554rows.csv,eGIS_Addressing_raw__2700971rows_51cols.csv
40813 Vac/Cor Ave N8/36th St W Palmdale 93551,,3001008016,,40813,,,,,,Vac/Cor Ave N8/36th,Street,West,,,,,,,,,,,,93551,,Unincorporated,Palmdale,Quartz Hill,,,,LACO DPW Add,{3DEA73B0-D6B9-44E5-955D-74158C093D4C},0,,3DEA73B0-D6B9-44E5-955D-74158C093D4C,Unknown,,,W,,St,Vac/Cor Ave N8/36th St W,2024-09-14 08:24:46+00:00,40813 Vac/Cor Ave N8/36th St W Palmdale 93551,3DEA73B0-D6B9-44E5-955D-74158C093D4C_40813_Vac/Cor_Ave_N8/36th_St_W_Palmdale_93551,Vac/Cor Ave N8/36th,40813 Vac/Cor Ave N8/36th Street St W Palmdale 93551,,,POINT (6502832.190081 2049674.386491),Incomplete_addresses_no_fraction&others_[validationResults]_554rows.csv,eGIS_Addressing_raw__2700971rows_51cols.csv
Vac/Ave N4/Vic 25th St W Palmdale 93551,,3001014040,,0,,,,,,Vac/Ave N4/Vic 25th,Street,West,,,,,,,,,,,,93551,,Unincorporated,Palmdale,Quartz Hill,,,,LACO DPW House Numbering Map,{7A02C514-9DA0-4357-9EA1-D6813E684B41},0,,7A02C514-9DA0-4357-9EA1-D6813E684B41,Unknown,,,W,,St,Vac/Ave N4/Vic 25th St W,2019-08-14 12:52:36+00:00,Vac/Ave N4/Vic 25th St W Palmdale 93551,7A02C514-9DA0-4357-9EA1-D6813E684B41__Vac/Ave_N4/Vic_25th_St_W_Palmdale_93551,Vac/Ave N4/Vic 25th,Vac/Ave N4/Vic 25th Street St W Palmdale 93551,,,POINT (6509798.610203 2050627.114573),Incomplete_addresses_no_fraction&others_[validationResults]_554rows.csv,eGIS_Addressing_raw__2700971rows_51cols.csv
37440 Vac/Vic R12/Felicitas Ave Palmdale 93551,,3004022019,,37440,,,,,,Vac/Vic R12/Felicitas,Avenue,,,,,,,,,,,,,93551,,Unincorporated,Palmdale,Quartz Hill,,,,LACO DPW Add,{C4ED65C8-5EAC-4F10-9388-39B58A3E1CF6},0,,C4ED65C8-5EAC-4F10-9388-39B58A3E1CF6,Unknown,,,,,Ave,Vac/Vic R12/Felicitas Ave,2024-09-14 08:24:46+00:00,37440 Vac/Vic R12/Felicitas Ave Palmdale 93551,C4ED65C8-5EAC-4F10-9388-39B58A3E1CF6_37440_Vac/Vic_R12/Felicitas_Ave_Palmdale_93551,Vac/Vic R12/Felicitas,37440 Vac/Vic R12/Felicitas Avenue Ave Palmdale 93551,,,POINT (6517406.417166 2027424.885387),Incomplete_addresses_no_fraction&others_[validationResults]_554rows.csv,eGIS_Addressing_raw__2700971rows_51cols.csv
Vac/15th Stw/Vic Ave O12 Palmdale 93551,,3005006017,,0,,,,,,Vac/15th Stw/Vic Ave O12,,,,,,,,,,,,,,93551,,Unincorporated,Palmdale,Quartz Hill,,,,LACO DPW House Numbering Map,{A2D28A87-F10E-4BF9-8565-0FFAFF362CE0},0,,A2D28A87-F10E-4BF9-8565-0FFAFF362CE0,Unknown,,,,,,Vac/15th Stw/Vic Ave O12,2015-05-01 18:07:31+00:00,Vac/15th Stw/Vic Ave O12 Palmdale 93551,A2D28A87-F10E-4BF9-8565-0FFAFF362CE0__Vac/15th_Stw/Vic_Ave_O12_Palmdale_93551,Vac/15th Stw/Vic Ave O12,Vac/15th Stw/Vic Ave O12 Palmdale 93551,,,POINT (6514448.175379 2043121.857602),Incomplete_addresses_no_fraction&others_[validationResults]_554rows.csv,eGIS_Addressing_raw__2700971rows_51cols.csv
Vac/Cor 18th Stw/Ave O12 Palmdale 93551,,3005006028,,0,,,,,,Vac/Cor 18th Stw/Ave O12,,,,,,,,,,,,,,93551,,Unincorporated,Palmdale,Quartz Hill,,,,LACO DPW House Numbering Map,{80E69F05-3965-49A7-8F93-2A2E1F03CCFF},0,,80E69F05-3965-49A7-8F93-2A2E1F03CCFF,Unknown,,,,,,Vac/Cor 18th Stw/Ave O12,2015-05-01 18:25:17+00:00,Vac/Cor 18th Stw/Ave O12 Palmdale 93551,80E69F05-3965-49A7-8F93-2A2E1F03CCFF__Vac/Cor_18th_Stw/Ave_O12_Palmdale_93551,Vac/Cor 18th Stw/Ave O12,Vac/Cor 18th Stw/Ave O12 Palmdale 93551,,,POINT (6512446.629186 2042926.780564),Incomplete_addresses_no_fraction&others_[validationResults]_554rows.csv,eGIS_Addressing_raw__2700971rows_51cols.csv
Vac/Cor Ave O8/12th St W Palmdale 93551,,3005009026,,0,,,,,,Vac/Cor Ave O8/12th,Street,West,,,,,,,,,,,,93551,,Unincorporated,Palmdale,Quartz Hill,,,,LACO DPW House Numbering Map,{AE3D273B-5B2C-42C5-9899-259CA163D8B4},0,,AE3D273B-5B2C-42C5-9899-259CA163D8B4,Unknown,,,W,,St,Vac/Cor Ave O8/12th St W,2015-05-01 18:22:42+00:00,Vac/Cor Ave O8/12th St W Palmdale 93551,AE3D273B-5B2C-42C5-9899-259CA163D8B4__Vac/Cor_Ave_O8/12th_St_W_Palmdale_93551,Vac/Cor Ave O8/12th,Vac/Cor Ave O8/12th Street St W Palmdale 93551,,,POINT (6516193.644985 2044194.501782),Incomplete_addresses_no_fraction&others_[validationResults]_554rows.csv,eGIS_Addressing_raw__2700971rows_51cols.csv
Vac/11th Stw/Vic Ave O Palmdale 93551,,3005010027,,0,,,,,,Vac/11th Stw/Vic Ave O,,,,,,,,,,,,,,93551,,Unincorporated,Palmdale,Quartz Hill,,,,LACO DPW House Numbering Map,{B8CBE0DB-1252-4A99-9CAF-EB4B139693CF},0,,B8CBE0DB-1252-4A99-9CAF-EB4B139693CF,Unknown,,,,,,Vac/11th Stw/Vic Ave O,2018-03-13 01:30:49+00:00,Vac/11th Stw/Vic Ave O Palmdale 93551,B8CBE0DB-1252-4A99-9CAF-EB4B139693CF__Vac/11th_Stw/Vic_Ave_O_Palmdale_93551,Vac/11th Stw/Vic Ave O,Vac/11th Stw/Vic Ave O Palmdale 93551,,,POINT (6516479.549925 2046293.279736),Incomplete_addresses_no_fraction&others_[validationResults]_554rows.csv,eGIS_Addressing_raw__2700971rows_51cols.csv
Vac/12th Stw/Vic Ave O8 Palmdale 93551,,3005011026,,0,,,,,,Vac/12th Stw/Vic Ave O8,,,,,,,,,,,,,,93551,,Unincorporated,Palmdale,Quartz Hill,,,,LACO DPW House Numbering Map,{C5F1B70D-246B-45FC-9C1A-1F62D3FE8497},0,,C5F1B70D-246B-45FC-9C1A-1F62D3FE8497,Unknown,,,,,,Vac/12th Stw/Vic Ave O8,2015-05-01 18:20:59+00:00,Vac/12th Stw/Vic Ave O8 Palmdale 93551,C5F1B70D-246B-45FC-9C1A-1F62D3FE8497__Vac/12th_Stw/Vic_Ave_O8_Palmdale_93551,Vac/12th Stw/Vic Ave O8,Vac/12th Stw/Vic Ave O8 Palmdale 93551,,,POINT (6515812.73269 2046408.494729),Incomplete_addresses_no_fraction&others_[validationResults]_554rows.csv,eGIS_Addressing_raw__2700971rows_51cols.csv
40235 Vac/18th Stw/Vic Ave O4 Palmdale 93551,,3005012030,,40235,,,,,,Vac/18th Stw/Vic Ave O4,,,,,,,,,,,,,,93551,,Unincorporated,Palmdale,Quartz Hill,,,,LACO DPW Add,{0852D8B6-AFBC-47A3-88A7-DDBB2D7FB4A0},0,,0852D8B6-AFBC-47A3-88A7-DDBB2D7FB4A0,Unknown,,,,,,Vac/18th Stw/Vic Ave O4,2024-09-14 08:24:46+00:00,40235 Vac/18th Stw/Vic Ave O4 Palmdale 93551,0852D8B6-AFBC-47A3-88A7-DDBB2D7FB4A0_40235_Vac/18th_Stw/Vic_Ave_O4_Palmdale_93551,Vac/18th Stw/Vic Ave O4,40235 Vac/18th Stw/Vic Ave O4 Palmdale 93551,,,POINT (6512277.444156 2046045.629641),Incomplete_addresses_no_fraction&others_[validationResults]_554rows.csv,eGIS_Addressing_raw__2700971rows_51cols.csv
Vac/16th Stw/Vic Ave O Palmdale 93551,,3005013023,,0,,,,,,Vac/16th Stw/Vic Ave O,,,,,,,,,,,,,,93551,,Unincorporated,Palmdale,Quartz Hill,,,,LACO DPW House Numbering Map,{DC4E8698-8180-4C7F-AE31-42F1848A8E17},0,,DC4E8698-8180-4C7F-AE31-42F1848A8E17,Unknown,,,,,,Vac/16th Stw/Vic Ave O,2020-02-05 12:32:35+00:00,Vac/16th Stw/Vic Ave O Palmdale 93551,DC4E8698-8180-4C7F-AE31-42F1848A8E17__Vac/16th_Stw/Vic_Ave_O_Palmdale_93551,Vac/16th Stw/Vic Ave O,Vac/16th Stw/Vic Ave O Palmdale 93551,,,POINT (6513722.535426 2047181.924285),Incomplete_addresses_no_fraction&others_[validationResults]_554rows.csv,eGIS_Addressing_raw__2700971rows_51cols.csv
Vac/Cor 18th Stw/Ave O Palmdale 93551,,3005013048,,0,,,,,,Vac/Cor 18th Stw/Ave O,,,,,,,,,,,,,,93551,,Unincorporated,Palmdale,Quartz Hill,,,,LACO DPW Add,{C3B70008-26E1-4D37-A484-7B6FF1B371DA},0,,C3B70008-26E1-4D37-A484-7B6FF1B371DA,Unknown,,,,,,Vac/Cor 18th Stw/Ave O,2020-02-05 12:32:35+00:00,Vac/Cor 18th Stw/Ave O Palmdale 93551,C3B70008-26E1-4D37-A484-7B6FF1B371DA__Vac/Cor_18th_Stw/Ave_O_Palmdale_93551,Vac/Cor 18th Stw/Ave O,Vac/Cor 18th Stw/Ave O Palmdale 93551,,,POINT (6512721.881588 2046938.409352),Incomplete_addresses_no_fraction&others_[validationResults]_554rows.csv,eGIS_Addressing_raw__2700971rows_51cols.csv
Vac/15th Stw/Vic Ave N12 Palmdale 93551,,3005014030,,0,,,,,,Vac/15th Stw/Vic Ave N12,,,,,,,,,,,,,,93551,,Unincorporated,Palmdale,Quartz Hill,,,,LACO DPW Add,{EEDF0E2D-6C46-4FDF-B00F-39E6E1548C33},0,,EEDF0E2D-6C46-4FDF-B00F-39E6E1548C33,Unknown,,,,,,Vac/15th Stw/Vic Ave N12,2020-02-05 12:49:25+00:00,Vac/15th Stw/Vic Ave N12 Palmdale 93551,EEDF0E2D-6C46-4FDF-B00F-39E6E1548C33__Vac/15th_Stw/Vic_Ave_N12_Palmdale_93551,Vac/15th Stw/Vic Ave N12,Vac/15th Stw/Vic Ave N12 Palmdale 93551,,,POINT (6514745.016321 2047274.413601),Incomplete_addresses_no_fraction&others_[validationResults]_554rows.csv,eGIS_Addressing_raw__2700971rows_51cols.csv
Vac/15th Stw/Vic Ave O Palmdale 93551,,3005014031,,0,,,,,,Vac/15th Stw/Vic Ave O,,,,,,,,,,,,,,93551,,Unincorporated,Palmdale,Quartz Hill,,,,LACO DPW Add,{354343F5-D789-4BCF-9D37-99303D52FFA0},0,,354343F5-D789-4BCF-9D37-99303D52FFA0,Unknown,,,,,,Vac/15th Stw/Vic Ave O,2020-02-05 12:49:25+00:00,Vac/15th Stw/Vic Ave O Palmdale 93551,354343F5-D789-4BCF-9D37-99303D52FFA0__Vac/15th_Stw/Vic_Ave_O_Palmdale_93551,Vac/15th Stw/Vic Ave O,Vac/15th Stw/Vic Ave O Palmdale 93551,,,POINT (6514737.522898 2046966.824321),Incomplete_addresses_no_fraction&others_[validationResults]_554rows.csv,eGIS_Addressing_raw__2700971rows_51cols.csv
Vac/16th Stw/Vic Ave N-8 Palmdale 93551,,3005018016,,0,,,,,,Vac/16th Stw/Vic Ave N-8,,,,,,,,,,,,,,93551,,Unincorporated,Palmdale,Quartz Hill,,,,LACO DPW House Numbering Map,{E0C93779-E42B-4ACD-A81D-5C777611DC36},0,,E0C93779-E42B-4ACD-A81D-5C777611DC36,Unknown,,,,,,Vac/16th Stw/Vic Ave N-8,2015-05-01 18:26:49+00:00,Vac/16th Stw/Vic Ave N-8 Palmdale 93551,E0C93779-E42B-4ACD-A81D-5C777611DC36__Vac/16th_Stw/Vic_Ave_N-8_Palmdale_93551,Vac/16th Stw/Vic Ave N-8,Vac/16th Stw/Vic Ave N-8 Palmdale 93551,,,POINT (6513980.145147 2050057.608166),Incomplete_addresses_no_fraction&others_[validationResults]_554rows.csv,eGIS_Addressing_raw__2700971rows_51cols.csv
Vac/8th Ste/Vic Ave P12 Palmdale 93550,,3022021023,,0,,,,,,Vac/8th Ste/Vic Ave P12,,,,,,,,,,,,,,93550,,Unincorporated,Palmdale,,,,,LACO DPW House Numbering Map,{08F7A2F1-8EEF-4CCD-9494-2B2367B415C8},0,,08F7A2F1-8EEF-4CCD-9494-2B2367B415C8,Unknown,,,,,,Vac/8th Ste/Vic Ave P12,2015-05-07 21:33:26+00:00,Vac/8th Ste/Vic Ave P12 Palmdale 93550,08F7A2F1-8EEF-4CCD-9494-2B2367B415C8__Vac/8th_Ste/Vic_Ave_P12_Palmdale_93550,Vac/8th Ste/Vic Ave P12,Vac/8th Ste/Vic Ave P12 Palmdale 93550,,,POINT (6526552.734175 2037172.369829),Incomplete_addresses_no_fraction&others_[validationResults]_554rows.csv,eGIS_Addressing_raw__2700971rows_51cols.csv
926 Vac/Ave P8/Vic 10th St E Palmdale 93550,,3022022025,,926,,,,,,Vac/Ave P8/Vic 10th,Street,East,,,,,,,,,,,,93550,,Unincorporated,Palmdale,,,,,LACO DPW House Numbering Map,{28F0D6AC-2572-4585-B362-E8542AB83D4C},0,,28F0D6AC-2572-4585-B362-E8542AB83D4C,Unknown,,,E,,St,Vac/Ave P8/Vic 10th St E,2015-05-07 21:33:26+00:00,926 Vac/Ave P8/Vic 10th St E Palmdale 93550,28F0D6AC-2572-4585-B362-E8542AB83D4C_926_Vac/Ave_P8/Vic_10th_St_E_Palmdale_93550,Vac/Ave P8/Vic 10th,926 Vac/Ave P8/Vic 10th Street St E Palmdale 93550,,,POINT (6527568.91751 2038699.442562),Incomplete_addresses_no_fraction&others_[validationResults]_554rows.csv,eGIS_Addressing_raw__2700971rows_51cols.csv
Vac/8th Ste/Vic Ave P8 Palmdale 93550,,3022023003,,0,,,,,,Vac/8th Ste/Vic Ave P8,,,,,,,,,,,,,,93550,,Unincorporated,Palmdale,,,,,LACO DPW House Numbering Map,{1F58F57F-20F2-4431-AE88-70EA248931E0},0,,1F58F57F-20F2-4431-AE88-70EA248931E0,Unknown,,,,,,Vac/8th Ste/Vic Ave P8,2015-05-07 21:33:26+00:00,Vac/8th Ste/Vic Ave P8 Palmdale 93550,1F58F57F-20F2-4431-AE88-70EA248931E0__Vac/8th_Ste/Vic_Ave_P8_Palmdale_93550,Vac/8th Ste/Vic Ave P8,Vac/8th Ste/Vic Ave P8 Palmdale 93550,,,POINT (6526567.036312 2037974.077871),Incomplete_addresses_no_fraction&others_[validationResults]_554rows.csv,eGIS_Addressing_raw__2700971rows_51cols.csv
1 Palmdale 93552,,3023096020,,1,,,,,,,,,,,,,,,,,,,,93552,,Palmdale,Palmdale,,,,,CAMS,{38208F17-A25B-41B5-BFBB-01883ECFE10E},0,,38208F17-A25B-41B5-BFBB-01883ECFE10E,Unknown,,,,,,,2015-04-02 18:18:11+00:00,1 Palmdale 93552,38208F17-A25B-41B5-BFBB-01883ECFE10E_1_Palmdale_93552,,1 Palmdale 93552,,,POINT (6551992.821747 2032288.013784),Incomplete_addresses_no_fraction&others_[validationResults]_554rows.csv,eGIS_Addressing_raw__2700971rows_51cols.csv
38577 Vac/150th Ste/Vic Ave Q3 Palmdale 93591,,3029002015,,38577,,,,,,Vac/150th Ste/Vic Ave Q3,,,,,,,,,,,,,,93591,,Unincorporated,Palmdale,Lake Los Angeles,,,,LACO DPW Add,{2CA39096-00B1-45A2-B2D6-5135F7FA5024},0,,2CA39096-00B1-45A2-B2D6-5135F7FA5024,Unknown,,,,,,Vac/150th Ste/Vic Ave Q3,2024-09-14 08:24:46+00:00,38577 Vac/150th Ste/Vic Ave Q3 Palmdale 93591,2CA39096-00B1-45A2-B2D6-5135F7FA5024_38577_Vac/150th_Ste/Vic_Ave_Q3_Palmdale_93591,Vac/150th Ste/Vic Ave Q3,38577 Vac/150th Ste/Vic Ave Q3 Palmdale 93591,,,POINT (6603230.99322 2034752.004591),Incomplete_addresses_no_fraction&others_[validationResults]_554rows.csv,eGIS_Addressing_raw__2700971rows_51cols.csv
15122 Vac/Palmdale Blvd/Vic 152nd St E Palmdale 93591,,3029002029,,15122,,,,,,Vac/Palmdale Blvd/Vic 152nd,Street,East,,,,,,,,,,,,93591,,Unincorporated,Palmdale,Lake Los Angeles,,,,LACO DPW Add,{9F4AE61F-1C63-4AD0-9368-876F74E06ACE},0,,9F4AE61F-1C63-4AD0-9368-876F74E06ACE,Unknown,,,E,,St,Vac/Palmdale Blvd/Vic 152nd St E,2024-09-14 08:24:46+00:00,15122 Vac/Palmdale Blvd/Vic 152nd St E Palmdale 93591,9F4AE61F-1C63-4AD0-9368-876F74E06ACE_15122_Vac/Palmdale_Blvd/Vic_152nd_St_E_Palmdale_93591,Vac/Palmdale Blvd/Vic 152nd,15122 Vac/Palmdale Blvd/Vic 152nd Street St E Palmdale 93591,,,POINT (6603882.752087 2033874.017173),Incomplete_addresses_no_fraction&others_[validationResults]_554rows.csv,eGIS_Addressing_raw__2700971rows_51cols.csv
Vac/Palmdale Blvd/Vic 155th St E Palmdale 93591,,3029003014,,0,,,,,,Vac/Palmdale Blvd/Vic 155th,Street,East,,,,,,,,,,,,93591,,Unincorporated,Palmdale,Lake Los Angeles,,,,LACO DPW House Numbering Map,{0864F942-B51A-478F-A43E-1EC0C279C71C},0,,0864F942-B51A-478F-A43E-1EC0C279C71C,Unknown,,,E,,St,Vac/Palmdale Blvd/Vic 155th St E,2016-01-12 15:41:50+00:00,Vac/Palmdale Blvd/Vic 155th St E Palmdale 93591,0864F942-B51A-478F-A43E-1EC0C279C71C__Vac/Palmdale_Blvd/Vic_155th_St_E_Palmdale_93591,Vac/Palmdale Blvd/Vic 155th,Vac/Palmdale Blvd/Vic 155th Street St E Palmdale 93591,,,POINT (6605409.383876 2033883.723191),Incomplete_addresses_no_fraction&others_[validationResults]_554rows.csv,eGIS_Addressing_raw__2700971rows_51cols.csv
Vac/154th Ste/Vic Ave Q4 Palmdale 93591,,3029003024,,0,,,,,,Vac/154th Ste/Vic Ave Q4,,,,,,,,,,,,,,93591,,Unincorporated,Palmdale,Lake Los Angeles,,,,LACO DPW House Numbering Map,{AC39A918-8CD3-4286-B1FA-E3D7EA0E719C},0,,AC39A918-8CD3-4286-B1FA-E3D7EA0E719C,Unknown,,,,,,Vac/154th Ste/Vic Ave Q4,2019-09-11 10:35:42+00:00,Vac/154th Ste/Vic Ave Q4 Palmdale 93591,AC39A918-8CD3-4286-B1FA-E3D7EA0E719C__Vac/154th_Ste/Vic_Ave_Q4_Palmdale_93591,Vac/154th Ste/Vic Ave Q4,Vac/154th Ste/Vic Ave Q4 Palmdale 93591,,,POINT (6605411.616812 2034629.717106),Incomplete_addresses_no_fraction&others_[validationResults]_554rows.csv,eGIS_Addressing_raw__2700971rows_51cols.csv
Vac/155th Ste/Vic Ave Q4 Palmdale 93591,,3029004007,,0,,,,,,Vac/155th Ste/Vic Ave Q4,,,,,,,,,,,,,,93591,,Unincorporated,Palmdale,Lake Los Angeles,,,,LACO DPW House Numbering Map,{D3997C30-F2CC-4F85-B81C-4F206AC12297},0,,D3997C30-F2CC-4F85-B81C-4F206AC12297,Unknown,,,,,,Vac/155th Ste/Vic Ave Q4,2016-01-12 15:41:50+00:00,Vac/155th Ste/Vic Ave Q4 Palmdale 93591,D3997C30-F2CC-4F85-B81C-4F206AC12297__Vac/155th_Ste/Vic_Ave_Q4_Palmdale_93591,Vac/155th Ste/Vic Ave Q4,Vac/155th Ste/Vic Ave Q4 Palmdale 93591,,,POINT (6605388.874731 2035257.927791),Incomplete_addresses_no_fraction&others_[validationResults]_554rows.csv,eGIS_Addressing_raw__2700971rows_51cols.csv
Vac/Ave Q/Vic 155th St E Palmdale 93591,,3029004012,,0,,,,,,Vac/Ave Q/Vic 155th,Street,East,,,,,,,,,,,,93591,,Unincorporated,Palmdale,Lake Los Angeles,,,,LACO DPW House Numbering Map,{A85EF62A-98F1-4450-84CD-EF53F68A6750},0,,A85EF62A-98F1-4450-84CD-EF53F68A6750,Unknown,,,E,,St,Vac/Ave Q/Vic 155th St E,2016-01-12 15:41:50+00:00,Vac/Ave Q/Vic 155th St E Palmdale 93591,A85EF62A-98F1-4450-84CD-EF53F68A6750__Vac/Ave_Q/Vic_155th_St_E_Palmdale_93591,Vac/Ave Q/Vic 155th,Vac/Ave Q/Vic 155th Street St E Palmdale 93591,,,POINT (6605466.294196 2035693.353102),Incomplete_addresses_no_fraction&others_[validationResults]_554rows.csv,eGIS_Addressing_raw__2700971rows_51cols.csv
Vac/Ave Q1/Vic 154th St E Palmdale 93591,,3029004014,,0,,,,,,Vac/Ave Q1/Vic 154th,Street,East,,,,,,,,,,,,93591,,Unincorporated,Palmdale,Lake Los Angeles,,,,LACO DPW House Numbering Map,{F0A3E783-D409-4810-9E9E-20F20B65E590},0,,F0A3E783-D409-4810-9E9E-20F20B65E590,Unknown,,,E,,St,Vac/Ave Q1/Vic 154th St E,2016-01-12 15:41:50+00:00,Vac/Ave Q1/Vic 154th St E Palmdale 93591,F0A3E783-D409-4810-9E9E-20F20B65E590__Vac/Ave_Q1/Vic_154th_St_E_Palmdale_93591,Vac/Ave Q1/Vic 154th,Vac/Ave Q1/Vic 154th Street St E Palmdale 93591,,,POINT (6605171.422738 2035695.449226),Incomplete_addresses_no_fraction&others_[validationResults]_554rows.csv,eGIS_Addressing_raw__2700971rows_51cols.csv
Vac/Ave Q1/Vic 158th St E Palmdale 93591,,3029014032,,0,,,,,,Vac/Ave Q1/Vic 158th,Street,East,,,,,,,,,,,,93591,,Unincorporated,Palmdale,Lake Los Angeles,,,,LACO DPW House Numbering Map,{F43CB228-62A3-4C05-B30D-BD8BA5F78B4B},0,,F43CB228-62A3-4C05-B30D-BD8BA5F78B4B,Unknown,,,E,,St,Vac/Ave Q1/Vic 158th St E,2016-01-12 15:41:50+00:00,Vac/Ave Q1/Vic 158th St E Palmdale 93591,F43CB228-62A3-4C05-B30D-BD8BA5F78B4B__Vac/Ave_Q1/Vic_158th_St_E_Palmdale_93591,Vac/Ave Q1/Vic 158th,Vac/Ave Q1/Vic 158th Street St E Palmdale 93591,,,POINT (6607436.783037 2035698.918379),Incomplete_addresses_no_fraction&others_[validationResults]_554rows.csv,eGIS_Addressing_raw__2700971rows_51cols.csv
Vac/Ave Q/Vic 152nd St E Palmdale 93591,,3029015016,,0,,,,,,Vac/Ave Q/Vic 152nd,Street,East,,,,,,,,,,,,93591,,Unincorporated,Palmdale,Lake Los Angeles,,,,LACO DPW Add,{7156C1DD-D224-49D4-9690-FE1814744BD0},0,,7156C1DD-D224-49D4-9690-FE1814744BD0,Unknown,,,E,,St,Vac/Ave Q/Vic 152nd St E,2024-09-14 08:24:46+00:00,Vac/Ave Q/Vic 152nd St E Palmdale 93591,7156C1DD-D224-49D4-9690-FE1814744BD0__Vac/Ave_Q/Vic_152nd_St_E_Palmdale_93591,Vac/Ave Q/Vic 152nd,Vac/Ave Q/Vic 152nd Street St E Palmdale 93591,,,POINT (6603958.456988 2036069.662716),Incomplete_addresses_no_fraction&others_[validationResults]_554rows.csv,eGIS_Addressing_raw__2700971rows_51cols.csv
Vac/Ave Q7/Vic 152nd St E Palmdale 93591,,3029021002,,0,,,,,,Vac/Ave Q7/Vic 152nd,Street,East,,,,,,,,,,,,93591,,Unincorporated,Palmdale,Lake Los Angeles,,,,LACO DPW House Numbering Map,{16BEFAC4-6C5D-47AD-8E6C-FA83923883D1},0,,16BEFAC4-6C5D-47AD-8E6C-FA83923883D1,Unknown,,,E,,St,Vac/Ave Q7/Vic 152nd St E,2016-01-12 15:41:50+00:00,Vac/Ave Q7/Vic 152nd St E Palmdale 93591,16BEFAC4-6C5D-47AD-8E6C-FA83923883D1__Vac/Ave_Q7/Vic_152nd_St_E_Palmdale_93591,Vac/Ave Q7/Vic 152nd,Vac/Ave Q7/Vic 152nd Street St E Palmdale 93591,,,POINT (6604318.100954 2033998.406032),Incomplete_addresses_no_fraction&others_[validationResults]_554rows.csv,eGIS_Addressing_raw__2700971rows_51cols.csv
Vac/Ave Q7/Vic 151st St E Palmdale 93591,,3029021005,,0,,,,,,Vac/Ave Q7/Vic 151st,Street,East,,,,,,,,,,,,93591,,Unincorporated,Palmdale,Lake Los Angeles,,,,LACO DPW House Numbering Map,{A2A3BCA4-CD55-49E7-B764-D50D0E9F5B99},0,,A2A3BCA4-CD55-49E7-B764-D50D0E9F5B99,Unknown,,,E,,St,Vac/Ave Q7/Vic 151st St E,2016-01-12 15:41:50+00:00,Vac/Ave Q7/Vic 151st St E Palmdale 93591,A2A3BCA4-CD55-49E7-B764-D50D0E9F5B99__Vac/Ave_Q7/Vic_151st_St_E_Palmdale_93591,Vac/Ave Q7/Vic 151st,Vac/Ave Q7/Vic 151st Street St E Palmdale 93591,,,POINT (6604020.494922 2033997.020208),Incomplete_addresses_no_fraction&others_[validationResults]_554rows.csv,eGIS_Addressing_raw__2700971rows_51cols.csv
Vac/151st Ste/Vic Ave Q3 Palmdale 93591,,3029021010,,0,,,,,,Vac/151st Ste/Vic Ave Q3,,,,,,,,,,,,,,93591,,Unincorporated,Palmdale,Lake Los Angeles,,,,LACO DPW House Numbering Map,{0BB7E922-C6ED-483D-8A84-B995F5CA39E4},0,,0BB7E922-C6ED-483D-8A84-B995F5CA39E4,Unknown,,,,,,Vac/151st Ste/Vic Ave Q3,2016-01-12 15:41:50+00:00,Vac/151st Ste/Vic Ave Q3 Palmdale 93591,0BB7E922-C6ED-483D-8A84-B995F5CA39E4__Vac/151st_Ste/Vic_Ave_Q3_Palmdale_93591,Vac/151st Ste/Vic Ave Q3,Vac/151st Ste/Vic Ave Q3 Palmdale 93591,,,POINT (6603695.098919 2034505.804296),Incomplete_addresses_no_fraction&others_[validationResults]_554rows.csv,eGIS_Addressing_raw__2700971rows_51cols.csv
Vac/Ave Q1/Vic 152nd St E Palmdale 93591,,3029021020,,0,,,,,,Vac/Ave Q1/Vic 152nd,Street,East,,,,,,,,,,,,93591,,Unincorporated,Palmdale,Lake Los Angeles,,,,LACO DPW House Numbering Map,{6C8FF1C2-75CF-4283-8520-8825BF1623DE},0,,6C8FF1C2-75CF-4283-8520-8825BF1623DE,Unknown,,,E,,St,Vac/Ave Q1/Vic 152nd St E,2016-01-12 15:41:50+00:00,Vac/Ave Q1/Vic 152nd St E Palmdale 93591,6C8FF1C2-75CF-4283-8520-8825BF1623DE__Vac/Ave_Q1/Vic_152nd_St_E_Palmdale_93591,Vac/Ave Q1/Vic 152nd,Vac/Ave Q1/Vic 152nd Street St E Palmdale 93591,,,POINT (6604097.120753 2035585.502596),Incomplete_addresses_no_fraction&others_[validationResults]_554rows.csv,eGIS_Addressing_raw__2700971rows_51cols.csv
Vac/152nd Ste/Vic Ave Q7 Palmdale 93591,,3029021029,,0,,,,,,Vac/152nd Ste/Vic Ave Q7,,,,,,,,,,,,,,93591,,Unincorporated,Palmdale,Lake Los Angeles,,,,LACO DPW House Numbering Map,{C62EF46F-3909-46C8-9975-2B809AA3BC86},0,,C62EF46F-3909-46C8-9975-2B809AA3BC86,Unknown,,,,,,Vac/152nd Ste/Vic Ave Q7,2016-01-12 15:41:50+00:00,Vac/152nd Ste/Vic Ave Q7 Palmdale 93591,C62EF46F-3909-46C8-9975-2B809AA3BC86__Vac/152nd_Ste/Vic_Ave_Q7_Palmdale_93591,Vac/152nd Ste/Vic Ave Q7,Vac/152nd Ste/Vic Ave Q7 Palmdale 93591,,,POINT (6604423.278893 2034606.933358),Incomplete_addresses_no_fraction&others_[validationResults]_554rows.csv,eGIS_Addressing_raw__2700971rows_51cols.csv
Vac/Ave Q/Vic 158th St E Palmdale 93591,,3029023002,,0,,,,,,Vac/Ave Q/Vic 158th,Street,East,,,,,,,,,,,,93591,,Unincorporated,Palmdale,Lake Los Angeles,,,,LACO DPW House Numbering Map,{75DB40D5-C630-46E1-8B0D-70DF45CD8F95},0,,75DB40D5-C630-46E1-8B0D-70DF45CD8F95,Unknown,,,E,,St,Vac/Ave Q/Vic 158th St E,2016-01-12 15:41:50+00:00,Vac/Ave Q/Vic 158th St E Palmdale 93591,75DB40D5-C630-46E1-8B0D-70DF45CD8F95__Vac/Ave_Q/Vic_158th_St_E_Palmdale_93591,Vac/Ave Q/Vic 158th,Vac/Ave Q/Vic 158th Street St E Palmdale 93591,,,POINT (6606981.824957 2035700.736617),Incomplete_addresses_no_fraction&others_[validationResults]_554rows.csv,eGIS_Addressing_raw__2700971rows_51cols.csv
Vac/Ave Q1/Vic 156th St E Palmdale 93591,,3029023006,,0,,,,,,Vac/Ave Q1/Vic 156th,Street,East,,,,,,,,,,,,93591,,Unincorporated,Palmdale,Lake Los Angeles,,,,LACO DPW House Numbering Map,{970A223F-9E21-4068-B817-4701FB18D789},0,,970A223F-9E21-4068-B817-4701FB18D789,Unknown,,,E,,St,Vac/Ave Q1/Vic 156th St E,2016-01-12 15:41:50+00:00,Vac/Ave Q1/Vic 156th St E Palmdale 93591,970A223F-9E21-4068-B817-4701FB18D789__Vac/Ave_Q1/Vic_156th_St_E_Palmdale_93591,Vac/Ave Q1/Vic 156th,Vac/Ave Q1/Vic 156th Street St E Palmdale 93591,,,POINT (6606553.210985 2035702.969224),Incomplete_addresses_no_fraction&others_[validationResults]_554rows.csv,eGIS_Addressing_raw__2700971rows_51cols.csv
Vac/Palmdale Blvd/Vic 158th St E Palmdale 93591,,3029024017,,0,,,,,,Vac/Palmdale Blvd/Vic 158th,Street,East,,,,,,,,,,,,93591,,Unincorporated,Palmdale,Lake Los Angeles,,,,LACO DPW House Numbering Map,{F1B6383C-84A5-43E1-BA5C-6BB7C8C21EA2},0,,F1B6383C-84A5-43E1-BA5C-6BB7C8C21EA2,Unknown,,,E,,St,Vac/Palmdale Blvd/Vic 158th St E,2016-01-12 15:41:50+00:00,Vac/Palmdale Blvd/Vic 158th St E Palmdale 93591,F1B6383C-84A5-43E1-BA5C-6BB7C8C21EA2__Vac/Palmdale_Blvd/Vic_158th_St_E_Palmdale_93591,Vac/Palmdale Blvd/Vic 158th,Vac/Palmdale Blvd/Vic 158th Street St E Palmdale 93591,,,POINT (6606776.570447 2033889.021408),Incomplete_addresses_no_fraction&others_[validationResults]_554rows.csv,eGIS_Addressing_raw__2700971rows_51cols.csv
Vac/Palmdale Blvd/Vic 160th St E Palmdale 93591,,3029025010,,0,,,,,,Vac/Palmdale Blvd/Vic 160th,Street,East,,,,,,,,,,,,93591,,Unincorporated,Palmdale,Lake Los Angeles,,,,LACO DPW House Numbering Map,{ACDFA884-4E90-49BB-88D9-D9CD2F5A257F},0,,ACDFA884-4E90-49BB-88D9-D9CD2F5A257F,Unknown,,,E,,St,Vac/Palmdale Blvd/Vic 160th St E,2016-01-12 15:41:50+00:00,Vac/Palmdale Blvd/Vic 160th St E Palmdale 93591,ACDFA884-4E90-49BB-88D9-D9CD2F5A257F__Vac/Palmdale_Blvd/Vic_160th_St_E_Palmdale_93591,Vac/Palmdale Blvd/Vic 160th,Vac/Palmdale Blvd/Vic 160th Street St E Palmdale 93591,,,POINT (6608144.987657 2033859.350536),Incomplete_addresses_no_fraction&others_[validationResults]_554rows.csv,eGIS_Addressing_raw__2700971rows_51cols.csv
Vac/Ave Q7/Vic 158th St E Palmdale 93591,,3029026026,,0,,,,,,Vac/Ave Q7/Vic 158th,Street,East,,,,,,,,,,,,93591,,Unincorporated,Palmdale,Lake Los Angeles,,,,LACO DPW House Numbering Map,{87227439-D952-4BA4-A94C-D6606E7591A0},0,,87227439-D952-4BA4-A94C-D6606E7591A0,Unknown,,,E,,St,Vac/Ave Q7/Vic 158th St E,2016-01-12 15:41:50+00:00,Vac/Ave Q7/Vic 158th St E Palmdale 93591,87227439-D952-4BA4-A94C-D6606E7591A0__Vac/Ave_Q7/Vic_158th_St_E_Palmdale_93591,Vac/Ave Q7/Vic 158th,Vac/Ave Q7/Vic 158th Street St E Palmdale 93591,,,POINT (6607376.097791 2034004.936203),Incomplete_addresses_no_fraction&others_[validationResults]_554rows.csv,eGIS_Addressing_raw__2700971rows_51cols.csv
Vac/185 Ste/Vic Ave P6 Palmdale 93591,,3030011015,,0,,,,,,Vac/185 Ste/Vic Ave P6,,,,,,,,,,,,,,93591,,Unincorporated,Palmdale,Lake Los Angeles,,,,LACO DPW House Numbering Map,{B09103EE-99B9-4A36-9C18-DDB9785D6F3A},0,,B09103EE-99B9-4A36-9C18-DDB9785D6F3A,Unknown,,,,,,Vac/185 Ste/Vic Ave P6,2016-01-12 15:41:50+00:00,Vac/185 Ste/Vic Ave P6 Palmdale 93591,B09103EE-99B9-4A36-9C18-DDB9785D6F3A__Vac/185_Ste/Vic_Ave_P6_Palmdale_93591,Vac/185 Ste/Vic Ave P6,Vac/185 Ste/Vic Ave P6 Palmdale 93591,,,POINT (6621621.294694 2039750.173072),Incomplete_addresses_no_fraction&others_[validationResults]_554rows.csv,eGIS_Addressing_raw__2700971rows_51cols.csv
19043 Vac/Ave Q/Vic 190 St E Palmdale 93591,,3030013012,,19043,,,,,,Vac/Ave Q/Vic 190,Street,East,,,,,,,,,,,,93591,,Unincorporated,Palmdale,Lake Los Angeles,,,,LACO DPW House Numbering Map,{84BACBE0-3322-4DC5-BC58-1E677C432C24},0,,84BACBE0-3322-4DC5-BC58-1E677C432C24,Unknown,,,E,,St,Vac/Ave Q/Vic 190 St E,2016-01-12 15:41:50+00:00,19043 Vac/Ave Q/Vic 190 St E Palmdale 93591,84BACBE0-3322-4DC5-BC58-1E677C432C24_19043_Vac/Ave_Q/Vic_190_St_E_Palmdale_93591,Vac/Ave Q/Vic 190,19043 Vac/Ave Q/Vic 190 Street St E Palmdale 93591,,,POINT (6624919.475106 2036270.236134),Incomplete_addresses_no_fraction&others_[validationResults]_554rows.csv,eGIS_Addressing_raw__2700971rows_51cols.csv
Vac/Palmdale Blvd(Pav)/Vic 190 S Palmdale 93591,,3030015005,,0,,,,,,Vac/Palmdale Blvd(Pav)/Vic 190,,South,,,,,,,,,,,,93591,,Unincorporated,Palmdale,Lake Los Angeles,,,,LACO DPW House Numbering Map,{9966F0F1-95B1-4EB4-B096-DADF44B8512C},0,,9966F0F1-95B1-4EB4-B096-DADF44B8512C,Unknown,,,S,,,Vac/Palmdale Blvd(Pav)/Vic 190 S,2016-01-12 15:41:50+00:00,Vac/Palmdale Blvd(Pav)/Vic 190 S Palmdale 93591,9966F0F1-95B1-4EB4-B096-DADF44B8512C__Vac/Palmdale_Blvd(Pav)/Vic_190_S_Palmdale_93591,Vac/Palmdale Blvd(Pav)/Vic 190,Vac/Palmdale Blvd(Pav)/Vic 190 S Palmdale 93591,,,POINT (6625656.101913 2033693.955526),Incomplete_addresses_no_fraction&others_[validationResults]_554rows.csv,eGIS_Addressing_raw__2700971rows_51cols.csv
Vac/Palmdale Blvd(Pav)/Vic 200 S Palmdale 93591,,3030015009,,0,,,,,,Vac/Palmdale Blvd(Pav)/Vic 200,,South,,,,,,,,,,,,93591,,Unincorporated,Palmdale,Lake Los Angeles,,,,LACO DPW House Numbering Map,{E2092884-9EA9-4521-8700-48EB6ECF7C59},0,,E2092884-9EA9-4521-8700-48EB6ECF7C59,Unknown,,,S,,,Vac/Palmdale Blvd(Pav)/Vic 200 S,2016-01-12 15:41:50+00:00,Vac/Palmdale Blvd(Pav)/Vic 200 S Palmdale 93591,E2092884-9EA9-4521-8700-48EB6ECF7C59__Vac/Palmdale_Blvd(Pav)/Vic_200_S_Palmdale_93591,Vac/Palmdale Blvd(Pav)/Vic 200,Vac/Palmdale Blvd(Pav)/Vic 200 S Palmdale 93591,,,POINT (6628998.114258 2033712.189085),Incomplete_addresses_no_fraction&others_[validationResults]_554rows.csv,eGIS_Addressing_raw__2700971rows_51cols.csv
Vac/Ave Q(Pav)/Vic 185 St E Palmdale 93591,,3030019005,,0,,,,,,Vac/Ave Q(Pav)/Vic 185,Street,East,,,,,,,,,,,,93591,,Unincorporated,Palmdale,Lake Los Angeles,,,,LACO DPW House Numbering Map,{672AAAC0-7C1B-46EE-8C1E-FCDFACB03160},0,,672AAAC0-7C1B-46EE-8C1E-FCDFACB03160,Unknown,,,E,,St,Vac/Ave Q(Pav)/Vic 185 St E,2016-01-12 15:41:50+00:00,Vac/Ave Q(Pav)/Vic 185 St E Palmdale 93591,672AAAC0-7C1B-46EE-8C1E-FCDFACB03160__Vac/Ave_Q(Pav)/Vic_185_St_E_Palmdale_93591,Vac/Ave Q(Pav)/Vic 185,Vac/Ave Q(Pav)/Vic 185 Street St E Palmdale 93591,,,POINT (6622311.911751 2036050.645366),Incomplete_addresses_no_fraction&others_[validationResults]_554rows.csv,eGIS_Addressing_raw__2700971rows_51cols.csv
Vac/Palmdale Blvd(Pav)/Vic 185 S Palmdale 93591,,3030020004,,0,,,,,,Vac/Palmdale Blvd(Pav)/Vic 185,,South,,,,,,,,,,,,93591,,Unincorporated,Palmdale,Lake Los Angeles,,,,LACO DPW House Numbering Map,{1435C66B-9DC3-4BD8-B262-8E1B10531EF6},0,,1435C66B-9DC3-4BD8-B262-8E1B10531EF6,Unknown,,,S,,,Vac/Palmdale Blvd(Pav)/Vic 185 S,2016-01-12 15:41:50+00:00,Vac/Palmdale Blvd(Pav)/Vic 185 S Palmdale 93591,1435C66B-9DC3-4BD8-B262-8E1B10531EF6__Vac/Palmdale_Blvd(Pav)/Vic_185_S_Palmdale_93591,Vac/Palmdale Blvd(Pav)/Vic 185,Vac/Palmdale Blvd(Pav)/Vic 185 S Palmdale 93591,,,POINT (6622308.272651 2033718.608363),Incomplete_addresses_no_fraction&others_[validationResults]_554rows.csv,eGIS_Addressing_raw__2700971rows_51cols.csv
Vac/180 Ste/Vic Palmdale Blvd Palmdale 93591,,3030023084,,0,,,,,,Vac/180 Ste/Vic Palmdale,Boulevard,,,,,,,,,,,,,93591,,Unincorporated,Palmdale,Lake Los Angeles,,,,LACO DPW House Numbering Map,{5F1D7DBF-2B9B-488C-8ED6-B5CDEA51F383},0,,5F1D7DBF-2B9B-488C-8ED6-B5CDEA51F383,Unknown,,,,,Blvd,Vac/180 Ste/Vic Palmdale Blvd,2016-01-12 15:41:50+00:00,Vac/180 Ste/Vic Palmdale Blvd Palmdale 93591,5F1D7DBF-2B9B-488C-8ED6-B5CDEA51F383__Vac/180_Ste/Vic_Palmdale_Blvd_Palmdale_93591,Vac/180 Ste/Vic Palmdale,Vac/180 Ste/Vic Palmdale Boulevard Blvd Palmdale 93591,,,POINT (6619200.157804 2034427.611211),Incomplete_addresses_no_fraction&others_[validationResults]_554rows.csv,eGIS_Addressing_raw__2700971rows_51cols.csv
12609 Pearblossom 93553,,3038011025,,12609,,,,,,,,,,,,,,,,,,,,93553,,Unincorporated,Pearblossom,,,,,LACO DPW House Numbering Map,{B759BAE0-E3B2-4C56-B023-57FEAEB7CE3E},0,,B759BAE0-E3B2-4C56-B023-57FEAEB7CE3E,Unknown,,,,,,,2017-10-11 12:43:49+00:00,12609 Pearblossom 93553,B759BAE0-E3B2-4C56-B023-57FEAEB7CE3E_12609_Pearblossom_93553,,12609 Pearblossom 93553,,,POINT (6590313.793989 2004118.318483),Incomplete_addresses_no_fraction&others_[validationResults]_554rows.csv,eGIS_Addressing_raw__2700971rows_51cols.csv
11053  Unit A Littlerock 93543,,3041023014,,11053,,,,,,,,,,,,,,,,,,Unit,A,93543,,Unincorporated,Littlerock,,,,,LACO DPW Add,{7BF043C7-BF75-46DE-AF11-B764AE607A47},0,,7BF043C7-BF75-46DE-AF11-B764AE607A47,Unknown,,,,,,,2024-07-10 22:57:58+00:00,11053  Unit A Littlerock 93543,7BF043C7-BF75-46DE-AF11-B764AE607A47_11053__Unit_A_Littlerock_93543,,11053 Unit A Littlerock 93543,,,POINT (6582073.412504 2029506.660094),Incomplete_addresses_no_fraction&others_[validationResults]_554rows.csv,eGIS_Addressing_raw__2700971rows_51cols.csv
Vac/Barrel Spr(Pav)/Palmdale Hil Palmdale 93552,,3048004020,,0,,,,,,Vac/Barrel Spr(Pav)/Palmdale Hil,,,,,,,,,,,,,,93552,,Unincorporated,Palmdale,,,,,LACO DPW House Numbering Map,{5B322FAE-7DA0-4C4A-AD0C-FA7BD903C3A6},0,,5B322FAE-7DA0-4C4A-AD0C-FA7BD903C3A6,Unknown,,,,,,Vac/Barrel Spr(Pav)/Palmdale Hil,2015-05-07 21:35:21+00:00,Vac/Barrel Spr(Pav)/Palmdale Hil Palmdale 93552,5B322FAE-7DA0-4C4A-AD0C-FA7BD903C3A6__Vac/Barrel_Spr(Pav)/Palmdale_Hil_Palmdale_93552,Vac/Barrel Spr(Pav)/Palmdale Hil,Vac/Barrel Spr(Pav)/Palmdale Hil Palmdale 93552,,,POINT (6546670.66474 2013581.746734),Incomplete_addresses_no_fraction&others_[validationResults]_554rows.csv,eGIS_Addressing_raw__2700971rows_51cols.csv
Vac/Cor Palmdale Hil/Barrel Spri Palmdale 93552,,3048004025,,0,,,,,,Vac/Cor Palmdale Hil/Barrel Spri,,,,,,,,,,,,,,93552,,Unincorporated,Palmdale,,,,,LACO DPW House Numbering Map,{6244F127-6446-476F-BE85-49F4A62BBA6E},0,,6244F127-6446-476F-BE85-49F4A62BBA6E,Unknown,,,,,,Vac/Cor Palmdale Hil/Barrel Spri,2015-05-07 21:35:21+00:00,Vac/Cor Palmdale Hil/Barrel Spri Palmdale 93552,6244F127-6446-476F-BE85-49F4A62BBA6E__Vac/Cor_Palmdale_Hil/Barrel_Spri_Palmdale_93552,Vac/Cor Palmdale Hil/Barrel Spri,Vac/Cor Palmdale Hil/Barrel Spri Palmdale 93552,,,POINT (6545800.451585 2014043.822582),Incomplete_addresses_no_fraction&others_[validationResults]_554rows.csv,eGIS_Addressing_raw__2700971rows_51cols.csv
Vac/47th Ste(Pav)/Alida Ln Palmdale 93552,,3048005013,,0,,,,,,Vac/47th Ste(Pav)/Alida,Lane,,,,,,,,,,,,,93552,,Unincorporated,Palmdale,,,,,LACO DPW House Numbering Map,{4E194537-7CFD-4902-ABCB-46B6DD5AF79A},0,,4E194537-7CFD-4902-ABCB-46B6DD5AF79A,Unknown,,,,,Ln,Vac/47th Ste(Pav)/Alida Ln,2015-05-07 21:35:21+00:00,Vac/47th Ste(Pav)/Alida Ln Palmdale 93552,4E194537-7CFD-4902-ABCB-46B6DD5AF79A__Vac/47th_Ste(Pav)/Alida_Ln_Palmdale_93552,Vac/47th Ste(Pav)/Alida,Vac/47th Ste(Pav)/Alida Lane Ln Palmdale 93552,,,POINT (6547569.802705 2013992.651096),Incomplete_addresses_no_fraction&others_[validationResults]_554rows.csv,eGIS_Addressing_raw__2700971rows_51cols.csv
Vac/Cor 47th(Pav)/Barrel Spri(Pa Palmdale 93552,,3048007007,,0,,,,,,Vac/Cor 47th(Pav)/Barrel Spri(Pa,,,,,,,,,,,,,,93552,,Unincorporated,Palmdale,,,,,LACO DPW House Numbering Map,{156BB23C-1BB5-4474-B1A0-0FFCF32F7DE8},0,,156BB23C-1BB5-4474-B1A0-0FFCF32F7DE8,Unknown,,,,,,Vac/Cor 47th(Pav)/Barrel Spri(Pa,2015-05-07 21:35:21+00:00,Vac/Cor 47th(Pav)/Barrel Spri(Pa Palmdale 93552,156BB23C-1BB5-4474-B1A0-0FFCF32F7DE8__Vac/Cor_47th(Pav)/Barrel_Spri(Pa_Palmdale_93552,Vac/Cor 47th(Pav)/Barrel Spri(Pa,Vac/Cor 47th(Pav)/Barrel Spri(Pa Palmdale 93552,,,POINT (6547867.202045 2012493.138019),Incomplete_addresses_no_fraction&others_[validationResults]_554rows.csv,eGIS_Addressing_raw__2700971rows_51cols.csv
Vac/Rozalee Dr/Vic Harold Date Palmdale 93550,,3053017030,,0,,,,,,Vac/Rozalee Dr/Vic Harold Date,,,,,,,,,,,,,,93550,,Unincorporated,Palmdale,,,,,LACO DPW Add,{73E4D3BD-49CF-453F-A850-BFD5A94BA3BD},0,,73E4D3BD-49CF-453F-A850-BFD5A94BA3BD,Unknown,,,,,,Vac/Rozalee Dr/Vic Harold Date,2024-09-14 08:24:46+00:00,Vac/Rozalee Dr/Vic Harold Date Palmdale 93550,73E4D3BD-49CF-453F-A850-BFD5A94BA3BD__Vac/Rozalee_Dr/Vic_Harold_Date_Palmdale_93550,Vac/Rozalee Dr/Vic Harold Date,Vac/Rozalee Dr/Vic Harold Date Palmdale 93550,,,POINT (6527289.73467 2020446.242848),Incomplete_addresses_no_fraction&others_[validationResults]_554rows.csv,eGIS_Addressing_raw__2700971rows_51cols.csv
2200 Palmdale 93550,,3053029018,,2200,,,,,,,,,,,,,,,,,,,,93550,,Unincorporated,Palmdale,,,,,LACO DPW House Numbering Map,{C0EA98EC-518A-454A-9075-81FF7355DC9B},0,,C0EA98EC-518A-454A-9075-81FF7355DC9B,Unknown,,,,,,,2015-05-04 20:53:04+00:00,2200 Palmdale 93550,C0EA98EC-518A-454A-9075-81FF7355DC9B_2200_Palmdale_93550,,2200 Palmdale 93550,,,POINT (6537491.358952 2013093.995085),Incomplete_addresses_no_fraction&others_[validationResults]_554rows.csv,eGIS_Addressing_raw__2700971rows_51cols.csv
Vac/Barrel Sprgs/Vic Lake Pointe Palmdale 93550,,3053062048,,0,,,,,,Vac/Barrel Sprgs/Vic Lake Pointe,,,,,,,,,,,,,,93550,,Unincorporated,Palmdale,,,,,LACO DPW Add,{75250647-430E-4056-900B-00FDDB4A72E5},0,,75250647-430E-4056-900B-00FDDB4A72E5,Unknown,,,,,,Vac/Barrel Sprgs/Vic Lake Pointe,2024-09-14 08:24:46+00:00,Vac/Barrel Sprgs/Vic Lake Pointe Palmdale 93550,75250647-430E-4056-900B-00FDDB4A72E5__Vac/Barrel_Sprgs/Vic_Lake_Pointe_Palmdale_93550,Vac/Barrel Sprgs/Vic Lake Pointe,Vac/Barrel Sprgs/Vic Lake Pointe Palmdale 93550,,,POINT (6526217.484846 2019763.615604),Incomplete_addresses_no_fraction&others_[validationResults]_554rows.csv,eGIS_Addressing_raw__2700971rows_51cols.csv
1014 Palmdale 93551,,3054016017,,1014,,,,,,,,,,,,,,,,,,,,93551,,Unincorporated,Palmdale,Quartz Hill,,,,LACO DPW House Numbering Map,{E9887F2E-F101-4325-8EF4-4F5EE427367E},0,,E9887F2E-F101-4325-8EF4-4F5EE427367E,Unknown,,,,,,,2020-08-11 12:57:07+00:00,1014 Palmdale 93551,E9887F2E-F101-4325-8EF4-4F5EE427367E_1014_Palmdale_93551,,1014 Palmdale 93551,,,POINT (6517621.088981 2019647.179157),Incomplete_addresses_no_fraction&others_[validationResults]_554rows.csv,eGIS_Addressing_raw__2700971rows_51cols.csv
Vac/El Camino(1w)/Vic Ave S12 Palmdale 93551,,3054022020,,0,,,,,,Vac/El Camino(1w)/Vic Ave S12,,,,,,,,,,,,,,93551,,Unincorporated,Palmdale,Quartz Hill,,,,LACO DPW House Numbering Map,{C989EC06-0817-430E-B456-65D307142E37},0,,C989EC06-0817-430E-B456-65D307142E37,Unknown,,,,,,Vac/El Camino(1w)/Vic Ave S12,2015-05-07 21:33:26+00:00,Vac/El Camino(1w)/Vic Ave S12 Palmdale 93551,C989EC06-0817-430E-B456-65D307142E37__Vac/El_Camino(1w)/Vic_Ave_S12_Palmdale_93551,Vac/El Camino(1w)/Vic Ave S12,Vac/El Camino(1w)/Vic Ave S12 Palmdale 93551,,,POINT (6521822.740355 2020475.549548),Incomplete_addresses_no_fraction&others_[validationResults]_554rows.csv,eGIS_Addressing_raw__2700971rows_51cols.csv
625 Vac/Tierra Subida(6w)/Vic Ave S4 Palmdale 93551,,3054027105,,625,,,,,,Vac/Tierra Subida(6w)/Vic Ave S4,,,,,,,,,,,,,,93551,,Unincorporated,Palmdale,Quartz Hill,,,,LACO DPW House Numbering Map,{D0889457-A8B8-4D78-A558-192244C93637},0,,D0889457-A8B8-4D78-A558-192244C93637,Unknown,,,,,,Vac/Tierra Subida(6w)/Vic Ave S4,2015-05-07 21:33:26+00:00,625 Vac/Tierra Subida(6w)/Vic Ave S4 Palmdale 93551,D0889457-A8B8-4D78-A558-192244C93637_625_Vac/Tierra_Subida(6w)/Vic_Ave_S4_Palmdale_93551,Vac/Tierra Subida(6w)/Vic Ave S4,625 Vac/Tierra Subida(6w)/Vic Ave S4 Palmdale 93551,,,POINT (6518831.627242 2022438.77364),Incomplete_addresses_no_fraction&others_[validationResults]_554rows.csv,eGIS_Addressing_raw__2700971rows_51cols.csv
Vac/Juniper R Ln/Vic Esada Wy Palmdale 93550,,3056003096,,0,,,,,,Vac/Juniper R Ln/Vic Esada,Way,,,,,,,,,,,,,93550,,Unincorporated,Palmdale,,,,,LACO DPW House Numbering Map,{380EEC25-F944-4087-B347-6796DD5F4B24},0,,380EEC25-F944-4087-B347-6796DD5F4B24,Unknown,,,,,Wy,Vac/Juniper R Ln/Vic Esada Wy,2015-05-01 18:06:18+00:00,Vac/Juniper R Ln/Vic Esada Wy Palmdale 93550,380EEC25-F944-4087-B347-6796DD5F4B24__Vac/Juniper_R_Ln/Vic_Esada_Wy_Palmdale_93550,Vac/Juniper R Ln/Vic Esada,Vac/Juniper R Ln/Vic Esada Way Wy Palmdale 93550,,,POINT (6528058.384379 1994756.876904),Incomplete_addresses_no_fraction&others_[validationResults]_554rows.csv,eGIS_Addressing_raw__2700971rows_51cols.csv
Vac/Sierra Hwy (Pav)/Vic Mt Spri Palmdale 93550,,3056004033,,0,,,,,,Vac/Sierra Hwy (Pav)/Vic Mt Spri,,,,,,,,,,,,,,93550,,Unincorporated,Palmdale,,,,,LACO DPW House Numbering Map,{CC11FDFF-946C-47F9-AB9C-604A0E882534},0,,CC11FDFF-946C-47F9-AB9C-604A0E882534,Unknown,,,,,,Vac/Sierra Hwy (Pav)/Vic Mt Spri,2015-05-01 18:06:18+00:00,Vac/Sierra Hwy (Pav)/Vic Mt Spri Palmdale 93550,CC11FDFF-946C-47F9-AB9C-604A0E882534__Vac/Sierra_Hwy_(Pav)/Vic_Mt_Spri_Palmdale_93550,Vac/Sierra Hwy (Pav)/Vic Mt Spri,Vac/Sierra Hwy (Pav)/Vic Mt Spri Palmdale 93550,,,POINT (6524795.412231 2003284.353615),Incomplete_addresses_no_fraction&others_[validationResults]_554rows.csv,eGIS_Addressing_raw__2700971rows_51cols.csv
Soledad Pass Rd Palmdale 93550,,3056010044,,0,,,,,,Soledad Pass,Road,,,,,,,,,,,,,93550,,Unincorporated,Palmdale,,,,,LACO DPW House Numbering Map,{5A7C20EB-271F-480F-B53F-E5F832820415},0,,5A7C20EB-271F-480F-B53F-E5F832820415,Unknown,,,,,Rd,Soledad Pass Rd,2015-05-01 18:35:37+00:00,Soledad Pass Rd Palmdale 93550,5A7C20EB-271F-480F-B53F-E5F832820415__Soledad_Pass_Rd_Palmdale_93550,Soledad Pass,Soledad Pass Road Rd Palmdale 93550,,,POINT (6533906.968811 2000223.373845),Incomplete_addresses_no_fraction&others_[validationResults]_554rows.csv,eGIS_Addressing_raw__2700971rows_51cols.csv
Vac/Soledad Pass(Drt)/Vic Hillsi Palmdale 93550,,3056011043,,0,,,,,,Vac/Soledad Pass(Drt)/Vic Hillsi,,,,,,,,,,,,,,93550,,Unincorporated,Palmdale,,,,,LACO DPW House Numbering Map,{81C314FC-2838-4233-BC07-54DC85028965},0,,81C314FC-2838-4233-BC07-54DC85028965,Unknown,,,,,,Vac/Soledad Pass(Drt)/Vic Hillsi,2015-05-01 18:24:21+00:00,Vac/Soledad Pass(Drt)/Vic Hillsi Palmdale 93550,81C314FC-2838-4233-BC07-54DC85028965__Vac/Soledad_Pass(Drt)/Vic_Hillsi_Palmdale_93550,Vac/Soledad Pass(Drt)/Vic Hillsi,Vac/Soledad Pass(Drt)/Vic Hillsi Palmdale 93550,,,POINT (6530612.749021 2000092.568004),Incomplete_addresses_no_fraction&others_[validationResults]_554rows.csv,eGIS_Addressing_raw__2700971rows_51cols.csv
Vac/Sierra Hwy/Vic Angeles Fores Palmdale 93550,,3056014047,,0,,,,,,Vac/Sierra Hwy/Vic Angeles Fores,,,,,,,,,,,,,,93550,,Unincorporated,Palmdale,,,,,LACO DPW House Numbering Map,{7ADB94F7-FF6D-44E2-8B18-E349BAD02B31},0,,7ADB94F7-FF6D-44E2-8B18-E349BAD02B31,Unknown,,,,,,Vac/Sierra Hwy/Vic Angeles Fores,2015-05-01 18:22:13+00:00,Vac/Sierra Hwy/Vic Angeles Fores Palmdale 93550,7ADB94F7-FF6D-44E2-8B18-E349BAD02B31__Vac/Sierra_Hwy/Vic_Angeles_Fores_Palmdale_93550,Vac/Sierra Hwy/Vic Angeles Fores,Vac/Sierra Hwy/Vic Angeles Fores Palmdale 93550,,,POINT (6524016.52304 2002323.603568),Incomplete_addresses_no_fraction&others_[validationResults]_554rows.csv,eGIS_Addressing_raw__2700971rows_51cols.csv
Vac/Soledad Cyn/Vic Santiagord Acton 93510,,3056024013,,0,,,,,,Vac/Soledad Cyn/Vic Santiagord,,,,,,,,,,,,,,93510,,Unincorporated,Acton,,,,,LACO DPW House Numbering Map,{6E45B695-DD26-4513-A17D-8C0B6DF0CCE5},0,,6E45B695-DD26-4513-A17D-8C0B6DF0CCE5,Unknown,,,,,,Vac/Soledad Cyn/Vic Santiagord,2015-05-01 18:06:18+00:00,Vac/Soledad Cyn/Vic Santiagord Acton 93510,6E45B695-DD26-4513-A17D-8C0B6DF0CCE5__Vac/Soledad_Cyn/Vic_Santiagord_Acton_93510,Vac/Soledad Cyn/Vic Santiagord,Vac/Soledad Cyn/Vic Santiagord Acton 93510,,,POINT (6513908.62987 1997352.978995),Incomplete_addresses_no_fraction&others_[validationResults]_554rows.csv,eGIS_Addressing_raw__2700971rows_51cols.csv
Vac/Santiago Rd/Vic Accord Pl Acton 93510,,3056024025,,0,,,,,,Vac/Santiago Rd/Vic Accord,Place,,,,,,,,,,,,,93510,,Unincorporated,Acton,,,,,LACO DPW House Numbering Map,{B9B15E74-BA1C-48F3-9D51-0402DF790DAB},0,,B9B15E74-BA1C-48F3-9D51-0402DF790DAB,Unknown,,,,,Pl,Vac/Santiago Rd/Vic Accord Pl,2015-05-01 18:04:47+00:00,Vac/Santiago Rd/Vic Accord Pl Acton 93510,B9B15E74-BA1C-48F3-9D51-0402DF790DAB__Vac/Santiago_Rd/Vic_Accord_Pl_Acton_93510,Vac/Santiago Rd/Vic Accord,Vac/Santiago Rd/Vic Accord Place Pl Acton 93510,,,POINT (6511320.802041 1996279.840721),Incomplete_addresses_no_fraction&others_[validationResults]_554rows.csv,eGIS_Addressing_raw__2700971rows_51cols.csv
Vac/Carson Mesa Rd/Vic Aliso Cyn Acton 93510,,3056025012,,0,,,,,,Vac/Carson Mesa Rd/Vic Aliso Cyn,,,,,,,,,,,,,,93510,,Unincorporated,Acton,,,,,LACO DPW House Numbering Map,{AEEE3988-1E66-47D0-AD80-55500230959C},0,,AEEE3988-1E66-47D0-AD80-55500230959C,Unknown,,,,,,Vac/Carson Mesa Rd/Vic Aliso Cyn,2015-05-01 18:16:54+00:00,Vac/Carson Mesa Rd/Vic Aliso Cyn Acton 93510,AEEE3988-1E66-47D0-AD80-55500230959C__Vac/Carson_Mesa_Rd/Vic_Aliso_Cyn_Acton_93510,Vac/Carson Mesa Rd/Vic Aliso Cyn,Vac/Carson Mesa Rd/Vic Aliso Cyn Acton 93510,,,POINT (6512697.021401 1994336.716327),Incomplete_addresses_no_fraction&others_[validationResults]_554rows.csv,eGIS_Addressing_raw__2700971rows_51cols.csv
Vac/Calle Del Roja/Vic Kentucky Acton 93510,,3056027032,,0,,,,,,Vac/Calle Del Roja/Vic Kentucky,,,,,,,,,,,,,,93510,,Unincorporated,Acton,,,,,LACO DPW House Numbering Map,{8E69AE1A-C1EC-46CF-B235-ACB1237AAC4F},0,,8E69AE1A-C1EC-46CF-B235-ACB1237AAC4F,Unknown,,,,,,Vac/Calle Del Roja/Vic Kentucky,2015-05-01 18:02:29+00:00,Vac/Calle Del Roja/Vic Kentucky Acton 93510,8E69AE1A-C1EC-46CF-B235-ACB1237AAC4F__Vac/Calle_Del_Roja/Vic_Kentucky_Acton_93510,Vac/Calle Del Roja/Vic Kentucky,Vac/Calle Del Roja/Vic Kentucky Acton 93510,,,POINT (6520041.134338 1996767.930953),Incomplete_addresses_no_fraction&others_[validationResults]_554rows.csv,eGIS_Addressing_raw__2700971rows_51cols.csv
Vac/El Dorado Dr/Vic Aliso Canyo Acton 93510,,3056033062,,0,,,,,,Vac/El Dorado Dr/Vic Aliso Canyo,,,,,,,,,,,,,,93510,,Unincorporated,Acton,,,,,LACO DPW House Numbering Map,{1D5DF9C5-000C-4B49-AD53-3AA1A6C70F80},0,,1D5DF9C5-000C-4B49-AD53-3AA1A6C70F80,Unknown,,,,,,Vac/El Dorado Dr/Vic Aliso Canyo,2020-10-07 13:37:35+00:00,Vac/El Dorado Dr/Vic Aliso Canyo Acton 93510,1D5DF9C5-000C-4B49-AD53-3AA1A6C70F80__Vac/El_Dorado_Dr/Vic_Aliso_Canyo_Acton_93510,Vac/El Dorado Dr/Vic Aliso Canyo,Vac/El Dorado Dr/Vic Aliso Canyo Acton 93510,,,POINT (6514516.079443 1992719.990886),Incomplete_addresses_no_fraction&others_[validationResults]_554rows.csv,eGIS_Addressing_raw__2700971rows_51cols.csv
Vac/El Dorado Dr/Vic Aliso Cyn R Acton 93510,,3056033065,,0,,,,,,Vac/El Dorado Dr/Vic Aliso Cyn R,,,,,,,,,,,,,,93510,,Unincorporated,Acton,,,,,LACO DPW House Numbering Map,{FC685A1D-9AB1-4F2E-82BE-65DE5EB53D0C},0,,FC685A1D-9AB1-4F2E-82BE-65DE5EB53D0C,Unknown,,,,,,Vac/El Dorado Dr/Vic Aliso Cyn R,2015-05-01 18:07:45+00:00,Vac/El Dorado Dr/Vic Aliso Cyn R Acton 93510,FC685A1D-9AB1-4F2E-82BE-65DE5EB53D0C__Vac/El_Dorado_Dr/Vic_Aliso_Cyn_R_Acton_93510,Vac/El Dorado Dr/Vic Aliso Cyn R,Vac/El Dorado Dr/Vic Aliso Cyn R Acton 93510,,,POINT (6514657.384278 1992709.90626),Incomplete_addresses_no_fraction&others_[validationResults]_554rows.csv,eGIS_Addressing_raw__2700971rows_51cols.csv
1544 Vac/Peaceful Valley Ex/Vic Rebel Palmdale 93551,,3057003015,,1544,,,,,,Vac/Peaceful Valley Ex/Vic Rebel,,,,,,,,,,,,,,93551,,Unincorporated,Palmdale,Quartz Hill,,,,LACO DPW House Numbering Map,{58087E3F-5E3A-4C37-923E-659637AA3990},0,,58087E3F-5E3A-4C37-923E-659637AA3990,Unknown,,,,,,Vac/Peaceful Valley Ex/Vic Rebel,2015-05-01 18:11:44+00:00,1544 Vac/Peaceful Valley Ex/Vic Rebel Palmdale 93551,58087E3F-5E3A-4C37-923E-659637AA3990_1544_Vac/Peaceful_Valley_Ex/Vic_Rebel_Palmdale_93551,Vac/Peaceful Valley Ex/Vic Rebel,1544 Vac/Peaceful Valley Ex/Vic Rebel Palmdale 93551,,,POINT (6515860.494077 2011816.375921),Incomplete_addresses_no_fraction&others_[validationResults]_554rows.csv,eGIS_Addressing_raw__2700971rows_51cols.csv
Vac/Arksey Ave/Vic Cardiac Ranch Acton 93510,,3057010021,,0,,,,,,Vac/Arksey Ave/Vic Cardiac Ranch,,,,,,,,,,,,,,93510,,Unincorporated,Acton,,,,,LACO DPW House Numbering Map,{7EE58918-6EBF-48F1-A7E9-B4E5DF989E03},0,,7EE58918-6EBF-48F1-A7E9-B4E5DF989E03,Unknown,,,,,,Vac/Arksey Ave/Vic Cardiac Ranch,2015-05-01 18:23:28+00:00,Vac/Arksey Ave/Vic Cardiac Ranch Acton 93510,7EE58918-6EBF-48F1-A7E9-B4E5DF989E03__Vac/Arksey_Ave/Vic_Cardiac_Ranch_Acton_93510,Vac/Arksey Ave/Vic Cardiac Ranch,Vac/Arksey Ave/Vic Cardiac Ranch Acton 93510,,,POINT (6519520.487741 2005392.003928),Incomplete_addresses_no_fraction&others_[validationResults]_554rows.csv,eGIS_Addressing_raw__2700971rows_51cols.csv
Vac/Sierra Hwy(Pav)/Vic Listie A Acton 93510,,3057014001,,0,,,,,,Vac/Sierra Hwy(Pav)/Vic Listie A,,,,,,,,,,,,,,93510,,Unincorporated,Acton,,,,,LACO DPW House Numbering Map,{58666BDC-A936-404A-8167-2A35AD20A214},0,,58666BDC-A936-404A-8167-2A35AD20A214,Unknown,,,,,,Vac/Sierra Hwy(Pav)/Vic Listie A,2015-05-01 18:22:13+00:00,Vac/Sierra Hwy(Pav)/Vic Listie A Acton 93510,58666BDC-A936-404A-8167-2A35AD20A214__Vac/Sierra_Hwy(Pav)/Vic_Listie_A_Acton_93510,Vac/Sierra Hwy(Pav)/Vic Listie A,Vac/Sierra Hwy(Pav)/Vic Listie A Acton 93510,,,POINT (6514066.766037 1999645.97605),Incomplete_addresses_no_fraction&others_[validationResults]_554rows.csv,eGIS_Addressing_raw__2700971rows_51cols.csv
1688 Vac/Sierra Hwy/Vic San Gabriel A Acton 93510,,3057015033,,1688,,,,,,Vac/Sierra Hwy/Vic San Gabriel A,,,,,,,,,,,,,,93510,,Unincorporated,Acton,,,,,LACO DPW House Numbering Map,{E0E906E6-C7F8-40C3-AFF2-6EA98F5AC384},0,,E0E906E6-C7F8-40C3-AFF2-6EA98F5AC384,Unknown,,,,,,Vac/Sierra Hwy/Vic San Gabriel A,2015-05-01 18:10:13+00:00,1688 Vac/Sierra Hwy/Vic San Gabriel A Acton 93510,E0E906E6-C7F8-40C3-AFF2-6EA98F5AC384_1688_Vac/Sierra_Hwy/Vic_San_Gabriel_A_Acton_93510,Vac/Sierra Hwy/Vic San Gabriel A,1688 Vac/Sierra Hwy/Vic San Gabriel A Acton 93510,,,POINT (6517511.939593 1999533.648846),Incomplete_addresses_no_fraction&others_[validationResults]_554rows.csv,eGIS_Addressing_raw__2700971rows_51cols.csv
Vac/Desert Rd/Vic Sierra Hwy Acton 93510,,3057023002,,0,,,,,,Vac/Desert Rd/Vic Sierra,Highway,,,,,,,,,,,,,93510,,Unincorporated,Acton,,,,,LACO DPW House Numbering Map,{5D693344-CD3D-4068-9A34-68F940D9464D},0,,5D693344-CD3D-4068-9A34-68F940D9464D,Unknown,,,,,Hwy,Vac/Desert Rd/Vic Sierra Hwy,2015-05-01 18:08:00+00:00,Vac/Desert Rd/Vic Sierra Hwy Acton 93510,5D693344-CD3D-4068-9A34-68F940D9464D__Vac/Desert_Rd/Vic_Sierra_Hwy_Acton_93510,Vac/Desert Rd/Vic Sierra,Vac/Desert Rd/Vic Sierra Highway Hwy Acton 93510,,,POINT (6512354.533241 2001216.394825),Incomplete_addresses_no_fraction&others_[validationResults]_554rows.csv,eGIS_Addressing_raw__2700971rows_51cols.csv
Vac/Desert Rd/Vic Antelope St Acton 93510,,3057023005,,0,,,,,,Vac/Desert Rd/Vic Antelope,Street,,,,,,,,,,,,,93510,,Unincorporated,Acton,,,,,LACO DPW House Numbering Map,{DEC899D3-B6FF-4F09-B329-A1D878D97B3B},0,,DEC899D3-B6FF-4F09-B329-A1D878D97B3B,Unknown,,,,,St,Vac/Desert Rd/Vic Antelope St,2015-05-01 18:09:59+00:00,Vac/Desert Rd/Vic Antelope St Acton 93510,DEC899D3-B6FF-4F09-B329-A1D878D97B3B__Vac/Desert_Rd/Vic_Antelope_St_Acton_93510,Vac/Desert Rd/Vic Antelope,Vac/Desert Rd/Vic Antelope Street St Acton 93510,,,POINT (6512347.298676 2001619.238507),Incomplete_addresses_no_fraction&others_[validationResults]_554rows.csv,eGIS_Addressing_raw__2700971rows_51cols.csv
Vac/Clanfield St/Vic Desert Rd Acton 93510,,3057023013,,0,,,,,,Vac/Clanfield St/Vic Desert,Road,,,,,,,,,,,,,93510,,Unincorporated,Acton,,,,,LACO DPW House Numbering Map,{B868BA09-2EDE-4D50-BF3D-1970E7CE7404},0,,B868BA09-2EDE-4D50-BF3D-1970E7CE7404,Unknown,,,,,Rd,Vac/Clanfield St/Vic Desert Rd,2015-05-01 18:12:58+00:00,Vac/Clanfield St/Vic Desert Rd Acton 93510,B868BA09-2EDE-4D50-BF3D-1970E7CE7404__Vac/Clanfield_St/Vic_Desert_Rd_Acton_93510,Vac/Clanfield St/Vic Desert,Vac/Clanfield St/Vic Desert Road Rd Acton 93510,,,POINT (6512458.918859 2002576.077801),Incomplete_addresses_no_fraction&others_[validationResults]_554rows.csv,eGIS_Addressing_raw__2700971rows_51cols.csv
Vac/Desert Rd/Vic Clanfield St Acton 93510,,3057023016,,0,,,,,,Vac/Desert Rd/Vic Clanfield,Street,,,,,,,,,,,,,93510,,Unincorporated,Acton,,,,,LACO DPW House Numbering Map,{D7C6369D-C80F-4E26-9A29-5E9E1F5A3100},0,,D7C6369D-C80F-4E26-9A29-5E9E1F5A3100,Unknown,,,,,St,Vac/Desert Rd/Vic Clanfield St,2015-05-01 18:19:47+00:00,Vac/Desert Rd/Vic Clanfield St Acton 93510,D7C6369D-C80F-4E26-9A29-5E9E1F5A3100__Vac/Desert_Rd/Vic_Clanfield_St_Acton_93510,Vac/Desert Rd/Vic Clanfield,Vac/Desert Rd/Vic Clanfield Street St Acton 93510,,,POINT (6511903.810061 2002644.512703),Incomplete_addresses_no_fraction&others_[validationResults]_554rows.csv,eGIS_Addressing_raw__2700971rows_51cols.csv
Courtney Ter Acton 93510,,3057025018,,0,,,,,,Courtney,Terrace,,,,,,,,,,,,,93510,,Unincorporated,Acton,,,,,LACO DPW House Numbering Map,{27477DC7-C958-422D-BC7A-19C009A93B9D},0,,27477DC7-C958-422D-BC7A-19C009A93B9D,Unknown,,,,,Ter,Courtney Ter,2019-10-01 15:50:31+00:00,Courtney Ter Acton 93510,27477DC7-C958-422D-BC7A-19C009A93B9D__Courtney_Ter_Acton_93510,Courtney,Courtney Terrace Ter Acton 93510,,,POINT (6513632.760015 2005288.495604),Incomplete_addresses_no_fraction&others_[validationResults]_554rows.csv,eGIS_Addressing_raw__2700971rows_51cols.csv
Vac/Katrina St(Nog)/Vic Mary Rd Acton 93510,,3057028004,,0,,,,,,Vac/Katrina St(Nog)/Vic Mary,Road,,,,,,,,,,,,,93510,,Unincorporated,Acton,,,,,LACO DPW House Numbering Map,{DB5BF2CD-E942-4F2A-85AE-434EF987948A},0,,DB5BF2CD-E942-4F2A-85AE-434EF987948A,Unknown,,,,,Rd,Vac/Katrina St(Nog)/Vic Mary Rd,2015-05-01 18:11:25+00:00,Vac/Katrina St(Nog)/Vic Mary Rd Acton 93510,DB5BF2CD-E942-4F2A-85AE-434EF987948A__Vac/Katrina_St(Nog)/Vic_Mary_Rd_Acton_93510,Vac/Katrina St(Nog)/Vic Mary,Vac/Katrina St(Nog)/Vic Mary Road Rd Acton 93510,,,POINT (6515837.976405 2006244.076042),Incomplete_addresses_no_fraction&others_[validationResults]_554rows.csv,eGIS_Addressing_raw__2700971rows_51cols.csv
Vac/Indian Oak Rd/Vic Lake Meado Acton 93510,,3058026008,,0,,,,,,Vac/Indian Oak Rd/Vic Lake Meado,,,,,,,,,,,,,,93510,,Unincorporated,Acton,,,,,LACO DPW House Numbering Map,{883C9855-FC97-464F-8152-D244A62135BF},0,,883C9855-FC97-464F-8152-D244A62135BF,Unknown,,,,,,Vac/Indian Oak Rd/Vic Lake Meado,2015-05-01 18:04:00+00:00,Vac/Indian Oak Rd/Vic Lake Meado Acton 93510,883C9855-FC97-464F-8152-D244A62135BF__Vac/Indian_Oak_Rd/Vic_Lake_Meado_Acton_93510,Vac/Indian Oak Rd/Vic Lake Meado,Vac/Indian Oak Rd/Vic Lake Meado Acton 93510,,,POINT (6506406.345991 1990149.904819),Incomplete_addresses_no_fraction&others_[validationResults]_554rows.csv,eGIS_Addressing_raw__2700971rows_51cols.csv
Pallett Creek Rd Valyermo 93563,,3060008017,,0,,,,,,Pallett Creek,Road,,,,,,,,,,,,,93563,,Unincorporated,Valyermo,,,,,LACO DPW House Numbering Map,{1DA0221B-3983-4BB0-9D02-B9BC1662A089},0,,1DA0221B-3983-4BB0-9D02-B9BC1662A089,Unknown,,,,,Rd,Pallett Creek Rd,2015-05-07 20:45:33+00:00,Pallett Creek Rd Valyermo 93563,1DA0221B-3983-4BB0-9D02-B9BC1662A089__Pallett_Creek_Rd_Valyermo_93563,Pallett Creek,Pallett Creek Road Rd Valyermo 93563,,,POINT (6593895.141813 1988804.846485),Incomplete_addresses_no_fraction&others_[validationResults]_554rows.csv,eGIS_Addressing_raw__2700971rows_51cols.csv
Longview Ave Pearblossom 93553,,3060015004,,0,,,,,,Longview,Avenue,,,,,,,,,,,,,93553,,Unincorporated,Pearblossom,,,,,LACO DPW House Numbering Map,{DC9DA627-4B81-4933-A738-B657369ED3F2},0,,DC9DA627-4B81-4933-A738-B657369ED3F2,Unknown,,,,,Ave,Longview Ave,2015-05-07 20:45:33+00:00,Longview Ave Pearblossom 93553,DC9DA627-4B81-4933-A738-B657369ED3F2__Longview_Ave_Pearblossom_93553,Longview,Longview Avenue Ave Pearblossom 93553,,,POINT (6592395.523093 1984600.179041),Incomplete_addresses_no_fraction&others_[validationResults]_554rows.csv,eGIS_Addressing_raw__2700971rows_51cols.csv
Tumbleweed Rd Pearblossom 93553,,3060020089,,0,,,,,,Tumbleweed,Road,,,,,,,,,,,,,93553,,Unincorporated,Pearblossom,,,,,LACO DPW House Numbering Map,{AE4A65D9-146F-4C9A-B5D7-41D702352B29},0,,AE4A65D9-146F-4C9A-B5D7-41D702352B29,Unknown,,,,,Rd,Tumbleweed Rd,2015-05-07 20:45:33+00:00,Tumbleweed Rd Pearblossom 93553,AE4A65D9-146F-4C9A-B5D7-41D702352B29__Tumbleweed_Rd_Pearblossom_93553,Tumbleweed,Tumbleweed Road Rd Pearblossom 93553,,,POINT (6594981.069759 1982626.535023),Incomplete_addresses_no_fraction&others_[validationResults]_554rows.csv,eGIS_Addressing_raw__2700971rows_51cols.csv
Vac/Peach Tree Ln/Vic Ave X Pearblossom 93553,,3060033004,,0,,,,,,Vac/Peach Tree Ln/Vic Ave X,,,,,,,,,,,,,,93553,,Unincorporated,Pearblossom,,,,,LACO DPW House Numbering Map,{ACE6FB7A-8E1B-4A99-A433-4DE165B2C16C},0,,ACE6FB7A-8E1B-4A99-A433-4DE165B2C16C,Unknown,,,,,,Vac/Peach Tree Ln/Vic Ave X,2015-05-01 18:02:29+00:00,Vac/Peach Tree Ln/Vic Ave X Pearblossom 93553,ACE6FB7A-8E1B-4A99-A433-4DE165B2C16C__Vac/Peach_Tree_Ln/Vic_Ave_X_Pearblossom_93553,Vac/Peach Tree Ln/Vic Ave X,Vac/Peach Tree Ln/Vic Ave X Pearblossom 93553,,,POINT (6592100.256295 1998295.232032),Incomplete_addresses_no_fraction&others_[validationResults]_554rows.csv,eGIS_Addressing_raw__2700971rows_51cols.csv
165th St E Llano 93544,,3061029011,,0,,,,,,165th,Street,East,,,,,,,,,,,,93544,,Unincorporated,Llano,,,,,LACO DPW House Numbering Map,{C7759BBF-E7BB-4DF4-BB5E-183B1A11FD2B},0,,C7759BBF-E7BB-4DF4-BB5E-183B1A11FD2B,Unknown,,,E,,St,165th St E,2015-05-07 20:45:33+00:00,165th St E Llano 93544,C7759BBF-E7BB-4DF4-BB5E-183B1A11FD2B__165th_St_E_Llano_93544,165th,165th Street St E Llano 93544,,,POINT (6608154.893149 1993515.248154),Incomplete_addresses_no_fraction&others_[validationResults]_554rows.csv,eGIS_Addressing_raw__2700971rows_51cols.csv
Vac/Newmont Ave/Vic 158th E Lancaster 93535,,3069004003,,0,,,,,,Vac/Newmont Ave/Vic 158th,,East,,,,,,,,,,,,93535,,Unincorporated,Lancaster,Hi Vista,,,,LACO DPW House Numbering Map,{96C68752-D7F6-421A-A603-0A0D7D0920CD},0,,96C68752-D7F6-421A-A603-0A0D7D0920CD,Unknown,,,E,,,Vac/Newmont Ave/Vic 158th E,2016-01-12 13:43:55+00:00,Vac/Newmont Ave/Vic 158th E Lancaster 93535,96C68752-D7F6-421A-A603-0A0D7D0920CD__Vac/Newmont_Ave/Vic_158th_E_Lancaster_93535,Vac/Newmont Ave/Vic 158th,Vac/Newmont Ave/Vic 158th E Lancaster 93535,,,POINT (6606769.102942 2048858.739172),Incomplete_addresses_no_fraction&others_[validationResults]_554rows.csv,eGIS_Addressing_raw__2700971rows_51cols.csv
Vac/Viewmontt(Pav)/Vic 158th S Lancaster 93535,,3069005019,,0,,,,,,Vac/Viewmontt(Pav)/Vic 158th,,South,,,,,,,,,,,,93535,,Unincorporated,Lancaster,Hi Vista,,,,LACO DPW House Numbering Map,{CF4E8F5D-DC23-42C3-80AF-934A099FB8A8},0,,CF4E8F5D-DC23-42C3-80AF-934A099FB8A8,Unknown,,,S,,,Vac/Viewmontt(Pav)/Vic 158th S,2016-01-12 13:43:55+00:00,Vac/Viewmontt(Pav)/Vic 158th S Lancaster 93535,CF4E8F5D-DC23-42C3-80AF-934A099FB8A8__Vac/Viewmontt(Pav)/Vic_158th_S_Lancaster_93535,Vac/Viewmontt(Pav)/Vic 158th,Vac/Viewmontt(Pav)/Vic 158th S Lancaster 93535,,,POINT (6606861.285172 2049017.904536),Incomplete_addresses_no_fraction&others_[validationResults]_554rows.csv,eGIS_Addressing_raw__2700971rows_51cols.csv
Vac/150th E/151st E/Vic Ave N12 Lancaster 93535,,3069010007,,0,,,,,,Vac/150th E/151st E/Vic Ave N12,,,,,,,,,,,,,,93535,,Unincorporated,Lancaster,Hi Vista,,,,LACO DPW House Numbering Map,{F66C31AF-81C2-4145-9C84-7C684B84068A},0,,F66C31AF-81C2-4145-9C84-7C684B84068A,Unknown,,,,,,Vac/150th E/151st E/Vic Ave N12,2016-01-12 13:43:55+00:00,Vac/150th E/151st E/Vic Ave N12 Lancaster 93535,F66C31AF-81C2-4145-9C84-7C684B84068A__Vac/150th_E/151st_E/Vic_Ave_N12_Lancaster_93535,Vac/150th E/151st E/Vic Ave N12,Vac/150th E/151st E/Vic Ave N12 Lancaster 93535,,,POINT (6603431.520706 2048767.934892),Incomplete_addresses_no_fraction&others_[validationResults]_554rows.csv,eGIS_Addressing_raw__2700971rows_51cols.csv
Vac/Newmont Ave/(Nog)Ave N8/152 Lancaster 93535,,3069010014,,0,,,,,,Vac/Newmont Ave/(Nog)Ave N8/152,,,,,,,,,,,,,,93535,,Unincorporated,Lancaster,Hi Vista,,,,LACO DPW House Numbering Map,{B185D983-2C62-44E8-AC04-B5D67C462D75},0,,B185D983-2C62-44E8-AC04-B5D67C462D75,Unknown,,,,,,Vac/Newmont Ave/(Nog)Ave N8/152,2016-01-12 13:43:55+00:00,Vac/Newmont Ave/(Nog)Ave N8/152 Lancaster 93535,B185D983-2C62-44E8-AC04-B5D67C462D75__Vac/Newmont_Ave/(Nog)Ave_N8/152_Lancaster_93535,Vac/Newmont Ave/(Nog)Ave N8/152,Vac/Newmont Ave/(Nog)Ave N8/152 Lancaster 93535,,,POINT (6603668.402122 2049045.686961),Incomplete_addresses_no_fraction&others_[validationResults]_554rows.csv,eGIS_Addressing_raw__2700971rows_51cols.csv
Vac/Newmont Ave/(Nog)Ave N8/152E Lancaster 93535,,3069010015,,0,,,,,,Vac/Newmont Ave/(Nog)Ave N8/152E,,,,,,,,,,,,,,93535,,Unincorporated,Lancaster,Hi Vista,,,,LACO DPW House Numbering Map,{7F4EEC93-B74E-4BCC-8189-873B3B3EE98B},0,,7F4EEC93-B74E-4BCC-8189-873B3B3EE98B,Unknown,,,,,,Vac/Newmont Ave/(Nog)Ave N8/152E,2016-01-12 13:43:55+00:00,Vac/Newmont Ave/(Nog)Ave N8/152E Lancaster 93535,7F4EEC93-B74E-4BCC-8189-873B3B3EE98B__Vac/Newmont_Ave/(Nog)Ave_N8/152E_Lancaster_93535,Vac/Newmont Ave/(Nog)Ave N8/152E,Vac/Newmont Ave/(Nog)Ave N8/152E Lancaster 93535,,,POINT (6603768.571869 2049045.686961),Incomplete_addresses_no_fraction&others_[validationResults]_554rows.csv,eGIS_Addressing_raw__2700971rows_51cols.csv
Vac/Newmont Ave /Vic 152nd E Lancaster 93535,,3069011016,,0,,,,,,Vac/Newmont Ave /Vic 152nd,,East,,,,,,,,,,,,93535,,Unincorporated,Lancaster,Hi Vista,,,,LACO DPW House Numbering Map,{B52528D0-3783-414F-849A-95143EA3972A},0,,B52528D0-3783-414F-849A-95143EA3972A,Unknown,,,E,,,Vac/Newmont Ave /Vic 152nd E,2016-01-12 13:43:55+00:00,Vac/Newmont Ave /Vic 152nd E Lancaster 93535,B52528D0-3783-414F-849A-95143EA3972A__Vac/Newmont_Ave_/Vic_152nd_E_Lancaster_93535,Vac/Newmont Ave /Vic 152nd,Vac/Newmont Ave /Vic 152nd E Lancaster 93535,,,POINT (6604178.335157 2048888.574415),Incomplete_addresses_no_fraction&others_[validationResults]_554rows.csv,eGIS_Addressing_raw__2700971rows_51cols.csv
Vac/Newmont Av/Vic Grey Stallion Lancaster 93535,,3069011022,,0,,,,,,Vac/Newmont Av/Vic Grey Stallion,,,,,,,,,,,,,,93535,,Unincorporated,Lancaster,Hi Vista,,,,LACO DPW House Numbering Map,{E6773C61-371A-4DF0-8D11-7808BD833888},0,,E6773C61-371A-4DF0-8D11-7808BD833888,Unknown,,,,,,Vac/Newmont Av/Vic Grey Stallion,2016-01-12 13:43:55+00:00,Vac/Newmont Av/Vic Grey Stallion Lancaster 93535,E6773C61-371A-4DF0-8D11-7808BD833888__Vac/Newmont_Av/Vic_Grey_Stallion_Lancaster_93535,Vac/Newmont Av/Vic Grey Stallion,Vac/Newmont Av/Vic Grey Stallion Lancaster 93535,,,POINT (6604832.944084 2048888.574415),Incomplete_addresses_no_fraction&others_[validationResults]_554rows.csv,eGIS_Addressing_raw__2700971rows_51cols.csv
Vac/Newmont Ave/Vic 15snd E Lancaster 93535,,3069012005,,0,,,,,,Vac/Newmont Ave/Vic 15snd,,East,,,,,,,,,,,,93535,,Unincorporated,Lancaster,Hi Vista,,,,LACO DPW House Numbering Map,{EDC5A827-D967-4383-AC28-05A512318828},0,,EDC5A827-D967-4383-AC28-05A512318828,Unknown,,,E,,,Vac/Newmont Ave/Vic 15snd E,2016-01-12 13:43:55+00:00,Vac/Newmont Ave/Vic 15snd E Lancaster 93535,EDC5A827-D967-4383-AC28-05A512318828__Vac/Newmont_Ave/Vic_15snd_E_Lancaster_93535,Vac/Newmont Ave/Vic 15snd,Vac/Newmont Ave/Vic 15snd E Lancaster 93535,,,POINT (6604832.300385 2049036.445182),Incomplete_addresses_no_fraction&others_[validationResults]_554rows.csv,eGIS_Addressing_raw__2700971rows_51cols.csv
Vac/(Nog)Ave N8/Valeport Ave Lancaster 93535,,3069013007,,0,,,,,,Vac/(Nog)Ave N8/Valeport,Avenue,,,,,,,,,,,,,93535,,Unincorporated,Lancaster,Hi Vista,,,,LACO DPW House Numbering Map,{395FE924-3D1B-4D8E-8D11-A2E48AEF0032},0,,395FE924-3D1B-4D8E-8D11-A2E48AEF0032,Unknown,,,,,Ave,Vac/(Nog)Ave N8/Valeport Ave,2016-01-12 13:43:55+00:00,Vac/(Nog)Ave N8/Valeport Ave Lancaster 93535,395FE924-3D1B-4D8E-8D11-A2E48AEF0032__Vac/(Nog)Ave_N8/Valeport_Ave_Lancaster_93535,Vac/(Nog)Ave N8/Valeport,Vac/(Nog)Ave N8/Valeport Avenue Ave Lancaster 93535,,,POINT (6606350.145446 2049834.742798),Incomplete_addresses_no_fraction&others_[validationResults]_554rows.csv,eGIS_Addressing_raw__2700971rows_51cols.csv
Vac/Cor(Nog) Ave N8/(Nog)155th E Lancaster 93535,,3069013009,,0,,,,,,Vac/Cor(Nog) Ave N8/(Nog)155th,,East,,,,,,,,,,,,93535,,Unincorporated,Lancaster,Hi Vista,,,,LACO DPW House Numbering Map,{6E5CABFE-BA2A-42F0-936D-95DEBC9E6DEE},0,,6E5CABFE-BA2A-42F0-936D-95DEBC9E6DEE,Unknown,,,E,,,Vac/Cor(Nog) Ave N8/(Nog)155th E,2016-01-12 13:43:55+00:00,Vac/Cor(Nog) Ave N8/(Nog)155th E Lancaster 93535,6E5CABFE-BA2A-42F0-936D-95DEBC9E6DEE__Vac/Cor(Nog)_Ave_N8/(Nog)155th_E_Lancaster_93535,Vac/Cor(Nog) Ave N8/(Nog)155th,Vac/Cor(Nog) Ave N8/(Nog)155th E Lancaster 93535,,,POINT (6606051.849783 2049531.26309),Incomplete_addresses_no_fraction&others_[validationResults]_554rows.csv,eGIS_Addressing_raw__2700971rows_51cols.csv
Vac/(Nog)155th E/Vic (Nog)Ave N8 Lancaster 93535,,3069013010,,0,,,,,,Vac/(Nog)155th E/Vic (Nog)Ave N8,,,,,,,,,,,,,,93535,,Unincorporated,Lancaster,Hi Vista,,,,LACO DPW House Numbering Map,{A7FD82A0-0604-41F8-B571-4FD30462ACCE},0,,A7FD82A0-0604-41F8-B571-4FD30462ACCE,Unknown,,,,,,Vac/(Nog)155th E/Vic (Nog)Ave N8,2016-01-12 13:43:55+00:00,Vac/(Nog)155th E/Vic (Nog)Ave N8 Lancaster 93535,A7FD82A0-0604-41F8-B571-4FD30462ACCE__Vac/(Nog)155th_E/Vic_(Nog)Ave_N8_Lancaster_93535,Vac/(Nog)155th E/Vic (Nog)Ave N8,Vac/(Nog)155th E/Vic (Nog)Ave N8 Lancaster 93535,,,POINT (6606068.528227 2049625.005684),Incomplete_addresses_no_fraction&others_[validationResults]_554rows.csv,eGIS_Addressing_raw__2700971rows_51cols.csv
Vac/(Nog)155th E/156th E/Vic N8 Lancaster 93535,,3069013019,,0,,,,,,Vac/(Nog)155th E/156th E/Vic N8,,,,,,,,,,,,,,93535,,Unincorporated,Lancaster,Hi Vista,,,,LACO DPW House Numbering Map,{005A6FE2-7786-4001-8CE2-6BC6F69A7424},0,,005A6FE2-7786-4001-8CE2-6BC6F69A7424,Unknown,,,,,,Vac/(Nog)155th E/156th E/Vic N8,2016-01-12 13:43:55+00:00,Vac/(Nog)155th E/156th E/Vic N8 Lancaster 93535,005A6FE2-7786-4001-8CE2-6BC6F69A7424__Vac/(Nog)155th_E/156th_E/Vic_N8_Lancaster_93535,Vac/(Nog)155th E/156th E/Vic N8,Vac/(Nog)155th E/156th E/Vic N8 Lancaster 93535,,,POINT (6606068.528227 2050576.569726),Incomplete_addresses_no_fraction&others_[validationResults]_554rows.csv,eGIS_Addressing_raw__2700971rows_51cols.csv
Vac/(Nog) Ave N/Cor (Nog)160th E Lancaster 93535,,3069015009,,0,,,,,,Vac/(Nog) Ave N/Cor (Nog)160th,,East,,,,,,,,,,,,93535,,Unincorporated,Lancaster,Hi Vista,,,,LACO DPW House Numbering Map,{860C9DD7-0121-4B25-A5A4-C0C221909248},0,,860C9DD7-0121-4B25-A5A4-C0C221909248,Unknown,,,E,,,Vac/(Nog) Ave N/Cor (Nog)160th E,2016-01-12 13:43:55+00:00,Vac/(Nog) Ave N/Cor (Nog)160th E Lancaster 93535,860C9DD7-0121-4B25-A5A4-C0C221909248__Vac/(Nog)_Ave_N/Cor_(Nog)160th_E_Lancaster_93535,Vac/(Nog) Ave N/Cor (Nog)160th,Vac/(Nog) Ave N/Cor (Nog)160th E Lancaster 93535,,,POINT (6607897.292286 2052004.900859),Incomplete_addresses_no_fraction&others_[validationResults]_554rows.csv,eGIS_Addressing_raw__2700971rows_51cols.csv
Vac/(Nog)160th E/Vic Ave N Lancaster 93535,,3069015010,,0,,,,,,Vac/(Nog)160th E/Vic,Avenue,North,,,,,,,,,,,,93535,,Unincorporated,Lancaster,Hi Vista,,,,LACO DPW House Numbering Map,{DD8DC946-3312-4757-B040-F9F9D5648286},0,,DD8DC946-3312-4757-B040-F9F9D5648286,Unknown,,,N,,Ave,Vac/(Nog)160th E/Vic Ave N,2016-01-12 13:43:55+00:00,Vac/(Nog)160th E/Vic Ave N Lancaster 93535,DD8DC946-3312-4757-B040-F9F9D5648286__Vac/(Nog)160th_E/Vic_Ave_N_Lancaster_93535,Vac/(Nog)160th E/Vic,Vac/(Nog)160th E/Vic Avenue Ave N Lancaster 93535,,,POINT (6607879.754592 2051896.594973),Incomplete_addresses_no_fraction&others_[validationResults]_554rows.csv,eGIS_Addressing_raw__2700971rows_51cols.csv
Vac/156th E/Vic Valeport Ave Lancaster 93535,,3069017009,,0,,,,,,Vac/156th E/Vic Valeport,Avenue,,,,,,,,,,,,,93535,,Unincorporated,Lancaster,Hi Vista,,,,LACO DPW House Numbering Map,{2667E053-73D7-4066-B767-B0FFF3F20381},0,,2667E053-73D7-4066-B767-B0FFF3F20381,Unknown,,,,,Ave,Vac/156th E/Vic Valeport Ave,2016-01-12 13:43:55+00:00,Vac/156th E/Vic Valeport Ave Lancaster 93535,2667E053-73D7-4066-B767-B0FFF3F20381__Vac/156th_E/Vic_Valeport_Ave_Lancaster_93535,Vac/156th E/Vic Valeport,Vac/156th E/Vic Valeport Avenue Ave Lancaster 93535,,,POINT (6606241.045599 2050384.430675),Incomplete_addresses_no_fraction&others_[validationResults]_554rows.csv,eGIS_Addressing_raw__2700971rows_51cols.csv
Vac/156th E/Vic Ave N4 Lancaster 93535,,3069017015,,0,,,,,,Vac/156th E/Vic Ave N4,,,,,,,,,,,,,,93535,,Unincorporated,Lancaster,Hi Vista,,,,LACO DPW House Numbering Map,{728CE302-FF3D-4D21-A135-6245F9777622},0,,728CE302-FF3D-4D21-A135-6245F9777622,Unknown,,,,,,Vac/156th E/Vic Ave N4,2016-01-12 13:43:55+00:00,Vac/156th E/Vic Ave N4 Lancaster 93535,728CE302-FF3D-4D21-A135-6245F9777622__Vac/156th_E/Vic_Ave_N4_Lancaster_93535,Vac/156th E/Vic Ave N4,Vac/156th E/Vic Ave N4 Lancaster 93535,,,POINT (6606224.520041 2050991.954394),Incomplete_addresses_no_fraction&others_[validationResults]_554rows.csv,eGIS_Addressing_raw__2700971rows_51cols.csv
Vac/Mossdale Ave/Vic 158th E Lancaster 93535,,3069017023,,0,,,,,,Vac/Mossdale Ave/Vic 158th,,East,,,,,,,,,,,,93535,,Unincorporated,Lancaster,Hi Vista,,,,LACO DPW House Numbering Map,{6C581347-8E49-4BCD-8209-1B7E42FCEA74},0,,6C581347-8E49-4BCD-8209-1B7E42FCEA74,Unknown,,,E,,,Vac/Mossdale Ave/Vic 158th E,2016-01-12 13:43:55+00:00,Vac/Mossdale Ave/Vic 158th E Lancaster 93535,6C581347-8E49-4BCD-8209-1B7E42FCEA74__Vac/Mossdale_Ave/Vic_158th_E_Lancaster_93535,Vac/Mossdale Ave/Vic 158th,Vac/Mossdale Ave/Vic 158th E Lancaster 93535,,,POINT (6606815.281655 2051542.114383),Incomplete_addresses_no_fraction&others_[validationResults]_554rows.csv,eGIS_Addressing_raw__2700971rows_51cols.csv
Vac/(Drt)Ave N/Vic 158th E Lancaster 93535,,3069018017,,0,,,,,,Vac/(Drt)Ave N/Vic 158th,,East,,,,,,,,,,,,93535,,Unincorporated,Lancaster,Hi Vista,,,,LACO DPW House Numbering Map,{D4EFC5BD-2D93-4844-837B-9F8C54000EE8},0,,D4EFC5BD-2D93-4844-837B-9F8C54000EE8,Unknown,,,E,,,Vac/(Drt)Ave N/Vic 158th E,2016-01-12 13:43:55+00:00,Vac/(Drt)Ave N/Vic 158th E Lancaster 93535,D4EFC5BD-2D93-4844-837B-9F8C54000EE8__Vac/(Drt)Ave_N/Vic_158th_E_Lancaster_93535,Vac/(Drt)Ave N/Vic 158th,Vac/(Drt)Ave N/Vic 158th E Lancaster 93535,,,POINT (6606608.849981 2051691.16461),Incomplete_addresses_no_fraction&others_[validationResults]_554rows.csv,eGIS_Addressing_raw__2700971rows_51cols.csv
16163 Lancaster 93535,,3070019019,,16163,,,,,,,,,,,,,,,,,,,,93535,,Unincorporated,Lancaster,Hi Vista,,,,LACO DPW Add,{7292ADE1-AFBA-464C-928F-3067A56BCE6E},0,,7292ADE1-AFBA-464C-928F-3067A56BCE6E,Unknown,,,,,,,2016-01-12 13:43:55+00:00,16163 Lancaster 93535,7292ADE1-AFBA-464C-928F-3067A56BCE6E_16163_Lancaster_93535,,16163 Lancaster 93535,,,POINT (6609504.339925 2051688.342437),Incomplete_addresses_no_fraction&others_[validationResults]_554rows.csv,eGIS_Addressing_raw__2700971rows_51cols.csv
Vac/164 Ste/Vic Ave Q Palmdale 93591,,3074006012,,0,,,,,,Vac/164 Ste/Vic Ave Q,,,,,,,,,,,,,,93591,,Unincorporated,Palmdale,Lake Los Angeles,,,,LACO DPW House Numbering Map,{AF5B2971-6693-4D21-96CE-6688736E3501},0,,AF5B2971-6693-4D21-96CE-6688736E3501,Unknown,,,,,,Vac/164 Ste/Vic Ave Q,2016-01-12 15:41:50+00:00,Vac/164 Ste/Vic Ave Q Palmdale 93591,AF5B2971-6693-4D21-96CE-6688736E3501__Vac/164_Ste/Vic_Ave_Q_Palmdale_93591,Vac/164 Ste/Vic Ave Q,Vac/164 Ste/Vic Ave Q Palmdale 93591,,,POINT (6610719.599962 2037228.738482),Incomplete_addresses_no_fraction&others_[validationResults]_554rows.csv,eGIS_Addressing_raw__2700971rows_51cols.csv
Vac/161st Ste/Vic Starbury Ave Palmdale 93591,,3074008030,,0,,,,,,Vac/161st Ste/Vic Starbury,Avenue,,,,,,,,,,,,,93591,,Unincorporated,Palmdale,Lake Los Angeles,,,,LACO DPW House Numbering Map,{AD4E7604-EF4B-4041-B3AE-A41B497368F7},0,,AD4E7604-EF4B-4041-B3AE-A41B497368F7,Unknown,,,,,Ave,Vac/161st Ste/Vic Starbury Ave,2016-01-12 15:41:50+00:00,Vac/161st Ste/Vic Starbury Ave Palmdale 93591,AD4E7604-EF4B-4041-B3AE-A41B497368F7__Vac/161st_Ste/Vic_Starbury_Ave_Palmdale_93591,Vac/161st Ste/Vic Starbury,Vac/161st Ste/Vic Starbury Avenue Ave Palmdale 93591,,,POINT (6608888.221735 2037580.572752),Incomplete_addresses_no_fraction&others_[validationResults]_554rows.csv,eGIS_Addressing_raw__2700971rows_51cols.csv
Vac/Wells Fargo Ave/Vic 161 St E Palmdale 93591,,3074020010,,0,,,,,,Vac/Wells Fargo Ave/Vic 161,Street,East,,,,,,,,,,,,93591,,Unincorporated,Palmdale,Lake Los Angeles,,,,LACO DPW House Numbering Map,{5A7F32C9-57F7-4C2F-BB44-628936DE4201},0,,5A7F32C9-57F7-4C2F-BB44-628936DE4201,Unknown,,,E,,St,Vac/Wells Fargo Ave/Vic 161 St E,2016-01-12 15:41:50+00:00,Vac/Wells Fargo Ave/Vic 161 St E Palmdale 93591,5A7F32C9-57F7-4C2F-BB44-628936DE4201__Vac/Wells_Fargo_Ave/Vic_161_St_E_Palmdale_93591,Vac/Wells Fargo Ave/Vic 161,Vac/Wells Fargo Ave/Vic 161 Street St E Palmdale 93591,,,POINT (6609015.514459 2039523.447147),Incomplete_addresses_no_fraction&others_[validationResults]_554rows.csv,eGIS_Addressing_raw__2700971rows_51cols.csv
17365 Vac/Ave Q(Drt)/Vic 175 St E Palmdale 93591,,3075004005,,17365,,,,,,Vac/Ave Q(Drt)/Vic 175,Street,East,,,,,,,,,,,,93591,,Unincorporated,Palmdale,Lake Los Angeles,,,,LACO DPW House Numbering Map,{97ACA2A5-6E97-4D57-B596-6BE333434CD1},0,,97ACA2A5-6E97-4D57-B596-6BE333434CD1,Unknown,,,E,,St,Vac/Ave Q(Drt)/Vic 175 St E,2016-01-12 15:41:50+00:00,17365 Vac/Ave Q(Drt)/Vic 175 St E Palmdale 93591,97ACA2A5-6E97-4D57-B596-6BE333434CD1_17365_Vac/Ave_Q(Drt)/Vic_175_St_E_Palmdale_93591,Vac/Ave Q(Drt)/Vic 175,17365 Vac/Ave Q(Drt)/Vic 175 Street St E Palmdale 93591,,,POINT (6616401.917994 2036271.624583),Incomplete_addresses_no_fraction&others_[validationResults]_554rows.csv,eGIS_Addressing_raw__2700971rows_51cols.csv
Vac/Ave Q(Pav)/Vic 170 St E Palmdale 93591,,3075006031,,0,,,,,,Vac/Ave Q(Pav)/Vic 170,Street,East,,,,,,,,,,,,93591,,Unincorporated,Palmdale,Lake Los Angeles,,,,LACO DPW House Numbering Map,{F0581312-2F22-4292-BAD6-FBF3C0F87420},0,,F0581312-2F22-4292-BAD6-FBF3C0F87420,Unknown,,,E,,St,Vac/Ave Q(Pav)/Vic 170 St E,2016-01-12 15:41:50+00:00,Vac/Ave Q(Pav)/Vic 170 St E Palmdale 93591,F0581312-2F22-4292-BAD6-FBF3C0F87420__Vac/Ave_Q(Pav)/Vic_170_St_E_Palmdale_93591,Vac/Ave Q(Pav)/Vic 170,Vac/Ave Q(Pav)/Vic 170 Street St E Palmdale 93591,,,POINT (6613014.754164 2036073.117762),Incomplete_addresses_no_fraction&others_[validationResults]_554rows.csv,eGIS_Addressing_raw__2700971rows_51cols.csv
19550 Vac/Ave O(Pav)/Vic 195 St E Palmdale 93591,,3076013002,,19550,,,,,,Vac/Ave O(Pav)/Vic 195,Street,East,,,,,,,,,,,,93591,,Unincorporated,Palmdale,Lake Los Angeles,,,,LACO DPW House Numbering Map,{EA73C3F6-71E8-41FD-AFC3-97A28DE3B5BA},0,,EA73C3F6-71E8-41FD-AFC3-97A28DE3B5BA,Unknown,,,E,,St,Vac/Ave O(Pav)/Vic 195 St E,2016-01-12 15:41:50+00:00,19550 Vac/Ave O(Pav)/Vic 195 St E Palmdale 93591,EA73C3F6-71E8-41FD-AFC3-97A28DE3B5BA_19550_Vac/Ave_O(Pav)/Vic_195_St_E_Palmdale_93591,Vac/Ave O(Pav)/Vic 195,19550 Vac/Ave O(Pav)/Vic 195 Street St E Palmdale 93591,,,POINT (6627570.915669 2046755.407749),Incomplete_addresses_no_fraction&others_[validationResults]_554rows.csv,eGIS_Addressing_raw__2700971rows_51cols.csv
Vac/Ave O/Vic 212 St E Palmdale 93591,,3082004009,,0,,,,,,Vac/Ave O/Vic 212,Street,East,,,,,,,,,,,,93591,,Unincorporated,Palmdale,Lake Los Angeles,,,,LACO DPW House Numbering Map,{95FBD173-0749-476F-BED3-61687E2A3C80},0,,95FBD173-0749-476F-BED3-61687E2A3C80,Unknown,,,E,,St,Vac/Ave O/Vic 212 St E,2016-01-12 15:41:50+00:00,Vac/Ave O/Vic 212 St E Palmdale 93591,95FBD173-0749-476F-BED3-61687E2A3C80__Vac/Ave_O/Vic_212_St_E_Palmdale_93591,Vac/Ave O/Vic 212,Vac/Ave O/Vic 212 Street St E Palmdale 93591,,,POINT (6636986.322363 2046788.611751),Incomplete_addresses_no_fraction&others_[validationResults]_554rows.csv,eGIS_Addressing_raw__2700971rows_51cols.csv
Vac/Ave O/Vic 215 St E Palmdale 93591,,3082004023,,0,,,,,,Vac/Ave O/Vic 215,Street,East,,,,,,,,,,,,93591,,Unincorporated,Palmdale,Lake Los Angeles,,,,LACO DPW House Numbering Map,{75145CF6-3685-4D83-969D-F3EF87BF24EA},0,,75145CF6-3685-4D83-969D-F3EF87BF24EA,Unknown,,,E,,St,Vac/Ave O/Vic 215 St E,2016-01-12 15:41:50+00:00,Vac/Ave O/Vic 215 St E Palmdale 93591,75145CF6-3685-4D83-969D-F3EF87BF24EA__Vac/Ave_O/Vic_215_St_E_Palmdale_93591,Vac/Ave O/Vic 215,Vac/Ave O/Vic 215 Street St E Palmdale 93591,,,POINT (6637650.049382 2046854.069297),Incomplete_addresses_no_fraction&others_[validationResults]_554rows.csv,eGIS_Addressing_raw__2700971rows_51cols.csv
Vac/Ave Q/Vic 205 St E Palmdale 93591,,3082030010,,0,,,,,,Vac/Ave Q/Vic 205,Street,East,,,,,,,,,,,,93591,,Unincorporated,Palmdale,Lake Los Angeles,,,,LACO DPW House Numbering Map,{F7E5709B-C87D-4FD5-92C7-A9BADA7F9AC5},0,,F7E5709B-C87D-4FD5-92C7-A9BADA7F9AC5,Unknown,,,E,,St,Vac/Ave Q/Vic 205 St E,2016-01-12 15:41:50+00:00,Vac/Ave Q/Vic 205 St E Palmdale 93591,F7E5709B-C87D-4FD5-92C7-A9BADA7F9AC5__Vac/Ave_Q/Vic_205_St_E_Palmdale_93591,Vac/Ave Q/Vic 205,Vac/Ave Q/Vic 205 Street St E Palmdale 93591,,,POINT (6632595.640856 2036213.779882),Incomplete_addresses_no_fraction&others_[validationResults]_554rows.csv,eGIS_Addressing_raw__2700971rows_51cols.csv
Vac/Ave Q/Vic 203 St E Palmdale 93591,,3082030020,,0,,,,,,Vac/Ave Q/Vic 203,Street,East,,,,,,,,,,,,93591,,Unincorporated,Palmdale,Lake Los Angeles,,,,LACO DPW House Numbering Map,{173689FD-D1B7-42A6-BDBF-2E509F8FBBEB},0,,173689FD-D1B7-42A6-BDBF-2E509F8FBBEB,Unknown,,,E,,St,Vac/Ave Q/Vic 203 St E,2016-01-12 15:41:50+00:00,Vac/Ave Q/Vic 203 St E Palmdale 93591,173689FD-D1B7-42A6-BDBF-2E509F8FBBEB__Vac/Ave_Q/Vic_203_St_E_Palmdale_93591,Vac/Ave Q/Vic 203,Vac/Ave Q/Vic 203 Street St E Palmdale 93591,,,POINT (6631882.265642 2036215.641755),Incomplete_addresses_no_fraction&others_[validationResults]_554rows.csv,eGIS_Addressing_raw__2700971rows_51cols.csv
20155 Vac/Ave Q/Vic 200 St E Palmdale 93591,,3082030026,,20155,,,,,,Vac/Ave Q/Vic 200,Street,East,,,,,,,,,,,,93591,,Unincorporated,Palmdale,Lake Los Angeles,,,,LACO DPW House Numbering Map,{EA8577D7-E2A3-4215-8DDF-78BCA600D07D},0,,EA8577D7-E2A3-4215-8DDF-78BCA600D07D,Unknown,,,E,,St,Vac/Ave Q/Vic 200 St E,2016-01-12 15:41:50+00:00,20155 Vac/Ave Q/Vic 200 St E Palmdale 93591,EA8577D7-E2A3-4215-8DDF-78BCA600D07D_20155_Vac/Ave_Q/Vic_200_St_E_Palmdale_93591,Vac/Ave Q/Vic 200,20155 Vac/Ave Q/Vic 200 Street St E Palmdale 93591,,,POINT (6630948.698939 2036258.512404),Incomplete_addresses_no_fraction&others_[validationResults]_554rows.csv,eGIS_Addressing_raw__2700971rows_51cols.csv
Vac/Ave O/Vic 235 St E Palmdale 93591,,3091002001,,0,,,,,,Vac/Ave O/Vic 235,Street,East,,,,,,,,,,,,93591,,Unincorporated,Palmdale,Lake Los Angeles,,,,LACO DPW House Numbering Map,{3D9E7144-5A86-4EB1-803B-79014E1217BA},0,,3D9E7144-5A86-4EB1-803B-79014E1217BA,Unknown,,,E,,St,Vac/Ave O/Vic 235 St E,2016-01-12 15:41:50+00:00,Vac/Ave O/Vic 235 St E Palmdale 93591,3D9E7144-5A86-4EB1-803B-79014E1217BA__Vac/Ave_O/Vic_235_St_E_Palmdale_93591,Vac/Ave O/Vic 235,Vac/Ave O/Vic 235 Street St E Palmdale 93591,,,POINT (6648759.223358 2046831.234697),Incomplete_addresses_no_fraction&others_[validationResults]_554rows.csv,eGIS_Addressing_raw__2700971rows_51cols.csv
Vac/240 Ste(Pav)/Vic Ave P8 Palmdale 93591,,3091015001,,0,,,,,,Vac/240 Ste(Pav)/Vic Ave P8,,,,,,,,,,,,,,93591,,Unincorporated,Palmdale,Lake Los Angeles,,,,LACO DPW House Numbering Map,{59715083-0CA4-4D8A-AAE9-345422393B46},0,,59715083-0CA4-4D8A-AAE9-345422393B46,Unknown,,,,,,Vac/240 Ste(Pav)/Vic Ave P8,2016-01-12 15:41:50+00:00,Vac/240 Ste(Pav)/Vic Ave P8 Palmdale 93591,59715083-0CA4-4D8A-AAE9-345422393B46__Vac/240_Ste(Pav)/Vic_Ave_P8_Palmdale_93591,Vac/240 Ste(Pav)/Vic Ave P8,Vac/240 Ste(Pav)/Vic Ave P8 Palmdale 93591,,,POINT (6651290.565736 2038382.174168),Incomplete_addresses_no_fraction&others_[validationResults]_554rows.csv,eGIS_Addressing_raw__2700971rows_51cols.csv
Vac/Ave P8(Drt)/Vic 235 St E Palmdale 93591,,3091016009,,0,,,,,,Vac/Ave P8(Drt)/Vic 235,Street,East,,,,,,,,,,,,93591,,Unincorporated,Palmdale,Lake Los Angeles,,,,LACO DPW House Numbering Map,{C437D24E-9696-4E9D-BC45-8276576CE925},0,,C437D24E-9696-4E9D-BC45-8276576CE925,Unknown,,,E,,St,Vac/Ave P8(Drt)/Vic 235 St E,2016-01-12 15:41:50+00:00,Vac/Ave P8(Drt)/Vic 235 St E Palmdale 93591,C437D24E-9696-4E9D-BC45-8276576CE925__Vac/Ave_P8(Drt)/Vic_235_St_E_Palmdale_93591,Vac/Ave P8(Drt)/Vic 235,Vac/Ave P8(Drt)/Vic 235 Street St E Palmdale 93591,,,POINT (6648320.208816 2038864.362508),Incomplete_addresses_no_fraction&others_[validationResults]_554rows.csv,eGIS_Addressing_raw__2700971rows_51cols.csv
Vac/Vic Ave Q/235 St E Palmdale 93591,,3091017013,,0,,,,,,Vac/Vic Ave Q/235,Street,East,,,,,,,,,,,,93591,,Unincorporated,Palmdale,Lake Los Angeles,,,,LACO DPW House Numbering Map,{3C211A6B-E68A-4AE5-8950-060A263B5883},0,,3C211A6B-E68A-4AE5-8950-060A263B5883,Unknown,,,E,,St,Vac/Vic Ave Q/235 St E,2016-01-12 15:41:50+00:00,Vac/Vic Ave Q/235 St E Palmdale 93591,3C211A6B-E68A-4AE5-8950-060A263B5883__Vac/Vic_Ave_Q/235_St_E_Palmdale_93591,Vac/Vic Ave Q/235,Vac/Vic Ave Q/235 Street St E Palmdale 93591,,,POINT (6649774.525789 2036196.608657),Incomplete_addresses_no_fraction&others_[validationResults]_554rows.csv,eGIS_Addressing_raw__2700971rows_51cols.csv
Vac/Quartz Hill Rd/Vic 50 St W Lancaster 93536,,3101017010,,0,,,,,,Vac/Quartz Hill Rd/Vic 50,Street,West,,,,,,,,,,,,93536,,Unincorporated,Lancaster,Del Sur,,,,LACO DPW House Numbering Map,{A18F4FDA-0C21-46EA-984F-82815B9ED905},0,,A18F4FDA-0C21-46EA-984F-82815B9ED905,Unknown,,,W,,St,Vac/Quartz Hill Rd/Vic 50 St W,2015-05-01 18:02:58+00:00,Vac/Quartz Hill Rd/Vic 50 St W Lancaster 93536,A18F4FDA-0C21-46EA-984F-82815B9ED905__Vac/Quartz_Hill_Rd/Vic_50_St_W_Lancaster_93536,Vac/Quartz Hill Rd/Vic 50,Vac/Quartz Hill Rd/Vic 50 Street St W Lancaster 93536,,,POINT (6496390.312873 2057196.93411),Incomplete_addresses_no_fraction&others_[validationResults]_554rows.csv,eGIS_Addressing_raw__2700971rows_51cols.csv
Vac/Ave M10/Vic 47 St W Lancaster 93536,,3101030052,,0,,,,,,Vac/Ave M10/Vic 47,Street,West,,,,,,,,,,,,93536,,Unincorporated,Lancaster,Del Sur,,,,LACO DPW House Numbering Map,{5A657F7D-E401-490A-8DEF-C537CC62E125},0,,5A657F7D-E401-490A-8DEF-C537CC62E125,Unknown,,,W,,St,Vac/Ave M10/Vic 47 St W,2015-05-01 18:03:28+00:00,Vac/Ave M10/Vic 47 St W Lancaster 93536,5A657F7D-E401-490A-8DEF-C537CC62E125__Vac/Ave_M10/Vic_47_St_W_Lancaster_93536,Vac/Ave M10/Vic 47,Vac/Ave M10/Vic 47 Street St W Lancaster 93536,,,POINT (6497375.438199 2053981.247956),Incomplete_addresses_no_fraction&others_[validationResults]_554rows.csv,eGIS_Addressing_raw__2700971rows_51cols.csv
Vac/45 Stw (Pav)Vic Ave L-4 Lancaster 93536,,3103017019,,0,,,,,,Vac/45 Stw (Pav)Vic Ave L-4,,,,,,,,,,,,,,93536,,Unincorporated,Lancaster,Del Sur,,,,LACO DPW House Numbering Map,{C90B7EAA-8387-45AD-8E4C-BC9882D944B5},0,,C90B7EAA-8387-45AD-8E4C-BC9882D944B5,Unknown,,,,,,Vac/45 Stw (Pav)Vic Ave L-4,2015-05-01 18:18:21+00:00,Vac/45 Stw (Pav)Vic Ave L-4 Lancaster 93536,C90B7EAA-8387-45AD-8E4C-BC9882D944B5__Vac/45_Stw_(Pav)Vic_Ave_L-4_Lancaster_93536,Vac/45 Stw (Pav)Vic Ave L-4,Vac/45 Stw (Pav)Vic Ave L-4 Lancaster 93536,,,POINT (6498426.644758 2061159.674872),Incomplete_addresses_no_fraction&others_[validationResults]_554rows.csv,eGIS_Addressing_raw__2700971rows_51cols.csv
Vac/Ave L /Vic 45th St W Lancaster 93536,,3103023006,,0,,,,,,Vac/Ave L /Vic 45th,Street,West,,,,,,,,,,,,93536,,Unincorporated,Lancaster,Del Sur,,,,LACO DPW House Numbering Map,{F45268D3-2F34-4CB0-9496-C34106392921},0,,F45268D3-2F34-4CB0-9496-C34106392921,Unknown,,,W,,St,Vac/Ave L /Vic 45th St W,2015-05-01 18:06:04+00:00,Vac/Ave L /Vic 45th St W Lancaster 93536,F45268D3-2F34-4CB0-9496-C34106392921__Vac/Ave_L_/Vic_45th_St_W_Lancaster_93536,Vac/Ave L /Vic 45th,Vac/Ave L /Vic 45th Street St W Lancaster 93536,,,POINT (6498840.072409 2062631.362218),Incomplete_addresses_no_fraction&others_[validationResults]_554rows.csv,eGIS_Addressing_raw__2700971rows_51cols.csv
42135 10Th St W   Littlerock 93543,,3109023070,,42135,,,,,,10Th,Street,West,,,,,,,,,,, ,93543, ,Lancaster,Littlerock,,,,,Office of Assessor - Add 202309,{71F0CAFC-11F6-4E40-A6AF-A7B0DAF6B5BF},0,,71F0CAFC-11F6-4E40-A6AF-A7B0DAF6B5BF,Unknown,,,W,,St,10Th St W,2023-09-24 01:07:07+00:00,42135 10Th St W   Littlerock 93543,71F0CAFC-11F6-4E40-A6AF-A7B0DAF6B5BF_42135_10Th_St_W___Littlerock_93543,10Th,42135 10Th Street St W   Lancaster 93543,,,POINT (6517049.051739 2058427.561242),Incomplete_addresses_no_fraction&others_[validationResults]_554rows.csv,eGIS_Addressing_raw__2700971rows_51cols.csv
Vac/Ave K8/46th St W Lancaster 93536,,3110002040,,0,,,,,,Vac/Ave K8/46th,Street,West,,,,,,,,,,,,93536,,Unincorporated,Lancaster,Del Sur,,,,LACO DPW House Numbering Map,{A57E520A-CA86-4FD3-A57B-08B35464A74C},0,,A57E520A-CA86-4FD3-A57B-08B35464A74C,Unknown,,,W,,St,Vac/Ave K8/46th St W,2015-05-01 18:03:13+00:00,Vac/Ave K8/46th St W Lancaster 93536,A57E520A-CA86-4FD3-A57B-08B35464A74C__Vac/Ave_K8/46th_St_W_Lancaster_93536,Vac/Ave K8/46th,Vac/Ave K8/46th Street St W Lancaster 93536,,,POINT (6497798.087617 2065455.229929),Incomplete_addresses_no_fraction&others_[validationResults]_554rows.csv,eGIS_Addressing_raw__2700971rows_51cols.csv
Vac/Ave K10/Vic 45th St W Lancaster 93536,,3110004022,,0,,,,,,Vac/Ave K10/Vic 45th,Street,West,,,,,,,,,,,,93536,,Unincorporated,Lancaster,Del Sur,,,,LACO DPW House Numbering Map,{FCA75178-4800-49BB-ACCB-149A42BFFE30},0,,FCA75178-4800-49BB-ACCB-149A42BFFE30,Unknown,,,W,,St,Vac/Ave K10/Vic 45th St W,2015-05-01 18:23:28+00:00,Vac/Ave K10/Vic 45th St W Lancaster 93536,FCA75178-4800-49BB-ACCB-149A42BFFE30__Vac/Ave_K10/Vic_45th_St_W_Lancaster_93536,Vac/Ave K10/Vic 45th,Vac/Ave K10/Vic 45th Street St W Lancaster 93536,,,POINT (6498359.084526 2064776.831024),Incomplete_addresses_no_fraction&others_[validationResults]_554rows.csv,eGIS_Addressing_raw__2700971rows_51cols.csv
Vac/Cor Ave K4/42nd St W Lancaster 93536,,3110010001,,0,,,,,,Vac/Cor Ave K4/42nd,Street,West,,,,,,,,,,,,93536,,Unincorporated,Lancaster,Del Sur,,,,LACO DPW Add,{993722E8-92EC-4266-A957-656D693FFE59},0,,993722E8-92EC-4266-A957-656D693FFE59,Unknown,,,W,,St,Vac/Cor Ave K4/42nd St W,2024-09-14 08:24:46+00:00,Vac/Cor Ave K4/42nd St W Lancaster 93536,993722E8-92EC-4266-A957-656D693FFE59__Vac/Cor_Ave_K4/42nd_St_W_Lancaster_93536,Vac/Cor Ave K4/42nd,Vac/Cor Ave K4/42nd Street St W Lancaster 93536,,,POINT (6499823.317162 2066663.389915),Incomplete_addresses_no_fraction&others_[validationResults]_554rows.csv,eGIS_Addressing_raw__2700971rows_51cols.csv
Vac/Ave M8/Vic 25th St W Palmdale 93551,,3111005014,,0,,,,,,Vac/Ave M8/Vic 25th,Street,West,,,,,,,,,,,,93551,,Unincorporated,Palmdale,Quartz Hill,,,,LACO DPW House Numbering Map,{900D5BF4-907E-48A2-B397-90A5416523C6},0,,900D5BF4-907E-48A2-B397-90A5416523C6,Unknown,,,W,,St,Vac/Ave M8/Vic 25th St W,2015-05-01 18:09:59+00:00,Vac/Ave M8/Vic 25th St W Palmdale 93551,900D5BF4-907E-48A2-B397-90A5416523C6__Vac/Ave_M8/Vic_25th_St_W_Palmdale_93551,Vac/Ave M8/Vic 25th,Vac/Ave M8/Vic 25th Street St W Palmdale 93551,,,POINT (6508637.649927 2054707.731083),Incomplete_addresses_no_fraction&others_[validationResults]_554rows.csv,eGIS_Addressing_raw__2700971rows_51cols.csv
Vac/Ave M4/Vic 27th St W Palmdale 93551,,3111006011,,0,,,,,,Vac/Ave M4/Vic 27th,Street,West,,,,,,,,,,,,93551,,Unincorporated,Palmdale,Quartz Hill,,,,LACO DPW House Numbering Map,{B5FF3044-8D97-4265-B1AA-AD8CAC709979},0,,B5FF3044-8D97-4265-B1AA-AD8CAC709979,Unknown,,,W,,St,Vac/Ave M4/Vic 27th St W,2015-05-01 18:06:33+00:00,Vac/Ave M4/Vic 27th St W Palmdale 93551,B5FF3044-8D97-4265-B1AA-AD8CAC709979__Vac/Ave_M4/Vic_27th_St_W_Palmdale_93551,Vac/Ave M4/Vic 27th,Vac/Ave M4/Vic 27th Street St W Palmdale 93551,,,POINT (6508510.829971 2055984.174725),Incomplete_addresses_no_fraction&others_[validationResults]_554rows.csv,eGIS_Addressing_raw__2700971rows_51cols.csv
Vac/20th St W/Vic Ave M Palmdale 93551,,3111008014,,0,,,,,,Vac/20th St W/Vic Ave M,,,,,,,,,,,,,,93551,,Unincorporated,Palmdale,Quartz Hill,,,,LACO DPW House Numbering Map,{07790361-CD53-4CFE-86A7-09457A7BEEF0},0,,07790361-CD53-4CFE-86A7-09457A7BEEF0,Unknown,,,,,,Vac/20th St W/Vic Ave M,2015-05-01 18:03:28+00:00,Vac/20th St W/Vic Ave M Palmdale 93551,07790361-CD53-4CFE-86A7-09457A7BEEF0__Vac/20th_St_W/Vic_Ave_M_Palmdale_93551,Vac/20th St W/Vic Ave M,Vac/20th St W/Vic Ave M Palmdale 93551,,,POINT (6511786.856883 2056643.369929),Incomplete_addresses_no_fraction&others_[validationResults]_554rows.csv,eGIS_Addressing_raw__2700971rows_51cols.csv
Vac/Greenrock Ave/Vic 158th St E Lancaster 93535,,3169003004,,0,,,,,,Vac/Greenrock Ave/Vic 158th,Street,East,,,,,,,,,,,,93535,,Unincorporated,Lancaster,Hi Vista,,,,LACO DPW House Numbering Map,{CEACF29F-5604-4D17-895C-3D7E42A2BAB1},0,,CEACF29F-5604-4D17-895C-3D7E42A2BAB1,Unknown,,,E,,St,Vac/Greenrock Ave/Vic 158th St E,2016-01-12 13:43:55+00:00,Vac/Greenrock Ave/Vic 158th St E Lancaster 93535,CEACF29F-5604-4D17-895C-3D7E42A2BAB1__Vac/Greenrock_Ave/Vic_158th_St_E_Lancaster_93535,Vac/Greenrock Ave/Vic 158th,Vac/Greenrock Ave/Vic 158th Street St E Lancaster 93535,,,POINT (6607344.50435 2052663.544883),Incomplete_addresses_no_fraction&others_[validationResults]_554rows.csv,eGIS_Addressing_raw__2700971rows_51cols.csv
Vac/Greenrock Ave/Vic 159th St E Lancaster 93535,,3169003005,,0,,,,,,Vac/Greenrock Ave/Vic 159th,Street,East,,,,,,,,,,,,93535,,Unincorporated,Lancaster,Hi Vista,,,,LACO DPW House Numbering Map,{03F495DE-E602-46FC-8DCD-43346DD70D71},0,,03F495DE-E602-46FC-8DCD-43346DD70D71,Unknown,,,E,,St,Vac/Greenrock Ave/Vic 159th St E,2016-01-12 13:43:55+00:00,Vac/Greenrock Ave/Vic 159th St E Lancaster 93535,03F495DE-E602-46FC-8DCD-43346DD70D71__Vac/Greenrock_Ave/Vic_159th_St_E_Lancaster_93535,Vac/Greenrock Ave/Vic 159th,Vac/Greenrock Ave/Vic 159th Street St E Lancaster 93535,,,POINT (6607456.142906 2052666.204655),Incomplete_addresses_no_fraction&others_[validationResults]_554rows.csv,eGIS_Addressing_raw__2700971rows_51cols.csv
Vac/Greenrock Ave/Vic 159th E Lancaster 93535,,3169003006,,0,,,,,,Vac/Greenrock Ave/Vic 159th,,East,,,,,,,,,,,,93535,,Unincorporated,Lancaster,Hi Vista,,,,LACO DPW House Numbering Map,{37F5B518-7E3C-4985-9329-DCEDAFDA9474},0,,37F5B518-7E3C-4985-9329-DCEDAFDA9474,Unknown,,,E,,,Vac/Greenrock Ave/Vic 159th E,2016-01-12 13:43:55+00:00,Vac/Greenrock Ave/Vic 159th E Lancaster 93535,37F5B518-7E3C-4985-9329-DCEDAFDA9474__Vac/Greenrock_Ave/Vic_159th_E_Lancaster_93535,Vac/Greenrock Ave/Vic 159th,Vac/Greenrock Ave/Vic 159th E Lancaster 93535,,,POINT (6607543.275934 2052666.757147),Incomplete_addresses_no_fraction&others_[validationResults]_554rows.csv,eGIS_Addressing_raw__2700971rows_51cols.csv
Vac/159th Ste/Vic Ave M12 Lancaster 93535,,3169003009,,0,,,,,,Vac/159th Ste/Vic Ave M12,,,,,,,,,,,,,,93535,,Unincorporated,Lancaster,Hi Vista,,,,LACO DPW House Numbering Map,{4CF15DF0-5593-4CC3-B173-B81CE0B49B20},0,,4CF15DF0-5593-4CC3-B173-B81CE0B49B20,Unknown,,,,,,Vac/159th Ste/Vic Ave M12,2016-01-12 13:43:55+00:00,Vac/159th Ste/Vic Ave M12 Lancaster 93535,4CF15DF0-5593-4CC3-B173-B81CE0B49B20__Vac/159th_Ste/Vic_Ave_M12_Lancaster_93535,Vac/159th Ste/Vic Ave M12,Vac/159th Ste/Vic Ave M12 Lancaster 93535,,,POINT (6607732.174835 2053074.152986),Incomplete_addresses_no_fraction&others_[validationResults]_554rows.csv,eGIS_Addressing_raw__2700971rows_51cols.csv
Vac/Cor 159th Ste/Lanfair Ave Lancaster 93535,,3169003017,,0,,,,,,Vac/Cor 159th Ste/Lanfair,Avenue,,,,,,,,,,,,,93535,,Unincorporated,Lancaster,Hi Vista,,,,LACO DPW House Numbering Map,{0A1EB962-33A6-4D37-A364-C71FDDEF223E},0,,0A1EB962-33A6-4D37-A364-C71FDDEF223E,Unknown,,,,,Ave,Vac/Cor 159th Ste/Lanfair Ave,2016-01-12 13:43:55+00:00,Vac/Cor 159th Ste/Lanfair Ave Lancaster 93535,0A1EB962-33A6-4D37-A364-C71FDDEF223E__Vac/Cor_159th_Ste/Lanfair_Ave_Lancaster_93535,Vac/Cor 159th Ste/Lanfair,Vac/Cor 159th Ste/Lanfair Avenue Ave Lancaster 93535,,,POINT (6607717.987855 2054230.682497),Incomplete_addresses_no_fraction&others_[validationResults]_554rows.csv,eGIS_Addressing_raw__2700971rows_51cols.csv
Vac/Lanfair Ave/Vic 159th St E Lancaster 93535,,3169003018,,0,,,,,,Vac/Lanfair Ave/Vic 159th,Street,East,,,,,,,,,,,,93535,,Unincorporated,Lancaster,Hi Vista,,,,LACO DPW House Numbering Map,{AE539653-6507-4AB6-A490-8D624B98FAF0},0,,AE539653-6507-4AB6-A490-8D624B98FAF0,Unknown,,,E,,St,Vac/Lanfair Ave/Vic 159th St E,2016-01-12 13:43:55+00:00,Vac/Lanfair Ave/Vic 159th St E Lancaster 93535,AE539653-6507-4AB6-A490-8D624B98FAF0__Vac/Lanfair_Ave/Vic_159th_St_E_Lancaster_93535,Vac/Lanfair Ave/Vic 159th,Vac/Lanfair Ave/Vic 159th Street St E Lancaster 93535,,,POINT (6607621.177681 2054229.577184),Incomplete_addresses_no_fraction&others_[validationResults]_554rows.csv,eGIS_Addressing_raw__2700971rows_51cols.csv
Vac/Lanfair Ave/Vic 158th St E Lancaster 93535,,3169003021,,0,,,,,,Vac/Lanfair Ave/Vic 158th,Street,East,,,,,,,,,,,,93535,,Unincorporated,Lancaster,Hi Vista,,,,LACO DPW House Numbering Map,{52E6C24C-E47E-4B6A-9D42-A6CFD43531B7},0,,52E6C24C-E47E-4B6A-9D42-A6CFD43531B7,Unknown,,,E,,St,Vac/Lanfair Ave/Vic 158th St E,2016-01-12 13:43:55+00:00,Vac/Lanfair Ave/Vic 158th St E Lancaster 93535,52E6C24C-E47E-4B6A-9D42-A6CFD43531B7__Vac/Lanfair_Ave/Vic_158th_St_E_Lancaster_93535,Vac/Lanfair Ave/Vic 158th,Vac/Lanfair Ave/Vic 158th Street St E Lancaster 93535,,,POINT (6607321.93681 2054216.070321),Incomplete_addresses_no_fraction&others_[validationResults]_554rows.csv,eGIS_Addressing_raw__2700971rows_51cols.csv
Vac/Greenrock Ave/Vic 156th St E Lancaster 93535,,3169004004,,0,,,,,,Vac/Greenrock Ave/Vic 156th,Street,East,,,,,,,,,,,,93535,,Unincorporated,Lancaster,Hi Vista,,,,LACO DPW House Numbering Map,{1351C70B-9883-4803-A987-3852DFDF31C3},0,,1351C70B-9883-4803-A987-3852DFDF31C3,Unknown,,,E,,St,Vac/Greenrock Ave/Vic 156th St E,2016-01-12 13:43:55+00:00,Vac/Greenrock Ave/Vic 156th St E Lancaster 93535,1351C70B-9883-4803-A987-3852DFDF31C3__Vac/Greenrock_Ave/Vic_156th_St_E_Lancaster_93535,Vac/Greenrock Ave/Vic 156th,Vac/Greenrock Ave/Vic 156th Street St E Lancaster 93535,,,POINT (6606494.566745 2052664.365747),Incomplete_addresses_no_fraction&others_[validationResults]_554rows.csv,eGIS_Addressing_raw__2700971rows_51cols.csv
Vac/158th Ste/Vic Lanfair Ave Lancaster 93535,,3169004011,,0,,,,,,Vac/158th Ste/Vic Lanfair,Avenue,,,,,,,,,,,,,93535,,Unincorporated,Lancaster,Hi Vista,,,,LACO DPW House Numbering Map,{7EC5F648-4A79-4047-92A5-7FC31F197C72},0,,7EC5F648-4A79-4047-92A5-7FC31F197C72,Unknown,,,,,Ave,Vac/158th Ste/Vic Lanfair Ave,2016-01-12 13:43:55+00:00,Vac/158th Ste/Vic Lanfair Ave Lancaster 93535,7EC5F648-4A79-4047-92A5-7FC31F197C72__Vac/158th_Ste/Vic_Lanfair_Ave_Lancaster_93535,Vac/158th Ste/Vic Lanfair,Vac/158th Ste/Vic Lanfair Avenue Ave Lancaster 93535,,,POINT (6606863.045667 2053268.24971),Incomplete_addresses_no_fraction&others_[validationResults]_554rows.csv,eGIS_Addressing_raw__2700971rows_51cols.csv
Vac/Lanfair Ave/Vic 156th St E Lancaster 93535,,3169004023,,0,,,,,,Vac/Lanfair Ave/Vic 156th,Street,East,,,,,,,,,,,,93535,,Unincorporated,Lancaster,Hi Vista,,,,LACO DPW House Numbering Map,{30CAC515-F7BB-42B6-A52D-8F8D95DC55CA},0,,30CAC515-F7BB-42B6-A52D-8F8D95DC55CA,Unknown,,,E,,St,Vac/Lanfair Ave/Vic 156th St E,2016-01-12 13:43:55+00:00,Vac/Lanfair Ave/Vic 156th St E Lancaster 93535,30CAC515-F7BB-42B6-A52D-8F8D95DC55CA__Vac/Lanfair_Ave/Vic_156th_St_E_Lancaster_93535,Vac/Lanfair Ave/Vic 156th,Vac/Lanfair Ave/Vic 156th Street St E Lancaster 93535,,,POINT (6606277.793229 2054216.236659),Incomplete_addresses_no_fraction&others_[validationResults]_554rows.csv,eGIS_Addressing_raw__2700971rows_51cols.csv
Vac/156th Ste/Vic Ave M12 Lancaster 93535,,3169004029,,0,,,,,,Vac/156th Ste/Vic Ave M12,,,,,,,,,,,,,,93535,,Unincorporated,Lancaster,Hi Vista,,,,LACO DPW House Numbering Map,{D7CCA0B5-BCD7-4EAC-BE68-7E9FB5702DD1},0,,D7CCA0B5-BCD7-4EAC-BE68-7E9FB5702DD1,Unknown,,,,,,Vac/156th Ste/Vic Ave M12,2016-01-12 13:43:55+00:00,Vac/156th Ste/Vic Ave M12 Lancaster 93535,D7CCA0B5-BCD7-4EAC-BE68-7E9FB5702DD1__Vac/156th_Ste/Vic_Ave_M12_Lancaster_93535,Vac/156th Ste/Vic Ave M12,Vac/156th Ste/Vic Ave M12 Lancaster 93535,,,POINT (6606191.186775 2053356.326306),Incomplete_addresses_no_fraction&others_[validationResults]_554rows.csv,eGIS_Addressing_raw__2700971rows_51cols.csv
Vac/152nd Ste/Vic Lanfair Ave Lancaster 93535,,3169009012,,0,,,,,,Vac/152nd Ste/Vic Lanfair,Avenue,,,,,,,,,,,,,93535,,Unincorporated,Lancaster,Hi Vista,,,,LACO DPW House Numbering Map,{AA41FDEB-E606-41DE-BE96-36C328C97ECE},0,,AA41FDEB-E606-41DE-BE96-36C328C97ECE,Unknown,,,,,Ave,Vac/152nd Ste/Vic Lanfair Ave,2019-09-11 10:31:08+00:00,Vac/152nd Ste/Vic Lanfair Ave Lancaster 93535,AA41FDEB-E606-41DE-BE96-36C328C97ECE__Vac/152nd_Ste/Vic_Lanfair_Ave_Lancaster_93535,Vac/152nd Ste/Vic Lanfair,Vac/152nd Ste/Vic Lanfair Avenue Ave Lancaster 93535,,,POINT (6604348.18029 2053487.626896),Incomplete_addresses_no_fraction&others_[validationResults]_554rows.csv,eGIS_Addressing_raw__2700971rows_51cols.csv
Vac/Greenrock Ave/Vic 152nd St E Lancaster 93535,,3169009017,,0,,,,,,Vac/Greenrock Ave/Vic 152nd,Street,East,,,,,,,,,,,,93535,,Unincorporated,Lancaster,Hi Vista,,,,LACO DPW House Numbering Map,{BB431136-E66B-4BC6-9E53-BAD4A6B7647F},0,,BB431136-E66B-4BC6-9E53-BAD4A6B7647F,Unknown,,,E,,St,Vac/Greenrock Ave/Vic 152nd St E,2016-01-12 13:43:55+00:00,Vac/Greenrock Ave/Vic 152nd St E Lancaster 93535,BB431136-E66B-4BC6-9E53-BAD4A6B7647F__Vac/Greenrock_Ave/Vic_152nd_St_E_Lancaster_93535,Vac/Greenrock Ave/Vic 152nd,Vac/Greenrock Ave/Vic 152nd Street St E Lancaster 93535,,,POINT (6604356.221941 2052670.564882),Incomplete_addresses_no_fraction&others_[validationResults]_554rows.csv,eGIS_Addressing_raw__2700971rows_51cols.csv
Vac/154th Ste/Vic Ave M12 Lancaster 93535,,3169009025,,0,,,,,,Vac/154th Ste/Vic Ave M12,,,,,,,,,,,,,,93535,,Unincorporated,Lancaster,Hi Vista,,,,LACO DPW House Numbering Map,{1F02B1B6-928C-4621-A832-606DF81CFDCB},0,,1F02B1B6-928C-4621-A832-606DF81CFDCB,Unknown,,,,,,Vac/154th Ste/Vic Ave M12,2016-01-12 13:43:55+00:00,Vac/154th Ste/Vic Ave M12 Lancaster 93535,1F02B1B6-928C-4621-A832-606DF81CFDCB__Vac/154th_Ste/Vic_Ave_M12_Lancaster_93535,Vac/154th Ste/Vic Ave M12,Vac/154th Ste/Vic Ave M12 Lancaster 93535,,,POINT (6605053.769758 2053067.348537),Incomplete_addresses_no_fraction&others_[validationResults]_554rows.csv,eGIS_Addressing_raw__2700971rows_51cols.csv
Vac/Cor 151st Ste/Lanfair Ave Lancaster 93535,,3169010008,,0,,,,,,Vac/Cor 151st Ste/Lanfair,Avenue,,,,,,,,,,,,,93535,,Unincorporated,Lancaster,Hi Vista,,,,LACO DPW House Numbering Map,{B1D99B36-E44A-47D2-B1E6-2DBF246BD1B0},0,,B1D99B36-E44A-47D2-B1E6-2DBF246BD1B0,Unknown,,,,,Ave,Vac/Cor 151st Ste/Lanfair Ave,2016-01-12 13:43:55+00:00,Vac/Cor 151st Ste/Lanfair Ave Lancaster 93535,B1D99B36-E44A-47D2-B1E6-2DBF246BD1B0__Vac/Cor_151st_Ste/Lanfair_Ave_Lancaster_93535,Vac/Cor 151st Ste/Lanfair,Vac/Cor 151st Ste/Lanfair Avenue Ave Lancaster 93535,,,POINT (6603489.197428 2054191.275423),Incomplete_addresses_no_fraction&others_[validationResults]_554rows.csv,eGIS_Addressing_raw__2700971rows_51cols.csv
Vac/151st Ste/Vic Lanfair Ave Lancaster 93535,,3169010009,,0,,,,,,Vac/151st Ste/Vic Lanfair,Avenue,,,,,,,,,,,,,93535,,Unincorporated,Lancaster,Hi Vista,,,,LACO DPW House Numbering Map,{12216DDF-1C7C-48CC-AEC0-A23FD2573BDB},0,,12216DDF-1C7C-48CC-AEC0-A23FD2573BDB,Unknown,,,,,Ave,Vac/151st Ste/Vic Lanfair Ave,2016-01-12 13:43:55+00:00,Vac/151st Ste/Vic Lanfair Ave Lancaster 93535,12216DDF-1C7C-48CC-AEC0-A23FD2573BDB__Vac/151st_Ste/Vic_Lanfair_Ave_Lancaster_93535,Vac/151st Ste/Vic Lanfair,Vac/151st Ste/Vic Lanfair Avenue Ave Lancaster 93535,,,POINT (6603497.247609 2053791.566249),Incomplete_addresses_no_fraction&others_[validationResults]_554rows.csv,eGIS_Addressing_raw__2700971rows_51cols.csv
Vac/151st Ste/Vic Ave M12 Lancaster 93535,,3169010014,,0,,,,,,Vac/151st Ste/Vic Ave M12,,,,,,,,,,,,,,93535,,Unincorporated,Lancaster,Hi Vista,,,,LACO DPW House Numbering Map,{DB671887-7277-40C7-9009-0E07A2C25575},0,,DB671887-7277-40C7-9009-0E07A2C25575,Unknown,,,,,,Vac/151st Ste/Vic Ave M12,2016-01-12 13:43:55+00:00,Vac/151st Ste/Vic Ave M12 Lancaster 93535,DB671887-7277-40C7-9009-0E07A2C25575__Vac/151st_Ste/Vic_Ave_M12_Lancaster_93535,Vac/151st Ste/Vic Ave M12,Vac/151st Ste/Vic Ave M12 Lancaster 93535,,,POINT (6603497.247609 2053244.732369),Incomplete_addresses_no_fraction&others_[validationResults]_554rows.csv,eGIS_Addressing_raw__2700971rows_51cols.csv
Vac/Greenrock Ave/Vic 151st St E Lancaster 93535,,3169010019,,0,,,,,,Vac/Greenrock Ave/Vic 151st,Street,East,,,,,,,,,,,,93535,,Unincorporated,Lancaster,Hi Vista,,,,LACO DPW House Numbering Map,{6A4FD958-1C18-4CAB-9A2F-2F3BBB6010B8},0,,6A4FD958-1C18-4CAB-9A2F-2F3BBB6010B8,Unknown,,,E,,St,Vac/Greenrock Ave/Vic 151st St E,2016-01-12 13:43:55+00:00,Vac/Greenrock Ave/Vic 151st St E Lancaster 93535,6A4FD958-1C18-4CAB-9A2F-2F3BBB6010B8__Vac/Greenrock_Ave/Vic_151st_St_E_Lancaster_93535,Vac/Greenrock Ave/Vic 151st,Vac/Greenrock Ave/Vic 151st Street St E Lancaster 93535,,,POINT (6603708.394496 2052654.038668),Incomplete_addresses_no_fraction&others_[validationResults]_554rows.csv,eGIS_Addressing_raw__2700971rows_51cols.csv
Vac/52nd Stw(Drt)/Vic Ave K Lancaster 93536,,3204010019,,0,,,,,,Vac/52nd Stw(Drt)/Vic Ave K,,,,,,,,,,,,,,93536,,Unincorporated,Lancaster,Del Sur,,,,LACO DPW House Numbering Map,{C56690DE-0099-4188-937F-27CDA89C64FE},0,,C56690DE-0099-4188-937F-27CDA89C64FE,Unknown,,,,,,Vac/52nd Stw(Drt)/Vic Ave K,2015-05-01 18:04:47+00:00,Vac/52nd Stw(Drt)/Vic Ave K Lancaster 93536,C56690DE-0099-4188-937F-27CDA89C64FE__Vac/52nd_Stw(Drt)/Vic_Ave_K_Lancaster_93536,Vac/52nd Stw(Drt)/Vic Ave K,Vac/52nd Stw(Drt)/Vic Ave K Lancaster 93536,,,POINT (6495137.801927 2067966.047414),Incomplete_addresses_no_fraction&others_[validationResults]_554rows.csv,eGIS_Addressing_raw__2700971rows_51cols.csv
Vac/52nd Stw(Drt)/Vic Ave K8 Lancaster 93536,,3204011014,,0,,,,,,Vac/52nd Stw(Drt)/Vic Ave K8,,,,,,,,,,,,,,93536,,Unincorporated,Lancaster,Del Sur,,,,LACO DPW House Numbering Map,{1E2486A1-D9E3-4106-B690-386A6E62187D},0,,1E2486A1-D9E3-4106-B690-386A6E62187D,Unknown,,,,,,Vac/52nd Stw(Drt)/Vic Ave K8,2015-05-01 18:02:29+00:00,Vac/52nd Stw(Drt)/Vic Ave K8 Lancaster 93536,1E2486A1-D9E3-4106-B690-386A6E62187D__Vac/52nd_Stw(Drt)/Vic_Ave_K8_Lancaster_93536,Vac/52nd Stw(Drt)/Vic Ave K8,Vac/52nd Stw(Drt)/Vic Ave K8 Lancaster 93536,,,POINT (6495127.788823 2065681.507364),Incomplete_addresses_no_fraction&others_[validationResults]_554rows.csv,eGIS_Addressing_raw__2700971rows_51cols.csv
Vac/52nd Stw(Drt)/Vic Ave K6 Lancaster 93536,,3204011018,,0,,,,,,Vac/52nd Stw(Drt)/Vic Ave K6,,,,,,,,,,,,,,93536,,Unincorporated,Lancaster,Del Sur,,,,LACO DPW House Numbering Map,{DB5C8761-A265-4135-B386-E3E58231B8AA},0,,DB5C8761-A265-4135-B386-E3E58231B8AA,Unknown,,,,,,Vac/52nd Stw(Drt)/Vic Ave K6,2015-05-01 18:06:04+00:00,Vac/52nd Stw(Drt)/Vic Ave K6 Lancaster 93536,DB5C8761-A265-4135-B386-E3E58231B8AA__Vac/52nd_Stw(Drt)/Vic_Ave_K6_Lancaster_93536,Vac/52nd Stw(Drt)/Vic Ave K6,Vac/52nd Stw(Drt)/Vic Ave K6 Lancaster 93536,,,POINT (6495128.383966 2066293.155419),Incomplete_addresses_no_fraction&others_[validationResults]_554rows.csv,eGIS_Addressing_raw__2700971rows_51cols.csv
Vac/50th Stw(Pav)/Vic Ave K8 Lancaster 93536,,3204012003,,0,,,,,,Vac/50th Stw(Pav)/Vic Ave K8,,,,,,,,,,,,,,93536,,Unincorporated,Lancaster,Del Sur,,,,LACO DPW House Numbering Map,{AB562ADC-F5AF-47B1-8C36-3927FFA43652},0,,AB562ADC-F5AF-47B1-8C36-3927FFA43652,Unknown,,,,,,Vac/50th Stw(Pav)/Vic Ave K8,2015-05-01 18:07:16+00:00,Vac/50th Stw(Pav)/Vic Ave K8 Lancaster 93536,AB562ADC-F5AF-47B1-8C36-3927FFA43652__Vac/50th_Stw(Pav)/Vic_Ave_K8_Lancaster_93536,Vac/50th Stw(Pav)/Vic Ave K8,Vac/50th Stw(Pav)/Vic Ave K8 Lancaster 93536,,,POINT (6495776.668431 2065223.47744),Incomplete_addresses_no_fraction&others_[validationResults]_554rows.csv,eGIS_Addressing_raw__2700971rows_51cols.csv
Vac/Cor 52nd Stw(Pav)/Ave L(Pav) Lancaster 93536,,3204015024,,0,,,,,,Vac/Cor 52nd Stw(Pav)/Ave L(Pav),,,,,,,,,,,,,,93536,,Unincorporated,Lancaster,Del Sur,,,,LACO DPW House Numbering Map,{07809A78-26AD-49FB-A4CD-42336B329ADF},0,,07809A78-26AD-49FB-A4CD-42336B329ADF,Unknown,,,,,,Vac/Cor 52nd Stw(Pav)/Ave L(Pav),2015-05-01 18:08:31+00:00,Vac/Cor 52nd Stw(Pav)/Ave L(Pav) Lancaster 93536,07809A78-26AD-49FB-A4CD-42336B329ADF__Vac/Cor_52nd_Stw(Pav)/Ave_L(Pav)_Lancaster_93536,Vac/Cor 52nd Stw(Pav)/Ave L(Pav),Vac/Cor 52nd Stw(Pav)/Ave L(Pav) Lancaster 93536,,,POINT (6494654.419363 2062842.972687),Incomplete_addresses_no_fraction&others_[validationResults]_554rows.csv,eGIS_Addressing_raw__2700971rows_51cols.csv
Vac/Cor 62nd Stw(Pav)/Ave L4(Pav Lancaster 93536,,3204033063,,0,,,,,,Vac/Cor 62nd Stw(Pav)/Ave L4(Pav,,,,,,,,,,,,,,93536,,Unincorporated,Lancaster,Del Sur,,,,LACO DPW House Numbering Map,{3872BED4-5E93-4A19-9DC3-86A496928C49},0,,3872BED4-5E93-4A19-9DC3-86A496928C49,Unknown,,,,,,Vac/Cor 62nd Stw(Pav)/Ave L4(Pav,2015-05-01 18:18:21+00:00,Vac/Cor 62nd Stw(Pav)/Ave L4(Pav Lancaster 93536,3872BED4-5E93-4A19-9DC3-86A496928C49__Vac/Cor_62nd_Stw(Pav)/Ave_L4(Pav_Lancaster_93536,Vac/Cor 62nd Stw(Pav)/Ave L4(Pav,Vac/Cor 62nd Stw(Pav)/Ave L4(Pav Lancaster 93536,,,POINT (6489355.818412 2061182.26341),Incomplete_addresses_no_fraction&others_[validationResults]_554rows.csv,eGIS_Addressing_raw__2700971rows_51cols.csv
Vac/Cor 80 Stw(Pav)/Elizabeth La Palmdale 93551,,3205002034,,0,,,,,,Vac/Cor 80 Stw(Pav)/Elizabeth La,,,,,,,,,,,,,,93551,,Unincorporated,Palmdale,Quartz Hill,,,,LACO DPW House Numbering Map,{29F175BF-7C52-442D-B54C-32D420B83599},0,,29F175BF-7C52-442D-B54C-32D420B83599,Unknown,,,,,,Vac/Cor 80 Stw(Pav)/Elizabeth La,2015-05-01 18:05:19+00:00,Vac/Cor 80 Stw(Pav)/Elizabeth La Palmdale 93551,29F175BF-7C52-442D-B54C-32D420B83599__Vac/Cor_80_Stw(Pav)/Elizabeth_La_Palmdale_93551,Vac/Cor 80 Stw(Pav)/Elizabeth La,Vac/Cor 80 Stw(Pav)/Elizabeth La Palmdale 93551,,,POINT (6480165.836136 2044837.717359),Incomplete_addresses_no_fraction&others_[validationResults]_554rows.csv,eGIS_Addressing_raw__2700971rows_51cols.csv
Vac/Northside Dr/Vic 90th St W Palmdale 93551,,3205016022,,0,,,,,,Vac/Northside Dr/Vic 90th,Street,West,,,,,,,,,,,,93551,,Unincorporated,Palmdale,Quartz Hill,,,,LACO DPW House Numbering Map,{A5F003B8-CA94-4C04-AABF-4E6C1131EF51},0,,A5F003B8-CA94-4C04-AABF-4E6C1131EF51,Unknown,,,W,,St,Vac/Northside Dr/Vic 90th St W,2015-05-01 18:05:02+00:00,Vac/Northside Dr/Vic 90th St W Palmdale 93551,A5F003B8-CA94-4C04-AABF-4E6C1131EF51__Vac/Northside_Dr/Vic_90th_St_W_Palmdale_93551,Vac/Northside Dr/Vic 90th,Vac/Northside Dr/Vic 90th Street St W Palmdale 93551,,,POINT (6473391.455984 2049843.27887),Incomplete_addresses_no_fraction&others_[validationResults]_554rows.csv,eGIS_Addressing_raw__2700971rows_51cols.csv
Vac/Northside/Vic Elizabeth Lake Palmdale 93551,,3205019016,,0,,,,,,Vac/Northside/Vic Elizabeth Lake,,,,,,,,,,,,,,93551,,Unincorporated,Palmdale,Quartz Hill,,,,LACO DPW House Numbering Map,{922C48B2-475B-4EC7-981C-5449F85B6300},0,,922C48B2-475B-4EC7-981C-5449F85B6300,Unknown,,,,,,Vac/Northside/Vic Elizabeth Lake,2015-05-01 18:03:13+00:00,Vac/Northside/Vic Elizabeth Lake Palmdale 93551,922C48B2-475B-4EC7-981C-5449F85B6300__Vac/Northside/Vic_Elizabeth_Lake_Palmdale_93551,Vac/Northside/Vic Elizabeth Lake,Vac/Northside/Vic Elizabeth Lake Palmdale 93551,,,POINT (6472697.449826 2049946.009636),Incomplete_addresses_no_fraction&others_[validationResults]_554rows.csv,eGIS_Addressing_raw__2700971rows_51cols.csv
Iowa St Acton 93510,,3208002022,,0,,,,,,Iowa,Street,,,,,,,,,,,,,93510,,Unincorporated,Acton,,,,,LACO DPW House Numbering Map,{1D6E48D5-E90B-4D6C-B73B-3FF678097490},0,,1D6E48D5-E90B-4D6C-B73B-3FF678097490,Unknown,,,,,St,Iowa St,2019-09-26 09:56:02+00:00,Iowa St Acton 93510,1D6E48D5-E90B-4D6C-B73B-3FF678097490__Iowa_St_Acton_93510,Iowa,Iowa Street St Acton 93510,,,POINT (6506579.281668 1998873.516636),Incomplete_addresses_no_fraction&others_[validationResults]_554rows.csv,eGIS_Addressing_raw__2700971rows_51cols.csv
33130 Vac/Crown Vly Rd/Vic Banson St Acton 93510,,3208004052,,33130,,,,,,Vac/Crown Vly Rd/Vic Banson,Street,,,,,,,,,,,,,93510,,Unincorporated,Acton,,,,,LACO DPW House Numbering Map,{42FB5DBA-ACC8-4512-BD9B-BB44A0A1FFDF},0,,42FB5DBA-ACC8-4512-BD9B-BB44A0A1FFDF,Unknown,,,,,St,Vac/Crown Vly Rd/Vic Banson St,2015-05-01 18:06:33+00:00,33130 Vac/Crown Vly Rd/Vic Banson St Acton 93510,42FB5DBA-ACC8-4512-BD9B-BB44A0A1FFDF_33130_Vac/Crown_Vly_Rd/Vic_Banson_St_Acton_93510,Vac/Crown Vly Rd/Vic Banson,33130 Vac/Crown Vly Rd/Vic Banson Street St Acton 93510,,,POINT (6502007.843305 1999694.212502),Incomplete_addresses_no_fraction&others_[validationResults]_554rows.csv,eGIS_Addressing_raw__2700971rows_51cols.csv
3640 Vac/Vic Crown Vly Rd/Antelope Wo Acton 93510,,3208004055,,3640,,,,,,Vac/Vic Crown Vly Rd/Antelope Wo,,,,,,,,,,,,,,93510,,Unincorporated,Acton,,,,,LACO DPW House Numbering Map,{56A6E8C4-DE1E-41F8-B2FC-9A112C81EB5B},0,,56A6E8C4-DE1E-41F8-B2FC-9A112C81EB5B,Unknown,,,,,,Vac/Vic Crown Vly Rd/Antelope Wo,2020-10-06 10:58:31+00:00,3640 Vac/Vic Crown Vly Rd/Antelope Wo Acton 93510,56A6E8C4-DE1E-41F8-B2FC-9A112C81EB5B_3640_Vac/Vic_Crown_Vly_Rd/Antelope_Wo_Acton_93510,Vac/Vic Crown Vly Rd/Antelope Wo,3640 Vac/Vic Crown Vly Rd/Antelope Wo Acton 93510,,,POINT (6502860.280248 2000199.788918),Incomplete_addresses_no_fraction&others_[validationResults]_554rows.csv,eGIS_Addressing_raw__2700971rows_51cols.csv
32855 Vac/Acklins Ave/Vic Aliso St Acton 93510,,3208007021,,32855,,,,,,Vac/Acklins Ave/Vic Aliso,Street,,,,,,,,,,,,,93510,,Unincorporated,Acton,,,,,LACO DPW House Numbering Map,{FDADCF44-81AD-44BB-A679-ABA279E61AEC},0,,FDADCF44-81AD-44BB-A679-ABA279E61AEC,Unknown,,,,,St,Vac/Acklins Ave/Vic Aliso St,2015-05-01 18:07:31+00:00,32855 Vac/Acklins Ave/Vic Aliso St Acton 93510,FDADCF44-81AD-44BB-A679-ABA279E61AEC_32855_Vac/Acklins_Ave/Vic_Aliso_St_Acton_93510,Vac/Acklins Ave/Vic Aliso,32855 Vac/Acklins Ave/Vic Aliso Street St Acton 93510,,,POINT (6499401.970564 1997985.354043),Incomplete_addresses_no_fraction&others_[validationResults]_554rows.csv,eGIS_Addressing_raw__2700971rows_51cols.csv
2825 Acton 93510,,3208010068,,2825,,,,,,,,,,,,,,,,,,,,93510,,Unincorporated,Acton,,,,,LACO DPW Add,{D1DB621E-BFDF-4116-9935-7FF51FD5826E},0,,D1DB621E-BFDF-4116-9935-7FF51FD5826E,Unknown,,,,,,,2021-01-26 13:18:28+00:00,2825 Acton 93510,D1DB621E-BFDF-4116-9935-7FF51FD5826E_2825_Acton_93510,,2825 Acton 93510,,,POINT (6507795.664078 1996383.314268),Incomplete_addresses_no_fraction&others_[validationResults]_554rows.csv,eGIS_Addressing_raw__2700971rows_51cols.csv
Vac/Aliso Cyn Rd/Vic Carson Mesa Acton 93510,,3208012090,,0,,,,,,Vac/Aliso Cyn Rd/Vic Carson Mesa,,,,,,,,,,,,,,93510,,Unincorporated,Acton,,,,,LACO DPW House Numbering Map,{4A26EEC1-F7AF-4D0C-9AFF-F5EE27E492A2},0,,4A26EEC1-F7AF-4D0C-9AFF-F5EE27E492A2,Unknown,,,,,,Vac/Aliso Cyn Rd/Vic Carson Mesa,2015-05-01 18:24:21+00:00,Vac/Aliso Cyn Rd/Vic Carson Mesa Acton 93510,4A26EEC1-F7AF-4D0C-9AFF-F5EE27E492A2__Vac/Aliso_Cyn_Rd/Vic_Carson_Mesa_Acton_93510,Vac/Aliso Cyn Rd/Vic Carson Mesa,Vac/Aliso Cyn Rd/Vic Carson Mesa Acton 93510,,,POINT (6512238.915362 1994394.742786),Incomplete_addresses_no_fraction&others_[validationResults]_554rows.csv,eGIS_Addressing_raw__2700971rows_51cols.csv
Vac/Cory Ave/Vic Soledad Cyn Rd Acton 93510,,3208014102,,0,,,,,,Vac/Cory Ave/Vic Soledad Cyn,Road,,,,,,,,,,,,,93510,,Unincorporated,Acton,,,,,LACO DPW House Numbering Map,{5E52912B-9163-482A-BC3C-BFAC06C6581C},0,,5E52912B-9163-482A-BC3C-BFAC06C6581C,Unknown,,,,,Rd,Vac/Cory Ave/Vic Soledad Cyn Rd,2015-05-01 18:11:25+00:00,Vac/Cory Ave/Vic Soledad Cyn Rd Acton 93510,5E52912B-9163-482A-BC3C-BFAC06C6581C__Vac/Cory_Ave/Vic_Soledad_Cyn_Rd_Acton_93510,Vac/Cory Ave/Vic Soledad Cyn,Vac/Cory Ave/Vic Soledad Cyn Road Rd Acton 93510,,,POINT (6502441.399524 1992523.881042),Incomplete_addresses_no_fraction&others_[validationResults]_554rows.csv,eGIS_Addressing_raw__2700971rows_51cols.csv
Vac/Mtn Shadow Rd/Vic 9 St W Acton 93510,,3208016089,,0,,,,,,Vac/Mtn Shadow Rd/Vic 9,Street,West,,,,,,,,,,,,93510,,Unincorporated,Acton,,,,,LACO DPW House Numbering Map,{3DE0E602-F120-4F74-9FC1-67999A039527},0,,3DE0E602-F120-4F74-9FC1-67999A039527,Unknown,,,W,,St,Vac/Mtn Shadow Rd/Vic 9 St W,2015-05-01 18:05:19+00:00,Vac/Mtn Shadow Rd/Vic 9 St W Acton 93510,3DE0E602-F120-4F74-9FC1-67999A039527__Vac/Mtn_Shadow_Rd/Vic_9_St_W_Acton_93510,Vac/Mtn Shadow Rd/Vic 9,Vac/Mtn Shadow Rd/Vic 9 Street St W Acton 93510,,,POINT (6498132.301187 1992595.567578),Incomplete_addresses_no_fraction&others_[validationResults]_554rows.csv,eGIS_Addressing_raw__2700971rows_51cols.csv
4341 Vac/Vic Eager Rd/Maxine Wy Acton 93510,,3208017053,,4341,,,,,,Vac/Vic Eager Rd/Maxine,Way,,,,,,,,,,,,,93510,,Unincorporated,Acton,,,,,LACO DPW House Numbering Map,{14FABDD4-E160-407C-8714-DB1E087EDC1F},0,,14FABDD4-E160-407C-8714-DB1E087EDC1F,Unknown,,,,,Wy,Vac/Vic Eager Rd/Maxine Wy,2015-05-01 18:06:18+00:00,4341 Vac/Vic Eager Rd/Maxine Wy Acton 93510,14FABDD4-E160-407C-8714-DB1E087EDC1F_4341_Vac/Vic_Eager_Rd/Maxine_Wy_Acton_93510,Vac/Vic Eager Rd/Maxine,4341 Vac/Vic Eager Rd/Maxine Way Wy Acton 93510,,,POINT (6498779.070891 1995402.420232),Incomplete_addresses_no_fraction&others_[validationResults]_554rows.csv,eGIS_Addressing_raw__2700971rows_51cols.csv
Vac/Soledad Cyn Rd/Gillespie Ave Acton 93510,,3208019006,,0,,,,,,Vac/Soledad Cyn Rd/Gillespie,Avenue,,,,,,,,,,,,,93510,,Unincorporated,Acton,,,,,LACO DPW House Numbering Map,{D2DA3133-80C6-44B6-B36B-EFD798838743},0,,D2DA3133-80C6-44B6-B36B-EFD798838743,Unknown,,,,,Ave,Vac/Soledad Cyn Rd/Gillespie Ave,2015-05-01 18:07:31+00:00,Vac/Soledad Cyn Rd/Gillespie Ave Acton 93510,D2DA3133-80C6-44B6-B36B-EFD798838743__Vac/Soledad_Cyn_Rd/Gillespie_Ave_Acton_93510,Vac/Soledad Cyn Rd/Gillespie,Vac/Soledad Cyn Rd/Gillespie Avenue Ave Acton 93510,,,POINT (6502904.905487 1993382.033853),Incomplete_addresses_no_fraction&others_[validationResults]_554rows.csv,eGIS_Addressing_raw__2700971rows_51cols.csv
Vac/Syracuse/Vic Crown Valley Acton 93510,,3208019009,,0,,,,,,Vac/Syracuse/Vic Crown Valley,,,,,,,,,,,,,,93510,,Unincorporated,Acton,,,,,LACO DPW House Numbering Map,{3EF5871D-32E5-48F8-9C53-8088796A9F42},0,,3EF5871D-32E5-48F8-9C53-8088796A9F42,Unknown,,,,,,Vac/Syracuse/Vic Crown Valley,2015-05-01 18:04:47+00:00,Vac/Syracuse/Vic Crown Valley Acton 93510,3EF5871D-32E5-48F8-9C53-8088796A9F42__Vac/Syracuse/Vic_Crown_Valley_Acton_93510,Vac/Syracuse/Vic Crown Valley,Vac/Syracuse/Vic Crown Valley Acton 93510,,,POINT (6503392.143686 1994031.934784),Incomplete_addresses_no_fraction&others_[validationResults]_554rows.csv,eGIS_Addressing_raw__2700971rows_51cols.csv
Vac/Cory Ave/Vic Bartlett St Acton 93510,,3208025006,,0,,,,,,Vac/Cory Ave/Vic Bartlett,Street,,,,,,,,,,,,,93510,,Unincorporated,Acton,,,,,LACO DPW House Numbering Map,{4D2B0B4C-D4BF-45B7-8AD4-BCF8DC897518},0,,4D2B0B4C-D4BF-45B7-8AD4-BCF8DC897518,Unknown,,,,,St,Vac/Cory Ave/Vic Bartlett St,2015-05-01 18:04:47+00:00,Vac/Cory Ave/Vic Bartlett St Acton 93510,4D2B0B4C-D4BF-45B7-8AD4-BCF8DC897518__Vac/Cory_Ave/Vic_Bartlett_St_Acton_93510,Vac/Cory Ave/Vic Bartlett,Vac/Cory Ave/Vic Bartlett Street St Acton 93510,,,POINT (6500691.74095 1992152.367021),Incomplete_addresses_no_fraction&others_[validationResults]_554rows.csv,eGIS_Addressing_raw__2700971rows_51cols.csv
Vac/Michigan Ave/Vic Poppy St Acton 93510,,3208032077,,0,,,,,,Vac/Michigan Ave/Vic Poppy,Street,,,,,,,,,,,,,93510,,Unincorporated,Acton,,,,,LACO DPW House Numbering Map,{040CAD43-E06D-4D15-A859-06FA91D9BCDC},0,,040CAD43-E06D-4D15-A859-06FA91D9BCDC,Unknown,,,,,St,Vac/Michigan Ave/Vic Poppy St,2020-10-07 10:26:07+00:00,Vac/Michigan Ave/Vic Poppy St Acton 93510,040CAD43-E06D-4D15-A859-06FA91D9BCDC__Vac/Michigan_Ave/Vic_Poppy_St_Acton_93510,Vac/Michigan Ave/Vic Poppy,Vac/Michigan Ave/Vic Poppy Street St Acton 93510,,,POINT (6506482.891769 1995969.172051),Incomplete_addresses_no_fraction&others_[validationResults]_554rows.csv,eGIS_Addressing_raw__2700971rows_51cols.csv
32715 Vac/Cor Via Del Sol/Via De Cabal Acton 93510,,3208036013,,32715,,,,,,Vac/Cor Via Del Sol/Via De Cabal,,,,,,,,,,,,,,93510,,Unincorporated,Acton,,,,,LACO DPW House Numbering Map,{57D8AAEA-E649-4254-9727-572B6648CA5A},0,,57D8AAEA-E649-4254-9727-572B6648CA5A,Unknown,,,,,,Vac/Cor Via Del Sol/Via De Cabal,2015-05-01 18:04:47+00:00,32715 Vac/Cor Via Del Sol/Via De Cabal Acton 93510,57D8AAEA-E649-4254-9727-572B6648CA5A_32715_Vac/Cor_Via_Del_Sol/Via_De_Cabal_Acton_93510,Vac/Cor Via Del Sol/Via De Cabal,32715 Vac/Cor Via Del Sol/Via De Cabal Acton 93510,,,POINT (6504265.476585 1996721.783735),Incomplete_addresses_no_fraction&others_[validationResults]_554rows.csv,eGIS_Addressing_raw__2700971rows_51cols.csv
3315 Vac/Vic Ade Caballeros/Vic Ranch Acton 93510,,3208036019,,3315,,,,,,Vac/Vic Ade Caballeros/Vic Ranch,,,,,,,,,,,,,,93510,,Unincorporated,Acton,,,,,LACO DPW House Numbering Map,{89E34F2F-AC23-4990-9799-6FC360012C2A},0,,89E34F2F-AC23-4990-9799-6FC360012C2A,Unknown,,,,,,Vac/Vic Ade Caballeros/Vic Ranch,2015-05-01 18:24:21+00:00,3315 Vac/Vic Ade Caballeros/Vic Ranch Acton 93510,89E34F2F-AC23-4990-9799-6FC360012C2A_3315_Vac/Vic_Ade_Caballeros/Vic_Ranch_Acton_93510,Vac/Vic Ade Caballeros/Vic Ranch,3315 Vac/Vic Ade Caballeros/Vic Ranch Acton 93510,,,POINT (6503624.71343 1996617.374167),Incomplete_addresses_no_fraction&others_[validationResults]_554rows.csv,eGIS_Addressing_raw__2700971rows_51cols.csv
3511 Vac/Via De Cabll Cares/Vic Missi Acton 93510,,3208036021,,3511,,,,,,Vac/Via De Cabll Cares/Vic Missi,,,,,,,,,,,,,,93510,,Unincorporated,Acton,,,,,LACO DPW House Numbering Map,{8D2299D0-1DA3-455E-9F5B-950E9F5799C3},0,,8D2299D0-1DA3-455E-9F5B-950E9F5799C3,Unknown,,,,,,Vac/Via De Cabll Cares/Vic Missi,2015-05-01 18:07:16+00:00,3511 Vac/Via De Cabll Cares/Vic Missi Acton 93510,8D2299D0-1DA3-455E-9F5B-950E9F5799C3_3511_Vac/Via_De_Cabll_Cares/Vic_Missi_Acton_93510,Vac/Via De Cabll Cares/Vic Missi,3511 Vac/Via De Cabll Cares/Vic Missi Acton 93510,,,POINT (6503201.436062 1996621.271141),Incomplete_addresses_no_fraction&others_[validationResults]_554rows.csv,eGIS_Addressing_raw__2700971rows_51cols.csv
32750 Vac/Rancho Wy/Vic Aliso St Acton 93510,,3208036027,,32750,,,,,,Vac/Rancho Wy/Vic Aliso,Street,,,,,,,,,,,,,93510,,Unincorporated,Acton,,,,,LACO DPW House Numbering Map,{46E32EFF-E75B-4952-82B1-7541FC08C445},0,,46E32EFF-E75B-4952-82B1-7541FC08C445,Unknown,,,,,St,Vac/Rancho Wy/Vic Aliso St,2015-05-01 18:05:49+00:00,32750 Vac/Rancho Wy/Vic Aliso St Acton 93510,46E32EFF-E75B-4952-82B1-7541FC08C445_32750_Vac/Rancho_Wy/Vic_Aliso_St_Acton_93510,Vac/Rancho Wy/Vic Aliso,32750 Vac/Rancho Wy/Vic Aliso Street St Acton 93510,,,POINT (6502396.94981 1997085.638651),Incomplete_addresses_no_fraction&others_[validationResults]_554rows.csv,eGIS_Addressing_raw__2700971rows_51cols.csv
32730 Vac/Caballero Trl/Vic Alisost Acton 93510,,3208037097,,32730,,,,,,Vac/Caballero Trl/Vic Alisost,,,,,,,,,,,,,,93510,,Unincorporated,Acton,,,,,LACO DPW House Numbering Map,{77D9E18B-7675-4B33-80BD-ABB725A80A7B},0,,77D9E18B-7675-4B33-80BD-ABB725A80A7B,Unknown,,,,,,Vac/Caballero Trl/Vic Alisost,2015-05-01 18:10:13+00:00,32730 Vac/Caballero Trl/Vic Alisost Acton 93510,77D9E18B-7675-4B33-80BD-ABB725A80A7B_32730_Vac/Caballero_Trl/Vic_Alisost_Acton_93510,Vac/Caballero Trl/Vic Alisost,32730 Vac/Caballero Trl/Vic Alisost Acton 93510,,,POINT (6505071.995313 1996859.612528),Incomplete_addresses_no_fraction&others_[validationResults]_554rows.csv,eGIS_Addressing_raw__2700971rows_51cols.csv
32750 Vac/Caballero Trl/Vic Aliso St Acton 93510,,3208037098,,32750,,,,,,Vac/Caballero Trl/Vic Aliso,Street,,,,,,,,,,,,,93510,,Unincorporated,Acton,,,,,LACO DPW House Numbering Map,{C570D325-D4AE-4823-84ED-BFEC5C572CB2},0,,C570D325-D4AE-4823-84ED-BFEC5C572CB2,Unknown,,,,,St,Vac/Caballero Trl/Vic Aliso St,2015-05-01 18:26:49+00:00,32750 Vac/Caballero Trl/Vic Aliso St Acton 93510,C570D325-D4AE-4823-84ED-BFEC5C572CB2_32750_Vac/Caballero_Trl/Vic_Aliso_St_Acton_93510,Vac/Caballero Trl/Vic Aliso,32750 Vac/Caballero Trl/Vic Aliso Street St Acton 93510,,,POINT (6505066.932659 1997077.675412),Incomplete_addresses_no_fraction&others_[validationResults]_554rows.csv,eGIS_Addressing_raw__2700971rows_51cols.csv
3115 Vac/Cor Via Decaballeros(Nog)/Ca Acton 93510,,3208037103,,3115,,,,,,Vac/Cor Via Decaballeros(Nog)/Ca,,,,,,,,,,,,,,93510,,Unincorporated,Acton,,,,,LACO DPW House Numbering Map,{42019099-2353-4D49-BF92-A80E6609360D},0,,42019099-2353-4D49-BF92-A80E6609360D,Unknown,,,,,,Vac/Cor Via Decaballeros(Nog)/Ca,2015-05-01 18:07:45+00:00,3115 Vac/Cor Via Decaballeros(Nog)/Ca Acton 93510,42019099-2353-4D49-BF92-A80E6609360D_3115_Vac/Cor_Via_Decaballeros(Nog)/Ca_Acton_93510,Vac/Cor Via Decaballeros(Nog)/Ca,3115 Vac/Cor Via Decaballeros(Nog)/Ca Acton 93510,,,POINT (6504817.554877 1996588.942794),Incomplete_addresses_no_fraction&others_[validationResults]_554rows.csv,eGIS_Addressing_raw__2700971rows_51cols.csv
3131 Vac/Via De Caballeros/Vic Via De Acton 93510,,3208037104,,3131,,,,,,Vac/Via De Caballeros/Vic Via De,,,,,,,,,,,,,,93510,,Unincorporated,Acton,,,,,LACO DPW House Numbering Map,{05F2676C-CF76-4B82-8D3B-99CFBAD6434E},0,,05F2676C-CF76-4B82-8D3B-99CFBAD6434E,Unknown,,,,,,Vac/Via De Caballeros/Vic Via De,2015-05-01 18:03:13+00:00,3131 Vac/Via De Caballeros/Vic Via De Acton 93510,05F2676C-CF76-4B82-8D3B-99CFBAD6434E_3131_Vac/Via_De_Caballeros/Vic_Via_De_Acton_93510,Vac/Via De Caballeros/Vic Via De,3131 Vac/Via De Caballeros/Vic Via De Acton 93510,,,POINT (6504690.744763 1996611.545439),Incomplete_addresses_no_fraction&others_[validationResults]_554rows.csv,eGIS_Addressing_raw__2700971rows_51cols.csv
32730 Vac/Via Del Sol/Vic Via De Cabal Acton 93510,,3208037110,,32730,,,,,,Vac/Via Del Sol/Vic Via De Cabal,,,,,,,,,,,,,,93510,,Unincorporated,Acton,,,,,LACO DPW House Numbering Map,{8B1C9D6B-9A7E-4BB8-9725-DEF9C4B3397B},0,,8B1C9D6B-9A7E-4BB8-9725-DEF9C4B3397B,Unknown,,,,,,Vac/Via Del Sol/Vic Via De Cabal,2015-05-01 18:22:13+00:00,32730 Vac/Via Del Sol/Vic Via De Cabal Acton 93510,8B1C9D6B-9A7E-4BB8-9725-DEF9C4B3397B_32730_Vac/Via_Del_Sol/Vic_Via_De_Cabal_Acton_93510,Vac/Via Del Sol/Vic Via De Cabal,32730 Vac/Via Del Sol/Vic Via De Cabal Acton 93510,,,POINT (6504390.484209 1996920.855516),Incomplete_addresses_no_fraction&others_[validationResults]_554rows.csv,eGIS_Addressing_raw__2700971rows_51cols.csv
3205 Vac/Cor Via Del Sol(Nog)/Via De Acton 93510,,3208037111,,3205,,,,,,Vac/Cor Via Del Sol(Nog)/Via De,,,,,,,,,,,,,,93510,,Unincorporated,Acton,,,,,LACO DPW House Numbering Map,{8BB54358-A853-4967-A1E5-BE6B9E47B35C},0,,8BB54358-A853-4967-A1E5-BE6B9E47B35C,Unknown,,,,,,Vac/Cor Via Del Sol(Nog)/Via De,2015-05-01 18:04:47+00:00,3205 Vac/Cor Via Del Sol(Nog)/Via De Acton 93510,8BB54358-A853-4967-A1E5-BE6B9E47B35C_3205_Vac/Cor_Via_Del_Sol(Nog)/Via_De_Acton_93510,Vac/Cor Via Del Sol(Nog)/Via De,3205 Vac/Cor Via Del Sol(Nog)/Via De Acton 93510,,,POINT (6504506.555827 1996588.937544),Incomplete_addresses_no_fraction&others_[validationResults]_554rows.csv,eGIS_Addressing_raw__2700971rows_51cols.csv
32615 Vac/Via De La Valle/Vic Ranchito Acton 93510,,3208038030,,32615,,,,,,Vac/Via De La Valle/Vic Ranchito,,,,,,,,,,,,,,93510,,Unincorporated,Acton,,,,,LACO DPW House Numbering Map,{9D1CEBBF-D9FA-438A-A879-214C6FDDAB53},0,,9D1CEBBF-D9FA-438A-A879-214C6FDDAB53,Unknown,,,,,,Vac/Via De La Valle/Vic Ranchito,2015-05-01 18:24:21+00:00,32615 Vac/Via De La Valle/Vic Ranchito Acton 93510,9D1CEBBF-D9FA-438A-A879-214C6FDDAB53_32615_Vac/Via_De_La_Valle/Vic_Ranchito_Acton_93510,Vac/Via De La Valle/Vic Ranchito,32615 Vac/Via De La Valle/Vic Ranchito Acton 93510,,,POINT (6503767.785323 1996267.055642),Incomplete_addresses_no_fraction&others_[validationResults]_554rows.csv,eGIS_Addressing_raw__2700971rows_51cols.csv
32515 Vac/Cor Via De La Valle(Nog)/Ran Acton 93510,,3208038033,,32515,,,,,,Vac/Cor Via De La Valle(Nog)/Ran,,,,,,,,,,,,,,93510,,Unincorporated,Acton,,,,,LACO DPW House Numbering Map,{D48F342E-0C56-4BC2-ACE0-13D8A1A2D4FF},0,,D48F342E-0C56-4BC2-ACE0-13D8A1A2D4FF,Unknown,,,,,,Vac/Cor Via De La Valle(Nog)/Ran,2015-05-01 18:04:00+00:00,32515 Vac/Cor Via De La Valle(Nog)/Ran Acton 93510,D48F342E-0C56-4BC2-ACE0-13D8A1A2D4FF_32515_Vac/Cor_Via_De_La_Valle(Nog)/Ran_Acton_93510,Vac/Cor Via De La Valle(Nog)/Ran,32515 Vac/Cor Via De La Valle(Nog)/Ran Acton 93510,,,POINT (6503772.532032 1995650.24454),Incomplete_addresses_no_fraction&others_[validationResults]_554rows.csv,eGIS_Addressing_raw__2700971rows_51cols.csv
Vac/Via De La Valle/Vic Sacramen Acton 93510,,3208038035,,0,,,,,,Vac/Via De La Valle/Vic Sacramen,,,,,,,,,,,,,,93510,,Unincorporated,Acton,,,,,LACO DPW House Numbering Map,{5470CB1A-7176-43F5-9919-6E115CF15599},0,,5470CB1A-7176-43F5-9919-6E115CF15599,Unknown,,,,,,Vac/Via De La Valle/Vic Sacramen,2015-05-01 18:06:04+00:00,Vac/Via De La Valle/Vic Sacramen Acton 93510,5470CB1A-7176-43F5-9919-6E115CF15599__Vac/Via_De_La_Valle/Vic_Sacramen_Acton_93510,Vac/Via De La Valle/Vic Sacramen,Vac/Via De La Valle/Vic Sacramen Acton 93510,,,POINT (6503737.540961 1995170.61689),Incomplete_addresses_no_fraction&others_[validationResults]_554rows.csv,eGIS_Addressing_raw__2700971rows_51cols.csv
Vac/Cor Via De La Valle(Nog)/Sac Acton 93510,,3208038036,,0,,,,,,Vac/Cor Via De La Valle(Nog)/Sac,,,,,,,,,,,,,,93510,,Unincorporated,Acton,,,,,LACO DPW House Numbering Map,{295A274F-6926-46D0-ABA4-4116BBA915D4},0,,295A274F-6926-46D0-ABA4-4116BBA915D4,Unknown,,,,,,Vac/Cor Via De La Valle(Nog)/Sac,2015-05-01 18:02:13+00:00,Vac/Cor Via De La Valle(Nog)/Sac Acton 93510,295A274F-6926-46D0-ABA4-4116BBA915D4__Vac/Cor_Via_De_La_Valle(Nog)/Sac_Acton_93510,Vac/Cor Via De La Valle(Nog)/Sac,Vac/Cor Via De La Valle(Nog)/Sac Acton 93510,,,POINT (6503645.891538 1994843.069973),Incomplete_addresses_no_fraction&others_[validationResults]_554rows.csv,eGIS_Addressing_raw__2700971rows_51cols.csv
32560 Vac/Cor Ranchito Ln9(Nog)/Rancho Acton 93510,,3208038039,,32560,,,,,,Vac/Cor Ranchito Ln9(Nog)/Rancho,,,,,,,,,,,,,,93510,,Unincorporated,Acton,,,,,LACO DPW House Numbering Map,{10EE849F-9225-4B9E-9881-6F2E25A6F742},0,,10EE849F-9225-4B9E-9881-6F2E25A6F742,Unknown,,,,,,Vac/Cor Ranchito Ln9(Nog)/Rancho,2015-05-01 18:04:47+00:00,32560 Vac/Cor Ranchito Ln9(Nog)/Rancho Acton 93510,10EE849F-9225-4B9E-9881-6F2E25A6F742_32560_Vac/Cor_Ranchito_Ln9(Nog)/Rancho_Acton_93510,Vac/Cor Ranchito Ln9(Nog)/Rancho,32560 Vac/Cor Ranchito Ln9(Nog)/Rancho Acton 93510,,,POINT (6503386.866137 1995650.73568),Incomplete_addresses_no_fraction&others_[validationResults]_554rows.csv,eGIS_Addressing_raw__2700971rows_51cols.csv
3520 Vac/Cor Mission Trail(Nog)/Ranch Acton 93510,,3208038051,,3520,,,,,,Vac/Cor Mission Trail(Nog)/Ranch,,,,,,,,,,,,,,93510,,Unincorporated,Acton,,,,,LACO DPW House Numbering Map,{FC2B12C7-5827-4AB8-B9ED-B4274A3BA32E},0,,FC2B12C7-5827-4AB8-B9ED-B4274A3BA32E,Unknown,,,,,,Vac/Cor Mission Trail(Nog)/Ranch,2015-05-01 18:27:17+00:00,3520 Vac/Cor Mission Trail(Nog)/Ranch Acton 93510,FC2B12C7-5827-4AB8-B9ED-B4274A3BA32E_3520_Vac/Cor_Mission_Trail(Nog)/Ranch_Acton_93510,Vac/Cor Mission Trail(Nog)/Ranch,3520 Vac/Cor Mission Trail(Nog)/Ranch Acton 93510,,,POINT (6503083.363791 1995635.656314),Incomplete_addresses_no_fraction&others_[validationResults]_554rows.csv,eGIS_Addressing_raw__2700971rows_51cols.csv
Vac/Via De Caballeros/Vic Wiscon Acton 93510,,3208039005,,0,,,,,,Vac/Via De Caballeros/Vic Wiscon,,,,,,,,,,,,,,93510,,Unincorporated,Acton,,,,,LACO DPW House Numbering Map,{01D88B78-6D19-4655-B671-0C6CFB870FE3},0,,01D88B78-6D19-4655-B671-0C6CFB870FE3,Unknown,,,,,,Vac/Via De Caballeros/Vic Wiscon,2015-05-01 18:22:27+00:00,Vac/Via De Caballeros/Vic Wiscon Acton 93510,01D88B78-6D19-4655-B671-0C6CFB870FE3__Vac/Via_De_Caballeros/Vic_Wiscon_Acton_93510,Vac/Via De Caballeros/Vic Wiscon,Vac/Via De Caballeros/Vic Wiscon Acton 93510,,,POINT (6505697.495046 1996462.433204),Incomplete_addresses_no_fraction&others_[validationResults]_554rows.csv,eGIS_Addressing_raw__2700971rows_51cols.csv
Vac/Via De Caballeros/Vic San Jo Acton 93510,,3208039010,,0,,,,,,Vac/Via De Caballeros/Vic San Jo,,,,,,,,,,,,,,93510,,Unincorporated,Acton,,,,,LACO DPW House Numbering Map,{C6235191-9276-47CB-918C-71AD5B7446DB},0,,C6235191-9276-47CB-918C-71AD5B7446DB,Unknown,,,,,,Vac/Via De Caballeros/Vic San Jo,2015-05-01 18:02:29+00:00,Vac/Via De Caballeros/Vic San Jo Acton 93510,C6235191-9276-47CB-918C-71AD5B7446DB__Vac/Via_De_Caballeros/Vic_San_Jo_Acton_93510,Vac/Via De Caballeros/Vic San Jo,Vac/Via De Caballeros/Vic San Jo Acton 93510,,,POINT (6505029.887457 1996456.67895),Incomplete_addresses_no_fraction&others_[validationResults]_554rows.csv,eGIS_Addressing_raw__2700971rows_51cols.csv
Vac/Cor San Jose St(Nog)/Via De Acton 93510,,3208039012,,0,,,,,,Vac/Cor San Jose St(Nog)/Via De,,,,,,,,,,,,,,93510,,Unincorporated,Acton,,,,,LACO DPW House Numbering Map,{437076F2-D49F-4117-BA19-99C2C4FF3D01},0,,437076F2-D49F-4117-BA19-99C2C4FF3D01,Unknown,,,,,,Vac/Cor San Jose St(Nog)/Via De,2015-05-01 18:24:21+00:00,Vac/Cor San Jose St(Nog)/Via De Acton 93510,437076F2-D49F-4117-BA19-99C2C4FF3D01__Vac/Cor_San_Jose_St(Nog)/Via_De_Acton_93510,Vac/Cor San Jose St(Nog)/Via De,Vac/Cor San Jose St(Nog)/Via De Acton 93510,,,POINT (6504676.519398 1996239.52945),Incomplete_addresses_no_fraction&others_[validationResults]_554rows.csv,eGIS_Addressing_raw__2700971rows_51cols.csv
Vac/Avenida Montagne/Vic San Jos Acton 93510,,3208039014,,0,,,,,,Vac/Avenida Montagne/Vic San Jos,,,,,,,,,,,,,,93510,,Unincorporated,Acton,,,,,LACO DPW House Numbering Map,{57D5A17F-7EAE-461C-A625-BBA2155F98E7},0,,57D5A17F-7EAE-461C-A625-BBA2155F98E7,Unknown,,,,,,Vac/Avenida Montagne/Vic San Jos,2015-05-01 18:06:04+00:00,Vac/Avenida Montagne/Vic San Jos Acton 93510,57D5A17F-7EAE-461C-A625-BBA2155F98E7__Vac/Avenida_Montagne/Vic_San_Jos_Acton_93510,Vac/Avenida Montagne/Vic San Jos,Vac/Avenida Montagne/Vic San Jos Acton 93510,,,POINT (6504841.299252 1995910.230568),Incomplete_addresses_no_fraction&others_[validationResults]_554rows.csv,eGIS_Addressing_raw__2700971rows_51cols.csv
Vac/Avenida Montagne/Vic Wiscons Acton 93510,,3208039020,,0,,,,,,Vac/Avenida Montagne/Vic Wiscons,,,,,,,,,,,,,,93510,,Unincorporated,Acton,,,,,LACO DPW House Numbering Map,{0AE6768B-450D-4216-9477-EBFE81F14305},0,,0AE6768B-450D-4216-9477-EBFE81F14305,Unknown,,,,,,Vac/Avenida Montagne/Vic Wiscons,2015-05-01 18:23:28+00:00,Vac/Avenida Montagne/Vic Wiscons Acton 93510,0AE6768B-450D-4216-9477-EBFE81F14305__Vac/Avenida_Montagne/Vic_Wiscons_Acton_93510,Vac/Avenida Montagne/Vic Wiscons,Vac/Avenida Montagne/Vic Wiscons Acton 93510,,,POINT (6505694.315262 1995910.479255),Incomplete_addresses_no_fraction&others_[validationResults]_554rows.csv,eGIS_Addressing_raw__2700971rows_51cols.csv
Vac/San Jose St/Vic Avenida Mont Acton 93510,,3208039029,,0,,,,,,Vac/San Jose St/Vic Avenida Mont,,,,,,,,,,,,,,93510,,Unincorporated,Acton,,,,,LACO DPW House Numbering Map,{DE50EFE7-4B70-4AF1-89ED-9BA7BD8AF666},0,,DE50EFE7-4B70-4AF1-89ED-9BA7BD8AF666,Unknown,,,,,,Vac/San Jose St/Vic Avenida Mont,2015-05-01 18:06:04+00:00,Vac/San Jose St/Vic Avenida Mont Acton 93510,DE50EFE7-4B70-4AF1-89ED-9BA7BD8AF666__Vac/San_Jose_St/Vic_Avenida_Mont_Acton_93510,Vac/San Jose St/Vic Avenida Mont,Vac/San Jose St/Vic Avenida Mont Acton 93510,,,POINT (6504543.927799 1996286.743923),Incomplete_addresses_no_fraction&others_[validationResults]_554rows.csv,eGIS_Addressing_raw__2700971rows_51cols.csv
Vac/San Jose St/Vic Avenda Monta Acton 93510,,3208039031,,0,,,,,,Vac/San Jose St/Vic Avenda Monta,,,,,,,,,,,,,,93510,,Unincorporated,Acton,,,,,LACO DPW House Numbering Map,{E8D20C20-58B0-4912-8FE4-4882BF5EC459},0,,E8D20C20-58B0-4912-8FE4-4882BF5EC459,Unknown,,,,,,Vac/San Jose St/Vic Avenda Monta,2015-05-01 18:05:49+00:00,Vac/San Jose St/Vic Avenda Monta Acton 93510,E8D20C20-58B0-4912-8FE4-4882BF5EC459__Vac/San_Jose_St/Vic_Avenda_Monta_Acton_93510,Vac/San Jose St/Vic Avenda Monta,Vac/San Jose St/Vic Avenda Monta Acton 93510,,,POINT (6504550.051147 1996038.180772),Incomplete_addresses_no_fraction&others_[validationResults]_554rows.csv,eGIS_Addressing_raw__2700971rows_51cols.csv
Vac/San Jose St/Vic Sacramento A Acton 93510,,3208039036,,0,,,,,,Vac/San Jose St/Vic Sacramento A,,,,,,,,,,,,,,93510,,Unincorporated,Acton,,,,,LACO DPW House Numbering Map,{D0B9BAF8-52A1-4F80-9F78-4996D86455D1},0,,D0B9BAF8-52A1-4F80-9F78-4996D86455D1,Unknown,,,,,,Vac/San Jose St/Vic Sacramento A,2015-05-01 18:05:19+00:00,Vac/San Jose St/Vic Sacramento A Acton 93510,D0B9BAF8-52A1-4F80-9F78-4996D86455D1__Vac/San_Jose_St/Vic_Sacramento_A_Acton_93510,Vac/San Jose St/Vic Sacramento A,Vac/San Jose St/Vic Sacramento A Acton 93510,,,POINT (6504556.567538 1995385.147957),Incomplete_addresses_no_fraction&others_[validationResults]_554rows.csv,eGIS_Addressing_raw__2700971rows_51cols.csv
Vac/Fia De La Valle/Vic Sacramen Acton 93510,,3208039046,,0,,,,,,Vac/Fia De La Valle/Vic Sacramen,,,,,,,,,,,,,,93510,,Unincorporated,Acton,,,,,LACO DPW House Numbering Map,{C4804A6C-456D-4F19-A7FB-214E1B63F989},0,,C4804A6C-456D-4F19-A7FB-214E1B63F989,Unknown,,,,,,Vac/Fia De La Valle/Vic Sacramen,2015-05-01 18:05:02+00:00,Vac/Fia De La Valle/Vic Sacramen Acton 93510,C4804A6C-456D-4F19-A7FB-214E1B63F989__Vac/Fia_De_La_Valle/Vic_Sacramen_Acton_93510,Vac/Fia De La Valle/Vic Sacramen,Vac/Fia De La Valle/Vic Sacramen Acton 93510,,,POINT (6503909.339502 1995769.533343),Incomplete_addresses_no_fraction&others_[validationResults]_554rows.csv,eGIS_Addressing_raw__2700971rows_51cols.csv
Vac/Via De La Valle/Vic Via De C Acton 93510,,3208039049,,0,,,,,,Vac/Via De La Valle/Vic Via De C,,,,,,,,,,,,,,93510,,Unincorporated,Acton,,,,,LACO DPW House Numbering Map,{BDE482FD-C059-4587-A1F6-EEECE2A7E5C8},0,,BDE482FD-C059-4587-A1F6-EEECE2A7E5C8,Unknown,,,,,,Vac/Via De La Valle/Vic Via De C,2015-05-01 18:12:58+00:00,Vac/Via De La Valle/Vic Via De C Acton 93510,BDE482FD-C059-4587-A1F6-EEECE2A7E5C8__Vac/Via_De_La_Valle/Vic_Via_De_C_Acton_93510,Vac/Via De La Valle/Vic Via De C,Vac/Via De La Valle/Vic Via De C Acton 93510,,,POINT (6503900.38217 1996156.595233),Incomplete_addresses_no_fraction&others_[validationResults]_554rows.csv,eGIS_Addressing_raw__2700971rows_51cols.csv
11343 Vac/Soledad Cyn/Vic Agua Dulce C Santa Clarita 91390,,3210013036,,11343,,,,,,Vac/Soledad Cyn/Vic Agua Dulce C,,,,,,,,,,,,,,91390,,Unincorporated,Santa Clarita,Agua Dulce,,,,LACO DPW House Numbering Map,{F631C99E-EC55-4B5D-B08A-0F1E59AB3431},0,,F631C99E-EC55-4B5D-B08A-0F1E59AB3431,Unknown,,,,,,Vac/Soledad Cyn/Vic Agua Dulce C,2015-05-01 18:05:35+00:00,11343 Vac/Soledad Cyn/Vic Agua Dulce C Santa Clarita 91390,F631C99E-EC55-4B5D-B08A-0F1E59AB3431_11343_Vac/Soledad_Cyn/Vic_Agua_Dulce_C_Santa_Clarita_91390,Vac/Soledad Cyn/Vic Agua Dulce C,11343 Vac/Soledad Cyn/Vic Agua Dulce C Santa Clarita 91390,,,POINT (6461731.486522 1981792.995351),Incomplete_addresses_no_fraction&others_[validationResults]_554rows.csv,eGIS_Addressing_raw__2700971rows_51cols.csv
14022 Vac/Lang Sta Rd/Vic Soledad Cyn Canyon Country 91387,,3210015021,,14022,,,,,,Vac/Lang Sta Rd/Vic Soledad Cyn,,,,,,,,,,,,,,91387,,Unincorporated,Canyon Country,Santa Clarita,,,,LACO DPW House Numbering Map,{1846AC54-37BB-4946-B835-57FC195DAA43},0,,1846AC54-37BB-4946-B835-57FC195DAA43,Unknown,,,,,,Vac/Lang Sta Rd/Vic Soledad Cyn,2015-05-01 18:07:02+00:00,14022 Vac/Lang Sta Rd/Vic Soledad Cyn Canyon Country 91387,1846AC54-37BB-4946-B835-57FC195DAA43_14022_Vac/Lang_Sta_Rd/Vic_Soledad_Cyn_Canyon_Country_91387,Vac/Lang Sta Rd/Vic Soledad Cyn,14022 Vac/Lang Sta Rd/Vic Soledad Cyn Canyon Country 91387,,,POINT (6446420.824886 1978977.250327),Incomplete_addresses_no_fraction&others_[validationResults]_554rows.csv,eGIS_Addressing_raw__2700971rows_51cols.csv
Escondido Canyon Rd Santa Clarita 91390,,3212001003,,0,,,,,,Escondido Canyon,Road,,,,,,,,,,,,,91390,,Unincorporated,Santa Clarita,Agua Dulce,,,,LACO DPW Add,{EA892B16-E97A-43AC-8E04-6099E350DF05},0,,EA892B16-E97A-43AC-8E04-6099E350DF05,Unknown,,,,,Rd,Escondido Canyon Rd,2024-09-14 08:24:46+00:00,Escondido Canyon Rd Santa Clarita 91390,EA892B16-E97A-43AC-8E04-6099E350DF05__Escondido_Canyon_Rd_Santa_Clarita_91390,Escondido Canyon,Escondido Canyon Road Rd Santa Clarita 91390,,,POINT (6475440.234695 2002880.644449),Incomplete_addresses_no_fraction&others_[validationResults]_554rows.csv,eGIS_Addressing_raw__2700971rows_51cols.csv
FRENCH GULCH Rd Santa Clarita 91390,,3212001003,,0,,,,,,FRENCH GULCH,Road,,,,,,,,,,,,,91390,,Unincorporated,Santa Clarita,Agua Dulce,,,,LACO DPW Add,{D7FB8935-7336-45A9-9D57-0FF68C38235B},0,,D7FB8935-7336-45A9-9D57-0FF68C38235B,Unknown,,,,,Rd,FRENCH GULCH Rd,2024-09-14 08:24:46+00:00,FRENCH GULCH Rd Santa Clarita 91390,D7FB8935-7336-45A9-9D57-0FF68C38235B__FRENCH_GULCH_Rd_Santa_Clarita_91390,FRENCH GULCH,FRENCH GULCH Road Rd Santa Clarita 91390,,,POINT (6475566.408983 2002880.644449),Incomplete_addresses_no_fraction&others_[validationResults]_554rows.csv,eGIS_Addressing_raw__2700971rows_51cols.csv
32040 t N Aqua Dulce Canyon Rd Santa Clarita 91390,,3212004012,,32040,t,,North,,,Aqua Dulce Canyon,Road,,,,,,,,,,,,,91390,,Unincorporated,Santa Clarita,Agua Dulce,,,,LACO DPW Add,{B3B01AB4-A5F3-4BD6-AD84-D111C0CEE93D},0,,B3B01AB4-A5F3-4BD6-AD84-D111C0CEE93D,Unknown,,N,,,Rd,N Aqua Dulce Canyon Rd,2015-05-04 20:51:11+00:00,32040 t N Aqua Dulce Canyon Rd Santa Clarita 91390,B3B01AB4-A5F3-4BD6-AD84-D111C0CEE93D_32040_t_N_Aqua_Dulce_Canyon_Rd_Santa_Clarita_91390,Aqua Dulce Canyon,32040 t N Aqua Dulce Canyon Road Rd Santa Clarita 91390,,,POINT (6462220.07183 1995046.786101),Incomplete_addresses_no_fraction&others_[validationResults]_554rows.csv,eGIS_Addressing_raw__2700971rows_51cols.csv
32080 t Avenida Donari Santa Clarita 91390,,3212008051,,32080,t,,,Avenida,,Donari,,,,,,,,,,,,,,91390,,Unincorporated,Santa Clarita,Agua Dulce,,,,LACO DPW Add,{D069C31A-FE78-4E60-B73B-4771B635C1FF},0,,D069C31A-FE78-4E60-B73B-4771B635C1FF,Unknown,,,,Avenida,,Avenida Donari,2024-09-14 08:24:46+00:00,32080 t Avenida Donari Santa Clarita 91390,D069C31A-FE78-4E60-B73B-4771B635C1FF_32080_t_Avenida_Donari_Santa_Clarita_91390,Avenida Donari,32080 t Avenida Donari Santa Clarita 91390,,,POINT (6462312.925319 1995691.145377),Incomplete_addresses_no_fraction&others_[validationResults]_554rows.csv,eGIS_Addressing_raw__2700971rows_51cols.csv
N Anthony Rd Santa Clarita 91390,,3213006018,,0,,,North,,,Anthony,Road,,,,,,,,,,,,,91390,,Unincorporated,Santa Clarita,Agua Dulce,,,,LACO DPW House Numbering Map,{FD0BF5FE-5297-4A37-8660-71252CD20C4B},0,,FD0BF5FE-5297-4A37-8660-71252CD20C4B,Unknown,,N,,,Rd,N Anthony Rd,2024-07-29 17:27:17+00:00,N Anthony Rd Santa Clarita 91390,FD0BF5FE-5297-4A37-8660-71252CD20C4B__N_Anthony_Rd_Santa_Clarita_91390,Anthony,N Anthony Road Rd Santa Clarita 91390,,,POINT (6477751.881646 2013885.253673),Incomplete_addresses_no_fraction&others_[validationResults]_554rows.csv,eGIS_Addressing_raw__2700971rows_51cols.csv
Vac/Ares(Drt)/Vic Tyndall Rd Santa Clarita 91390,,3213022034,,0,,,,,,Vac/Ares(Drt)/Vic Tyndall,Road,,,,,,,,,,,,,91390,,Unincorporated,Santa Clarita,Agua Dulce,,,,LACO DPW House Numbering Map,{41C2CCD6-6499-4F62-AAF3-C9CA97C8A126},0,,41C2CCD6-6499-4F62-AAF3-C9CA97C8A126,Unknown,,,,,Rd,Vac/Ares(Drt)/Vic Tyndall Rd,2015-05-01 18:04:47+00:00,Vac/Ares(Drt)/Vic Tyndall Rd Santa Clarita 91390,41C2CCD6-6499-4F62-AAF3-C9CA97C8A126__Vac/Ares(Drt)/Vic_Tyndall_Rd_Santa_Clarita_91390,Vac/Ares(Drt)/Vic Tyndall,Vac/Ares(Drt)/Vic Tyndall Road Rd Santa Clarita 91390,,,POINT (6465648.209659 2003733.955406),Incomplete_addresses_no_fraction&others_[validationResults]_554rows.csv,eGIS_Addressing_raw__2700971rows_51cols.csv
13118 T Reservoir Ave Santa Clarita 91390,,3214035025,,13118,T,,,,,Reservoir,Avenue,,,,,,,,,,,,,91390,,Unincorporated,Santa Clarita,Agua Dulce,,,,LACO DPW Add,{09C5F784-6155-4BFE-9A72-F2D1DB257B43},0,,09C5F784-6155-4BFE-9A72-F2D1DB257B43,Unknown,,,,,Ave,Reservoir Ave,2015-05-04 20:48:42+00:00,13118 T Reservoir Ave Santa Clarita 91390,09C5F784-6155-4BFE-9A72-F2D1DB257B43_13118_T_Reservoir_Ave_Santa_Clarita_91390,Reservoir,13118 T Reservoir Avenue Ave Santa Clarita 91390,,,POINT (6451893.426473 2008393.275484),Incomplete_addresses_no_fraction&others_[validationResults]_554rows.csv,eGIS_Addressing_raw__2700971rows_51cols.csv
5321 Vac/Cor Shannon Vly Rd/Via Famer Acton 93510,,3216003009,,5321,,,,,,Vac/Cor Shannon Vly Rd/Via Famer,,,,,,,,,,,,,,93510,,Unincorporated,Acton,,,,,LACO DPW Add,{4608D73E-A8F4-4B73-B605-77E267756E3A},0,,4608D73E-A8F4-4B73-B605-77E267756E3A,Unknown,,,,,,Vac/Cor Shannon Vly Rd/Via Famer,2024-09-14 08:24:46+00:00,5321 Vac/Cor Shannon Vly Rd/Via Famer Acton 93510,4608D73E-A8F4-4B73-B605-77E267756E3A_5321_Vac/Cor_Shannon_Vly_Rd/Via_Famer_Acton_93510,Vac/Cor Shannon Vly Rd/Via Famer,5321 Vac/Cor Shannon Vly Rd/Via Famer Acton 93510,,,POINT (6493717.568219 2013929.284425),Incomplete_addresses_no_fraction&others_[validationResults]_554rows.csv,eGIS_Addressing_raw__2700971rows_51cols.csv
Vac/Sierra Hwy/Vic 68 St W Santa Clarita 91390,,3216009003,,0,,,,,,Vac/Sierra Hwy/Vic 68,Street,West,,,,,,,,,,,,91390,,Unincorporated,Santa Clarita,Agua Dulce,,,,LACO DPW House Numbering Map,{0B043327-C416-4A7C-9FDE-2AF89803258B},0,,0B043327-C416-4A7C-9FDE-2AF89803258B,Unknown,,,W,,St,Vac/Sierra Hwy/Vic 68 St W,2015-05-01 18:08:00+00:00,Vac/Sierra Hwy/Vic 68 St W Santa Clarita 91390,0B043327-C416-4A7C-9FDE-2AF89803258B__Vac/Sierra_Hwy/Vic_68_St_W_Santa_Clarita_91390,Vac/Sierra Hwy/Vic 68,Vac/Sierra Hwy/Vic 68 Street St W Santa Clarita 91390,,,POINT (6485988.886826 2012651.442821),Incomplete_addresses_no_fraction&others_[validationResults]_554rows.csv,eGIS_Addressing_raw__2700971rows_51cols.csv
Vac/Capland Dr/Vic 69 St W Santa Clarita 91390,,3216009028,,0,,,,,,Vac/Capland Dr/Vic 69,Street,West,,,,,,,,,,,,91390,,Unincorporated,Santa Clarita,Agua Dulce,,,,LACO DPW House Numbering Map,{261FF944-60C4-469A-A408-F3D8DCB7A5AE},0,,261FF944-60C4-469A-A408-F3D8DCB7A5AE,Unknown,,,W,,St,Vac/Capland Dr/Vic 69 St W,2015-05-01 18:13:12+00:00,Vac/Capland Dr/Vic 69 St W Santa Clarita 91390,261FF944-60C4-469A-A408-F3D8DCB7A5AE__Vac/Capland_Dr/Vic_69_St_W_Santa_Clarita_91390,Vac/Capland Dr/Vic 69,Vac/Capland Dr/Vic 69 Street St W Santa Clarita 91390,,,POINT (6485845.161391 2011330.124925),Incomplete_addresses_no_fraction&others_[validationResults]_554rows.csv,eGIS_Addressing_raw__2700971rows_51cols.csv
Vac/Shoshone Thompson Rd/Vic Sha Acton 93510,,3216018036,,0,,,,,,Vac/Shoshone Thompson Rd/Vic Sha,,,,,,,,,,,,,,93510,,Unincorporated,Acton,,,,,LACO DPW House Numbering Map,{F9412EBB-006A-4E04-945C-8DC258501BB1},0,,F9412EBB-006A-4E04-945C-8DC258501BB1,Unknown,,,,,,Vac/Shoshone Thompson Rd/Vic Sha,2015-05-01 18:03:28+00:00,Vac/Shoshone Thompson Rd/Vic Sha Acton 93510,F9412EBB-006A-4E04-945C-8DC258501BB1__Vac/Shoshone_Thompson_Rd/Vic_Sha_Acton_93510,Vac/Shoshone Thompson Rd/Vic Sha,Vac/Shoshone Thompson Rd/Vic Sha Acton 93510,,,POINT (6489575.560098 2008121.045057),Incomplete_addresses_no_fraction&others_[validationResults]_554rows.csv,eGIS_Addressing_raw__2700971rows_51cols.csv
35820 Vac/crown Vly Rd/vic Roca Trl Acton 93510,,3217005048,,35820,,,,,,Vac/crown Vly Rd/vic Roca,Trail,,,,,,,,,,,,,93510,1220,Unincorporated,Acton,,,,,Office of Assessor - Add 202309,{22BB329B-FAAF-4B98-AB86-D5FE2216FFC1},0,,22BB329B-FAAF-4B98-AB86-D5FE2216FFC1,Unknown,,,,,Trl,Vac/crown Vly Rd/vic Roca Trl,2023-11-21 16:47:07+00:00,35820 Vac/crown Vly Rd/vic Roca Trl Acton 93510,22BB329B-FAAF-4B98-AB86-D5FE2216FFC1_35820_Vac/crown_Vly_Rd/vic_Roca_Trl_Acton_93510,Vac/crown Vly Rd/vic Roca,35820 Vac/crown Vly Rd/vic Roca Trail Trl Acton 93510,,,POINT (6502902.680754 2015582.155135),Incomplete_addresses_no_fraction&others_[validationResults]_554rows.csv,eGIS_Addressing_raw__2700971rows_51cols.csv
34414 Vac/Crossbow Rd/Vic Bandell St Acton 93510,,3217020048,,34414,,,,,,Vac/Crossbow Rd/Vic Bandell,Street,,,,,,,,,,,,,93510,,Unincorporated,Acton,,,,,LACO DPW House Numbering Map,{B7A97783-87CA-4D72-AB1C-4765F86A5BAD},0,,B7A97783-87CA-4D72-AB1C-4765F86A5BAD,Unknown,,,,,St,Vac/Crossbow Rd/Vic Bandell St,2015-05-01 18:04:30+00:00,34414 Vac/Crossbow Rd/Vic Bandell St Acton 93510,B7A97783-87CA-4D72-AB1C-4765F86A5BAD_34414_Vac/Crossbow_Rd/Vic_Bandell_St_Acton_93510,Vac/Crossbow Rd/Vic Bandell,34414 Vac/Crossbow Rd/Vic Bandell Street St Acton 93510,,,POINT (6503933.849295 2006110.860101),Incomplete_addresses_no_fraction&others_[validationResults]_554rows.csv,eGIS_Addressing_raw__2700971rows_51cols.csv
2860 Vac/Sierra Hwy/Vic Acton Cyn Rd Acton 93510,,3217023024,,2860,,,,,,Vac/Sierra Hwy/Vic Acton Cyn,Road,,,,,,,,,,,,,93510,,Unincorporated,Acton,,,,,LACO DPW House Numbering Map,{4F707604-3E37-4976-A99A-B38F5CF42787},0,,4F707604-3E37-4976-A99A-B38F5CF42787,Unknown,,,,,Rd,Vac/Sierra Hwy/Vic Acton Cyn Rd,2015-05-01 18:10:13+00:00,2860 Vac/Sierra Hwy/Vic Acton Cyn Rd Acton 93510,4F707604-3E37-4976-A99A-B38F5CF42787_2860_Vac/Sierra_Hwy/Vic_Acton_Cyn_Rd_Acton_93510,Vac/Sierra Hwy/Vic Acton Cyn,2860 Vac/Sierra Hwy/Vic Acton Cyn Road Rd Acton 93510,,,POINT (6507391.836474 2001922.706404),Incomplete_addresses_no_fraction&others_[validationResults]_554rows.csv,eGIS_Addressing_raw__2700971rows_51cols.csv
Vac/Larchfork Rd/Vic Clayvale St Acton 93510,,3217028006,,0,,,,,,Vac/Larchfork Rd/Vic Clayvale,Street,,,,,,,,,,,,,93510,,Unincorporated,Acton,,,,,LACO DPW House Numbering Map,{23ED1E0E-BDAC-4363-B6FB-540674F4B2C8},0,,23ED1E0E-BDAC-4363-B6FB-540674F4B2C8,Unknown,,,,,St,Vac/Larchfork Rd/Vic Clayvale St,2015-05-01 18:08:00+00:00,Vac/Larchfork Rd/Vic Clayvale St Acton 93510,23ED1E0E-BDAC-4363-B6FB-540674F4B2C8__Vac/Larchfork_Rd/Vic_Clayvale_St_Acton_93510,Vac/Larchfork Rd/Vic Clayvale,Vac/Larchfork Rd/Vic Clayvale Street St Acton 93510,,,POINT (6502430.292919 2012966.354921),Incomplete_addresses_no_fraction&others_[validationResults]_554rows.csv,eGIS_Addressing_raw__2700971rows_51cols.csv
5420 Vac/Escondido Cyn Rd/Vic 55th St Acton 93510,,3223003018,,5420,,,,,,Vac/Escondido Cyn Rd/Vic 55th,Street,,,,,,,,,,,,,93510,,Unincorporated,Acton,,,,,LACO DPW House Numbering Map,{7C93AAA0-A835-4568-A63D-1A1BF7FE4DEF},0,,7C93AAA0-A835-4568-A63D-1A1BF7FE4DEF,Unknown,,,,,St,Vac/Escondido Cyn Rd/Vic 55th St,2015-05-01 18:15:55+00:00,5420 Vac/Escondido Cyn Rd/Vic 55th St Acton 93510,7C93AAA0-A835-4568-A63D-1A1BF7FE4DEF_5420_Vac/Escondido_Cyn_Rd/Vic_55th_St_Acton_93510,Vac/Escondido Cyn Rd/Vic 55th,5420 Vac/Escondido Cyn Rd/Vic 55th Street St Acton 93510,,,POINT (6492828.877739 2003801.17312),Incomplete_addresses_no_fraction&others_[validationResults]_554rows.csv,eGIS_Addressing_raw__2700971rows_51cols.csv
5390 Vac/Vic Ave W14/Hubbard Rd Acton 93510,,3223005044,,5390,,,,,,Vac/Vic Ave W14/Hubbard,Road,,,,,,,,,,,,,93510,,Unincorporated,Acton,,,,,LACO DPW House Numbering Map,{6623C34F-39D0-4686-8945-4217093FB909},0,,6623C34F-39D0-4686-8945-4217093FB909,Unknown,,,,,Rd,Vac/Vic Ave W14/Hubbard Rd,2015-05-01 18:05:02+00:00,5390 Vac/Vic Ave W14/Hubbard Rd Acton 93510,6623C34F-39D0-4686-8945-4217093FB909_5390_Vac/Vic_Ave_W14/Hubbard_Rd_Acton_93510,Vac/Vic Ave W14/Hubbard,5390 Vac/Vic Ave W14/Hubbard Road Rd Acton 93510,,,POINT (6493649.54342 1997965.946273),Incomplete_addresses_no_fraction&others_[validationResults]_554rows.csv,eGIS_Addressing_raw__2700971rows_51cols.csv
Calle El Cape Santa Clarita 91390,,3227026048,,0,,,,Calle,El,Cape,,,,,,,,,,,,,,91390,,Unincorporated,Santa Clarita,Agua Dulce,,,,LACO DPW Add,{387AAB48-A0A4-4718-97FE-2110C51FF50F},0,,387AAB48-A0A4-4718-97FE-2110C51FF50F,Unknown,,,,Cll,,Calle El Cape,2024-09-14 08:24:46+00:00,Calle El Cape Santa Clarita 91390,387AAB48-A0A4-4718-97FE-2110C51FF50F__Calle_El_Cape_Santa_Clarita_91390,Calle El Cape,Calle El Cape Santa Clarita 91390,,,POINT (6438483.703621 2048017.374385),Incomplete_addresses_no_fraction&others_[validationResults]_554rows.csv,eGIS_Addressing_raw__2700971rows_51cols.csv
215 Lancaster 93536,,3240014030,,215,,,,,,,,,,,,,,,,,,,,93536,,Unincorporated,Lancaster,Del Sur,,,,Office of Assessor,{83474C53-1ED8-40D7-AEA6-895E1D32688F},0,,83474C53-1ED8-40D7-AEA6-895E1D32688F,Unknown,,,,,,,2015-05-07 22:07:28+00:00,215 Lancaster 93536,83474C53-1ED8-40D7-AEA6-895E1D32688F_215_Lancaster_93536,,215 Lancaster 93536,,,POINT (6405960.414337 2086640.905406),Incomplete_addresses_no_fraction&others_[validationResults]_554rows.csv,eGIS_Addressing_raw__2700971rows_51cols.csv
30674 t Sloan Canyon Rd Castaic 91384,,3247042009,,30674,t,,,,,Sloan Canyon,Road,,,,,,,,,,,,,91384,,Unincorporated,Castaic,Val Verde,,,,LACO DPW Add,{4900D8A4-6458-4C7C-9945-389BB3E6B0DB},0,,4900D8A4-6458-4C7C-9945-389BB3E6B0DB,Unknown,,,,,Rd,Sloan Canyon Rd,2021-09-27 17:49:16+00:00,30674 t Sloan Canyon Rd Castaic 91384,4900D8A4-6458-4C7C-9945-389BB3E6B0DB_30674_t_Sloan_Canyon_Rd_Castaic_91384,Sloan Canyon,30674 t Sloan Canyon Road Rd Castaic 91384,,,POINT (6365426.242125 1995994.108025),Incomplete_addresses_no_fraction&others_[validationResults]_554rows.csv,eGIS_Addressing_raw__2700971rows_51cols.csv
30086 A Valley Glen Ct Castaic 91384,,3247066025,,30086,A,,,,,Valley Glen,Court,,,,,,,,,,,,,91384,,Unincorporated,Castaic,Val Verde,,,,LACO DPW Add,{8AB5D9D0-70A9-4864-939E-385C4A4F0251},0,,8AB5D9D0-70A9-4864-939E-385C4A4F0251,Unknown,,,,,Ct,Valley Glen Ct,2023-11-27 21:16:17+00:00,30086 A Valley Glen Ct Castaic 91384,8AB5D9D0-70A9-4864-939E-385C4A4F0251_30086_A_Valley_Glen_Ct_Castaic_91384,Valley Glen,30086 A Valley Glen Court Ct Castaic 91384,,,POINT (6360015.144023 1992356.866284),Incomplete_addresses_no_fraction&others_[validationResults]_554rows.csv,eGIS_Addressing_raw__2700971rows_51cols.csv
Vac/Gorman Post Rd/Vic Hayride R Lebec 93243,,3251011009,,0,,,,,,Vac/Gorman Post Rd/Vic Hayride R,,,,,,,,,,,,,,93243,,Unincorporated,Lebec,Gorman,,,,LACO DPW House Numbering Map,{3ED50377-AFDB-4760-BC8A-49D02198F217},0,,3ED50377-AFDB-4760-BC8A-49D02198F217,Unknown,,,,,,Vac/Gorman Post Rd/Vic Hayride R,2015-05-07 22:07:28+00:00,Vac/Gorman Post Rd/Vic Hayride R Lebec 93243,3ED50377-AFDB-4760-BC8A-49D02198F217__Vac/Gorman_Post_Rd/Vic_Hayride_R_Lebec_93243,Vac/Gorman Post Rd/Vic Hayride R,Vac/Gorman Post Rd/Vic Hayride R Lebec 93243,,,POINT (6304482.826938 2113570.247216),Incomplete_addresses_no_fraction&others_[validationResults]_554rows.csv,eGIS_Addressing_raw__2700971rows_51cols.csv
32773 Lake Hughes 93532,,3253006005,,32773,,,,,,,,,,,,,,,,,,,,93532,,Unincorporated,Lake Hughes,Elizabeth Lake,,,,LACO DPW Add,{4D86B8C2-04B5-4ABD-855D-007425AEB1D6},0,,4D86B8C2-04B5-4ABD-855D-007425AEB1D6,Unknown,,,,,,,2017-02-23 16:25:15+00:00,32773 Lake Hughes 93532,4D86B8C2-04B5-4ABD-855D-007425AEB1D6_32773_Lake_Hughes_93532,,32773 Lake Hughes 93532,,,POINT (6349689.779831 2096948.365762),Incomplete_addresses_no_fraction&others_[validationResults]_554rows.csv,eGIS_Addressing_raw__2700971rows_51cols.csv
Vac/Cor Ave B(Pav)/100 St W Lancaster 93536,,3262001007,,0,,,,,,Vac/Cor Ave B(Pav)/100,Street,West,,,,,,,,,,,,93536,,Unincorporated,Lancaster,Del Sur,,,,LACO DPW House Numbering Map,{D1682C4A-6AB0-4F89-832C-CA318B8DB391},0,,D1682C4A-6AB0-4F89-832C-CA318B8DB391,Unknown,,,W,,St,Vac/Cor Ave B(Pav)/100 St W,2015-05-01 18:03:28+00:00,Vac/Cor Ave B(Pav)/100 St W Lancaster 93536,D1682C4A-6AB0-4F89-832C-CA318B8DB391__Vac/Cor_Ave_B(Pav)/100_St_W_Lancaster_93536,Vac/Cor Ave B(Pav)/100,Vac/Cor Ave B(Pav)/100 Street St W Lancaster 93536,,,POINT (6469003.571387 2115773.865184),Incomplete_addresses_no_fraction&others_[validationResults]_554rows.csv,eGIS_Addressing_raw__2700971rows_51cols.csv
N 70th St W Lancaster 93536,,3268006067,,0,,,North,,,70th,Street,West,,,,,,,,,,,,93536,,Unincorporated,Lancaster,Del Sur,,,,Office of Assessor,{AA940874-59D4-4C49-9507-50E7EB8DF26B},0,,AA940874-59D4-4C49-9507-50E7EB8DF26B,Unknown,,N,W,,St,N 70th St W,2019-09-19 07:57:09+00:00,N 70th St W Lancaster 93536,AA940874-59D4-4C49-9507-50E7EB8DF26B__N_70th_St_W_Lancaster_93536,70th,N 70th Street St W Lancaster 93536,,,POINT (6484263.377153 2091041.999294),Incomplete_addresses_no_fraction&others_[validationResults]_554rows.csv,eGIS_Addressing_raw__2700971rows_51cols.csv
Walnut Rd Castaic 91384,,3272023008,,0,,,,,,Walnut,Road,,,,,,,,,,,,,91384,,Unincorporated,Castaic,Val Verde,,,,LACO DPW House Numbering Map,{458D42A7-49AA-4CF9-8505-7A1F808A4A15},0,,458D42A7-49AA-4CF9-8505-7A1F808A4A15,Unknown,,,,,Rd,Walnut Rd,2021-09-27 17:49:16+00:00,Walnut Rd Castaic 91384,458D42A7-49AA-4CF9-8505-7A1F808A4A15__Walnut_Rd_Castaic_91384,Walnut,Walnut Road Rd Castaic 91384,,,POINT (6359693.939941 1976397.162311),Incomplete_addresses_no_fraction&others_[validationResults]_554rows.csv,eGIS_Addressing_raw__2700971rows_51cols.csv
50645 Vac/258 Stw/Vic Ave B3 Lancaster 93536,,3277004021,,50645,,,,,,Vac/258 Stw/Vic Ave B3,,,,,,,,,,,,,,93536,,Unincorporated,Lancaster,Del Sur,,,,LACO DPW House Numbering Map,{14DC5489-C3BB-4867-98B5-8EA0EB9C44E7},0,,14DC5489-C3BB-4867-98B5-8EA0EB9C44E7,Unknown,,,,,,Vac/258 Stw/Vic Ave B3,2020-06-02 15:47:30+00:00,50645 Vac/258 Stw/Vic Ave B3 Lancaster 93536,14DC5489-C3BB-4867-98B5-8EA0EB9C44E7_50645_Vac/258_Stw/Vic_Ave_B3_Lancaster_93536,Vac/258 Stw/Vic Ave B3,50645 Vac/258 Stw/Vic Ave B3 Lancaster 93536,,,POINT (6386291.76601 2114463.577123),Incomplete_addresses_no_fraction&others_[validationResults]_554rows.csv,eGIS_Addressing_raw__2700971rows_51cols.csv
Vac/(B12)Bachelder/Vic 257 St W Lancaster 93536,,3277011012,,0,,,,,,Vac/(B12)Bachelder/Vic 257,Street,West,,,,,,,,,,,,93536,,Unincorporated,Lancaster,Del Sur,,,,LACO DPW House Numbering Map,{44C398FE-C476-4018-BF50-CED3E4A0BEB5},0,,44C398FE-C476-4018-BF50-CED3E4A0BEB5,Unknown,,,W,,St,Vac/(B12)Bachelder/Vic 257 St W,2015-05-07 22:07:28+00:00,Vac/(B12)Bachelder/Vic 257 St W Lancaster 93536,44C398FE-C476-4018-BF50-CED3E4A0BEB5__Vac/(B12)Bachelder/Vic_257_St_W_Lancaster_93536,Vac/(B12)Bachelder/Vic 257,Vac/(B12)Bachelder/Vic 257 Street St W Lancaster 93536,,,POINT (6386676.023116 2111440.564796),Incomplete_addresses_no_fraction&others_[validationResults]_554rows.csv,eGIS_Addressing_raw__2700971rows_51cols.csv
Vac/(B12)Bachelder/Vic 254 St W Lancaster 93536,,3277013026,,0,,,,,,Vac/(B12)Bachelder/Vic 254,Street,West,,,,,,,,,,,,93536,,Unincorporated,Lancaster,Del Sur,,,,LACO DPW House Numbering Map,{7C46BB6A-193A-4B95-BF51-ABA3281F3355},0,,7C46BB6A-193A-4B95-BF51-ABA3281F3355,Unknown,,,W,,St,Vac/(B12)Bachelder/Vic 254 St W,2015-05-07 22:07:28+00:00,Vac/(B12)Bachelder/Vic 254 St W Lancaster 93536,7C46BB6A-193A-4B95-BF51-ABA3281F3355__Vac/(B12)Bachelder/Vic_254_St_W_Lancaster_93536,Vac/(B12)Bachelder/Vic 254,Vac/(B12)Bachelder/Vic 254 Street St W Lancaster 93536,,,POINT (6387573.857934 2111322.840294),Incomplete_addresses_no_fraction&others_[validationResults]_554rows.csv,eGIS_Addressing_raw__2700971rows_51cols.csv
265th St W Lake Hughes 93532,,3279015009,,0,,,,,,265th,Street,West,,,,,,,,,,,,93532,,Unincorporated,Lake Hughes,Elizabeth Lake,,,,LACO DPW House Numbering Map,{3FF0E4F0-7448-49D2-8562-7AE9BECF72E2},0,,3FF0E4F0-7448-49D2-8562-7AE9BECF72E2,Unknown,,,W,,St,265th St W,2015-05-07 22:07:28+00:00,265th St W Lake Hughes 93532,3FF0E4F0-7448-49D2-8562-7AE9BECF72E2__265th_St_W_Lake_Hughes_93532,265th,265th Street St W Lake Hughes 93532,,,POINT (6380282.163856 2095800.400538),Incomplete_addresses_no_fraction&others_[validationResults]_554rows.csv,eGIS_Addressing_raw__2700971rows_51cols.csv
Vac/Ave O/Vic 230 St E Palmdale 93591,,3338017022,,0,,,,,,Vac/Ave O/Vic 230,Street,East,,,,,,,,,,,,93591,,Unincorporated,Palmdale,Lake Los Angeles,,,,LACO DPW House Numbering Map,{973D772C-0405-4D33-BFB3-A92600ED6938},0,,973D772C-0405-4D33-BFB3-A92600ED6938,Unknown,,,E,,St,Vac/Ave O/Vic 230 St E,2016-01-12 15:41:50+00:00,Vac/Ave O/Vic 230 St E Palmdale 93591,973D772C-0405-4D33-BFB3-A92600ED6938__Vac/Ave_O/Vic_230_St_E_Palmdale_93591,Vac/Ave O/Vic 230,Vac/Ave O/Vic 230 Street St E Palmdale 93591,,,POINT (6647366.455146 2046920.027171),Incomplete_addresses_no_fraction&others_[validationResults]_554rows.csv,eGIS_Addressing_raw__2700971rows_51cols.csv
E Avenue K 4 Lancaster 93535,,3386002019,,0,,,East,Avenue,,K 4,,,,,,,,,,,,,,93535,,Unincorporated,Lancaster,Hi Vista,,,,LACO DPW Add,{2DFFF73D-7A3E-4630-9C3F-FB91F8F9C11F},0,,2DFFF73D-7A3E-4630-9C3F-FB91F8F9C11F,Unknown,,E,,Ave,,E Avenue K 4,2019-09-18 07:33:08+00:00,E Avenue K 4 Lancaster 93535,2DFFF73D-7A3E-4630-9C3F-FB91F8F9C11F__E_Avenue_K_4_Lancaster_93535,Avenue K 4,E Avenue K 4 Lancaster 93535,,,POINT (6551154.87001 2066693.562755),Incomplete_addresses_no_fraction&others_[validationResults]_554rows.csv,eGIS_Addressing_raw__2700971rows_51cols.csv
10531 Unit A Inglewood 90304,,4036028002,,10531,,,,,,,,,,,,,,,,,,Unit,A,90304,,Unincorporated,Inglewood,Lennox,,,,LACO DPW Add,{36EF45D9-EDC8-4ECD-ADB3-953B9B6D827B},0,,36EF45D9-EDC8-4ECD-ADB3-953B9B6D827B,Unknown,,,,,,,2024-09-14 08:24:46+00:00,10531 Unit A Inglewood 90304,36EF45D9-EDC8-4ECD-ADB3-953B9B6D827B_10531_Unit_A_Inglewood_90304,,10531 Unit A Inglewood 90304,,,POINT (6452584.396548 1800864.856224),Incomplete_addresses_no_fraction&others_[validationResults]_554rows.csv,eGIS_Addressing_raw__2700971rows_51cols.csv
11416 Inglewood Ave   Inglewood 90304,,4044001031,,11416,,,,,,Inglewood,Avenue,,,,,,,,,,,, ,90304, ,Hawthorne,Inglewood,Lennox,,,,Office of Assessor - Add 202309,{2118A763-1584-4A60-9F70-751E255543B4},0,,2118A763-1584-4A60-9F70-751E255543B4,Unknown,,,,,Ave,Inglewood Ave,2023-09-24 01:07:07+00:00,11416 Inglewood Ave   Inglewood 90304,2118A763-1584-4A60-9F70-751E255543B4_11416_Inglewood_Ave___Inglewood_90304,Inglewood,11416 Inglewood Avenue Ave   Hawthorne 90304,,,POINT (6452178.861926 1797297.021496),Incomplete_addresses_no_fraction&others_[validationResults]_554rows.csv,eGIS_Addressing_raw__2700971rows_51cols.csv
15219 A Crenshaw Blvd Gardena 90249,,4070001009,,15219,A,,,,,Crenshaw,Boulevard,,,,,,,,,,,,,90249,,Unincorporated,Gardena,,,,,LACO DPW Add,{665DAAB5-1773-4DD4-99C8-DC6F586E3648},0,,665DAAB5-1773-4DD4-99C8-DC6F586E3648,Unknown,,,,,Blvd,Crenshaw Blvd,2024-01-12 00:50:25+00:00,15219 A Crenshaw Blvd Gardena 90249,665DAAB5-1773-4DD4-99C8-DC6F586E3648_15219_A_Crenshaw_Blvd_Gardena_90249,Crenshaw,15219 A Crenshaw Boulevard Blvd Gardena 90249,,,POINT (6462499.202506 1783688.778372),Incomplete_addresses_no_fraction&others_[validationResults]_554rows.csv,eGIS_Addressing_raw__2700971rows_51cols.csv
15219 B Crenshaw Blvd Gardena 90249,,4070001009,,15219,B,,,,,Crenshaw,Boulevard,,,,,,,,,,,,,90249,,Unincorporated,Gardena,,,,,LACO DPW Add,{AFB6E51B-E44D-4C29-B199-E8EEE165362B},0,,AFB6E51B-E44D-4C29-B199-E8EEE165362B,Unknown,,,,,Blvd,Crenshaw Blvd,2024-01-12 00:50:25+00:00,15219 B Crenshaw Blvd Gardena 90249,AFB6E51B-E44D-4C29-B199-E8EEE165362B_15219_B_Crenshaw_Blvd_Gardena_90249,Crenshaw,15219 B Crenshaw Boulevard Blvd Gardena 90249,,,POINT (6462515.069272 1783673.349597),Incomplete_addresses_no_fraction&others_[validationResults]_554rows.csv,eGIS_Addressing_raw__2700971rows_51cols.csv
4227 A Redondo Beach Blvd Lawndale 90260,,4075016006,,4227,A,,,,,Redondo Beach,Boulevard,,,,,,,,,,,,,90260,,Lawndale,Lawndale,,,,,LACO DPW Add,{C995821F-9D72-42E3-B9E8-C5AB5C863339},0,,C995821F-9D72-42E3-B9E8-C5AB5C863339,Unknown,,,,,Blvd,Redondo Beach Blvd,2023-11-29 01:25:45+00:00,4227 A Redondo Beach Blvd Lawndale 90260,C995821F-9D72-42E3-B9E8-C5AB5C863339_4227_A_Redondo_Beach_Blvd_Lawndale_90260,Redondo Beach,4227 A Redondo Beach Boulevard Blvd Lawndale 90260,,,POINT (6455446.609984 1777346.257592),Incomplete_addresses_no_fraction&others_[validationResults]_554rows.csv,eGIS_Addressing_raw__2700971rows_51cols.csv
4745 A 172nd St Lawndale 90260,,4081006022,,4745,A,,,,,172nd,Street,,,,,,,,,,,,,90260,,Lawndale,Lawndale,,,,,CAMS,{08BDF790-D5AB-4E63-8D16-709C874D258E},0,,08BDF790-D5AB-4E63-8D16-709C874D258E,Unknown,,,,,St,172nd St,2023-06-15 14:19:40+00:00,4745 A 172nd St Lawndale 90260,08BDF790-D5AB-4E63-8D16-709C874D258E_4745_A_172nd_St_Lawndale_90260,172nd,4745 A 172nd Street St Lawndale 90260,,,POINT (6452101.635374 1777101.170812),Incomplete_addresses_no_fraction&others_[validationResults]_554rows.csv,eGIS_Addressing_raw__2700971rows_51cols.csv
17916 Torrance 90504,,4084003025,,17916,,,,,,,,,,,,,,,,,,,,90504,,Torrance,Torrance,,,,,City Of Torrance,{547059DE-BC32-4C57-B664-36DE651FBEDB},0,,547059DE-BC32-4C57-B664-36DE651FBEDB,Unknown,,,,,,,2015-04-04 10:40:44+00:00,17916 Torrance 90504,547059DE-BC32-4C57-B664-36DE651FBEDB_17916_Torrance_90504,,17916 Torrance 90504,,,POINT (6454737.278725 1774381.658534),Incomplete_addresses_no_fraction&others_[validationResults]_554rows.csv,eGIS_Addressing_raw__2700971rows_51cols.csv
5910 W 96Th Pl Los Angeles 90045,,4124029040,,5910,,,West,,,96Th,Place,,,,,,,,,,,,,90045,,Los Angeles,Los Angeles,Westchester,,,,LA City,{6B9D7117-A74E-4038-9C2B-BD28E5BAFE81},0,,6B9D7117-A74E-4038-9C2B-BD28E5BAFE81,Unknown,,W,,,Pl,W 96Th Pl,2023-09-12 23:03:18+00:00,5910 W 96Th Pl Los Angeles 90045,6B9D7117-A74E-4038-9C2B-BD28E5BAFE81_5910_W_96Th_Pl_Los_Angeles_90045,96Th,5910 W 96Th Place Pl Los Angeles 90045,,,POINT (6444465.705764 1803942.332353),Incomplete_addresses_no_fraction&others_[validationResults]_554rows.csv,eGIS_Addressing_raw__2700971rows_51cols.csv
9202 S Hindry Pl Los Angeles 90045,,4128004906,,9202,,,South,,,Hindry,Place,,,,,,,,,,,,,90045,,Los Angeles,Los Angeles,Westchester,,,,LA City,{F7E3DC70-1BF0-4612-93F4-FED808BA13C6},0,,F7E3DC70-1BF0-4612-93F4-FED808BA13C6,Unknown,,S,,,Pl,S Hindry Pl,2023-09-12 23:03:18+00:00,9202 S Hindry Pl Los Angeles 90045,F7E3DC70-1BF0-4612-93F4-FED808BA13C6_9202_S_Hindry_Pl_Los_Angeles_90045,Hindry,9202 S Hindry Place Pl Los Angeles 90045,,,POINT (6448726.718568 1805245.146348),Incomplete_addresses_no_fraction&others_[validationResults]_554rows.csv,eGIS_Addressing_raw__2700971rows_51cols.csv
5206 W 95Th Pl Los Angeles 90045,,4128005904,,5206,,,West,,,95Th,Place,,,,,,,,,,,,,90045,,Los Angeles,Los Angeles,Westchester,,,,LA City,{55A9075E-95E8-4F0C-B228-3B784DD15161},0,,55A9075E-95E8-4F0C-B228-3B784DD15161,Unknown,,W,,,Pl,W 95Th Pl,2023-09-12 23:03:18+00:00,5206 W 95Th Pl Los Angeles 90045,55A9075E-95E8-4F0C-B228-3B784DD15161_5206_W_95Th_Pl_Los_Angeles_90045,95Th,5206 W 95Th Place Pl Los Angeles 90045,,,POINT (6449268.242091 1804226.202848),Incomplete_addresses_no_fraction&others_[validationResults]_554rows.csv,eGIS_Addressing_raw__2700971rows_51cols.csv
5211 W 97Th Pl Los Angeles 90045,,4128016900,,5211,,,West,,,97Th,Place,,,,,,,,,,,,,90045,,Los Angeles,Los Angeles,Westchester,,,,LA City,{F53CC02A-C5E7-4919-87C9-52D458CE25B4},0,,F53CC02A-C5E7-4919-87C9-52D458CE25B4,Unknown,,W,,,Pl,W 97Th Pl,2023-09-12 23:03:18+00:00,5211 W 97Th Pl Los Angeles 90045,F53CC02A-C5E7-4919-87C9-52D458CE25B4_5211_W_97Th_Pl_Los_Angeles_90045,97Th,5211 W 97Th Place Pl Los Angeles 90045,,,POINT (6449237.269712 1803565.272411),Incomplete_addresses_no_fraction&others_[validationResults]_554rows.csv,eGIS_Addressing_raw__2700971rows_51cols.csv
Hawthorne 90250,,4144016025,,,,,,,,,,,,,,,,,,,,,,90250,,Unincorporated,Hawthorne,,,,,LACO DPW Add,{FEFB7175-2486-4962-8338-178947904169},0,,FEFB7175-2486-4962-8338-178947904169,Unknown,,,,,,,2024-10-08 16:06:19+00:00,Hawthorne 90250,FEFB7175-2486-4962-8338-178947904169___Hawthorne_90250,,Hawthorne 90250,,,POINT (6451244.393651 1790374.973989),Incomplete_addresses_no_fraction&others_[validationResults]_554rows.csv,eGIS_Addressing_raw__2700971rows_51cols.csv
1 Culver City 90232,,4205007011,,1,,,,,,,,,,,,,,,,,,,,90232,,Culver City,Culver City,,,,,Culver GIS,{BB05B9A7-42A0-43B8-AF33-DD917A6CD8BB},0,,BB05B9A7-42A0-43B8-AF33-DD917A6CD8BB,Unknown,,,,,,,2015-03-24 20:45:14+00:00,1 Culver City 90232,BB05B9A7-42A0-43B8-AF33-DD917A6CD8BB_1_Culver_City_90232,,1 Culver City 90232,,,POINT (6448556.879669 1833687.734476),Incomplete_addresses_no_fraction&others_[validationResults]_554rows.csv,eGIS_Addressing_raw__2700971rows_51cols.csv
11351 W Washington Pl Los Angeles 90066,,4214006007,,11351,,,West,,,Washington,Place,,,,,,,,,,,,,90066,,Los Angeles,Los Angeles,,,,,LA City,{E597A676-BFF4-43EE-90E0-E0905C36E77B},0,,E597A676-BFF4-43EE-90E0-E0905C36E77B,Unknown,,W,,,Pl,W Washington Pl,2023-09-12 23:03:18+00:00,11351 W Washington Pl Los Angeles 90066,E597A676-BFF4-43EE-90E0-E0905C36E77B_11351_W_Washington_Pl_Los_Angeles_90066,Washington,11351 W Washington Place Pl Los Angeles 90066,,,POINT (6435107.783207 1825132.388726),Incomplete_addresses_no_fraction&others_[validationResults]_554rows.csv,eGIS_Addressing_raw__2700971rows_51cols.csv
4728  Marina Del Rey 90292,,4224009901,,4728,,,,,,,,,,,,,,,,,,,,90292,,Unincorporated,Marina Del Rey,,,,,LACO DPW Add,{80AA3EDC-E00E-41B6-9B9A-40DD92E75760},0,,80AA3EDC-E00E-41B6-9B9A-40DD92E75760,Unknown,,,,,,,2024-09-14 08:24:46+00:00,4728  Marina Del Rey 90292,80AA3EDC-E00E-41B6-9B9A-40DD92E75760_4728__Marina_Del_Rey_90292,,4728 Marina Del Rey 90292,,,POINT (6428417.512795 1815100.014762),Incomplete_addresses_no_fraction&others_[validationResults]_554rows.csv,eGIS_Addressing_raw__2700971rows_51cols.csv
12202 Los Angeles 90066,,4232013047,,12202,,,,,,,,,,,,,,,,,,,,90066,,Culver City,Los Angeles,,,,,Culver GIS,{D2A13B8F-6B2D-440A-A0CD-28865D157F06},0,,D2A13B8F-6B2D-440A-A0CD-28865D157F06,Unknown,,,,,,,2015-03-24 20:45:14+00:00,12202 Los Angeles 90066,D2A13B8F-6B2D-440A-A0CD-28865D157F06_12202_Los_Angeles_90066,,12202 Culver City 90066,,,POINT (6432565.178056 1821552.20166),Incomplete_addresses_no_fraction&others_[validationResults]_554rows.csv,eGIS_Addressing_raw__2700971rows_51cols.csv
2561 S Butler Ave Los Angeles 90064,,4258002036,,2561,,,South,,,Butler,Avenue,,,,,,,,,,,,,90064,,Los Angeles,Los Angeles,,,,,LA City,{E9B4AE07-2B9D-4E5D-9EE6-7F4D346B550D},0,,E9B4AE07-2B9D-4E5D-9EE6-7F4D346B550D,Unknown,,S,,,Ave,S Butler Ave,2023-09-12 23:03:18+00:00,2561 S Butler Ave Los Angeles 90064,E9B4AE07-2B9D-4E5D-9EE6-7F4D346B550D_2561_S_Butler_Ave_Los_Angeles_90064,Butler,2561 S Butler Avenue Ave Los Angeles 90064,,,POINT (6428814.488051 1833540.206228),Incomplete_addresses_no_fraction&others_[validationResults]_554rows.csv,eGIS_Addressing_raw__2700971rows_51cols.csv
1520 S Butler Ave 1-10 Los Angeles 90025,,4261003021,,1520,,,South,,,Butler,Avenue,,,,,,,,,,,,10-Jan,90025,,Los Angeles,Los Angeles,,,,,LA City,{AA8E42F8-C4F5-436A-A615-BFDD12D3BFDF},0,,AA8E42F8-C4F5-436A-A615-BFDD12D3BFDF,Unknown,,S,,,Ave,S Butler Ave,2023-09-12 23:03:18+00:00,1520 S Butler Ave 1-10 Los Angeles 90025,AA8E42F8-C4F5-436A-A615-BFDD12D3BFDF_1520_S_Butler_Ave_1-10_Los_Angeles_90025,Butler,1520 S Butler Avenue Ave 1-10 Los Angeles 90025,,,POINT (6424666.33493 1839471.665493),Incomplete_addresses_no_fraction&others_[validationResults]_554rows.csv,eGIS_Addressing_raw__2700971rows_51cols.csv
1615 S Butler Ave 1-23 Los Angeles 90025,,4261012036,,1615,,,South,,,Butler,Avenue,,,,,,,,,,,,23-Jan,90025,,Los Angeles,Los Angeles,,,,,LA City,{5C6A82AB-0A82-402F-BE4A-CD2885434862},0,,5C6A82AB-0A82-402F-BE4A-CD2885434862,Unknown,,S,,,Ave,S Butler Ave,2023-09-12 23:03:18+00:00,1615 S Butler Ave 1-23 Los Angeles 90025,5C6A82AB-0A82-402F-BE4A-CD2885434862_1615_S_Butler_Ave_1-23_Los_Angeles_90025,Butler,1615 S Butler Avenue Ave 1-23 Los Angeles 90025,,,POINT (6424804.630585 1839064.889404),Incomplete_addresses_no_fraction&others_[validationResults]_554rows.csv,eGIS_Addressing_raw__2700971rows_51cols.csv
1441 S Butler Ave 1-9 Los Angeles 90025,,4263016044,,1441,,,South,,,Butler,Avenue,,,,,,,,,,,,9-Jan,90025,,Los Angeles,Los Angeles,,,,,LA City,{F961330B-8FD4-4B13-AB11-7797B7A83672},0,,F961330B-8FD4-4B13-AB11-7797B7A83672,Unknown,,S,,,Ave,S Butler Ave,2023-09-12 23:03:18+00:00,1441 S Butler Ave 1-9 Los Angeles 90025,F961330B-8FD4-4B13-AB11-7797B7A83672_1441_S_Butler_Ave_1-9_Los_Angeles_90025,Butler,1441 S Butler Avenue Ave 1-9 Los Angeles 90025,,,POINT (6424240.530008 1839874.739818),Incomplete_addresses_no_fraction&others_[validationResults]_554rows.csv,eGIS_Addressing_raw__2700971rows_51cols.csv
1451 S Butler Ave 1-2 Los Angeles 90025,,4263016047,,1451,,,South,,,Butler,Avenue,,,,,,,,,,,,2-Jan,90025,,Los Angeles,Los Angeles,,,,,LA City,{23D77DFE-394F-4C8F-B629-D1BEB1C8ACDB},0,,23D77DFE-394F-4C8F-B629-D1BEB1C8ACDB,Unknown,,S,,,Ave,S Butler Ave,2023-09-12 23:03:18+00:00,1451 S Butler Ave 1-2 Los Angeles 90025,23D77DFE-394F-4C8F-B629-D1BEB1C8ACDB_1451_S_Butler_Ave_1-2_Los_Angeles_90025,Butler,1451 S Butler Avenue Ave 1-2 Los Angeles 90025,,,POINT (6424300.1854 1839788.035924),Incomplete_addresses_no_fraction&others_[validationResults]_554rows.csv,eGIS_Addressing_raw__2700971rows_51cols.csv
1433 S Butler Ave 1-4 Los Angeles 90025,,4263017017,,1433,,,South,,,Butler,Avenue,,,,,,,,,,,,4-Jan,90025,,Los Angeles,Los Angeles,,,,,LA City,{3BBDBF4F-4BB4-44AB-9068-54C822B6E88E},0,,3BBDBF4F-4BB4-44AB-9068-54C822B6E88E,Unknown,,S,,,Ave,S Butler Ave,2023-09-12 23:03:18+00:00,1433 S Butler Ave 1-4 Los Angeles 90025,3BBDBF4F-4BB4-44AB-9068-54C822B6E88E_1433_S_Butler_Ave_1-4_Los_Angeles_90025,Butler,1433 S Butler Avenue Ave 1-4 Los Angeles 90025,,,POINT (6424163.003588 1839984.475491),Incomplete_addresses_no_fraction&others_[validationResults]_554rows.csv,eGIS_Addressing_raw__2700971rows_51cols.csv
1429 S Butler Ave 1-3 Los Angeles 90025,,4263017020,,1429,,,South,,,Butler,Avenue,,,,,,,,,,,,3-Jan,90025,,Los Angeles,Los Angeles,,,,,LA City,{B8A46FD9-B416-4BC5-A04C-35B0EBEB3CCC},0,,B8A46FD9-B416-4BC5-A04C-35B0EBEB3CCC,Unknown,,S,,,Ave,S Butler Ave,2023-09-12 23:03:18+00:00,1429 S Butler Ave 1-3 Los Angeles 90025,B8A46FD9-B416-4BC5-A04C-35B0EBEB3CCC_1429_S_Butler_Ave_1-3_Los_Angeles_90025,Butler,1429 S Butler Avenue Ave 1-3 Los Angeles 90025,,,POINT (6424153.721454 1839999.58176),Incomplete_addresses_no_fraction&others_[validationResults]_554rows.csv,eGIS_Addressing_raw__2700971rows_51cols.csv
1423 S Butler Ave 1-5 Los Angeles 90025,,4263017063,,1423,,,South,,,Butler,Avenue,,,,,,,,,,,,5-Jan,90025,,Los Angeles,Los Angeles,,,,,LA City,{098F628D-9FEA-4FB1-9718-11B8F0C27CC7},0,,098F628D-9FEA-4FB1-9718-11B8F0C27CC7,Unknown,,S,,,Ave,S Butler Ave,2023-09-12 23:03:18+00:00,1423 S Butler Ave 1-5 Los Angeles 90025,098F628D-9FEA-4FB1-9718-11B8F0C27CC7_1423_S_Butler_Ave_1-5_Los_Angeles_90025,Butler,1423 S Butler Avenue Ave 1-5 Los Angeles 90025,,,POINT (6424112.502705 1840049.938943),Incomplete_addresses_no_fraction&others_[validationResults]_554rows.csv,eGIS_Addressing_raw__2700971rows_51cols.csv
314 N Hamel Rd Los Angeles 90048,,4334011030,,314,,,North,,,Hamel,Road,,,,,,,,,,,,,90048,,Los Angeles,Los Angeles,West Hollywood,,,,LA City,{05D982DF-EE6F-4ADD-89B8-90734DF463D6},0,,05D982DF-EE6F-4ADD-89B8-90734DF463D6,Unknown,,N,,,Rd,N Hamel Rd,2023-09-12 23:03:18+00:00,314 N Hamel Rd Los Angeles 90048,05D982DF-EE6F-4ADD-89B8-90734DF463D6_314_N_Hamel_Rd_Los_Angeles_90048,Hamel,314 N Hamel Road Rd Los Angeles 90048,,,POINT (6446131.614506 1849193.682138),Incomplete_addresses_no_fraction&others_[validationResults]_554rows.csv,eGIS_Addressing_raw__2700971rows_51cols.csv
357 Beverly Hills 90211,,4334015052,,357,,,,,,,,,,,,,,,,,,,,90211,,Beverly Hills,Beverly Hills,,,,,Beverly Hills GIS,{4091A7D6-DAAB-420B-90C7-FE7FD409F772},0,,4091A7D6-DAAB-420B-90C7-FE7FD409F772,Unknown,,,,,,,2024-05-12 21:05:27+00:00,357 Beverly Hills 90211,4091A7D6-DAAB-420B-90C7-FE7FD409F772_357_Beverly_Hills_90211,,357 Beverly Hills 90211,,,POINT (6445367.22988 1848664.896779),Incomplete_addresses_no_fraction&others_[validationResults]_554rows.csv,eGIS_Addressing_raw__2700971rows_51cols.csv
1 Beverly Hills 90210,,4342016900,,1,,,,,,,,,,,,,,,,,,,,90210,,Beverly Hills,Beverly Hills,,,,,Beverly Hills GIS,{26CA3ADA-F508-42B9-967F-30AC10A7606C},0,,26CA3ADA-F508-42B9-967F-30AC10A7606C,Unknown,,,,,,,2015-03-27 10:29:01+00:00,1 Beverly Hills 90210,26CA3ADA-F508-42B9-967F-30AC10A7606C_1_Beverly_Hills_90210,,1 Beverly Hills 90210,,,POINT (6440733.883176 1849293.284301),Incomplete_addresses_no_fraction&others_[validationResults]_554rows.csv,eGIS_Addressing_raw__2700971rows_51cols.csv
1740 W Green  Beverly Hills 90210,,4358011011,,1740,,,,,,W Green,,,,,,,,,,,,,,90210,,Los Angeles,Beverly Hills,,,,,LA City,{F09D832D-0A6F-42FC-91F9-F58CA9E8D3DA},0,,F09D832D-0A6F-42FC-91F9-F58CA9E8D3DA,Unknown,,,,,,W Green ,2023-09-12 23:03:18+00:00,1740 W Green  Beverly Hills 90210,F09D832D-0A6F-42FC-91F9-F58CA9E8D3DA_1740_W_Green__Beverly_Hills_90210,W Green,1740 W Green Los Angeles 90210,,,POINT (6432356.500324 1854639.018361),Incomplete_addresses_no_fraction&others_[validationResults]_554rows.csv,eGIS_Addressing_raw__2700971rows_51cols.csv
962 Los Angeles 90025,,4365008904,,962,,,,,,,,,,,,,,,,,,,,90025,,Unincorporated,Los Angeles,,,,,LACO DPW Add,{8F0C0FCD-C91A-40A6-AB0F-A14CFC15A60D},0,,8F0C0FCD-C91A-40A6-AB0F-A14CFC15A60D,Unknown,,,,,,,2023-02-06 09:25:31+00:00,962 Los Angeles 90025,8F0C0FCD-C91A-40A6-AB0F-A14CFC15A60D_962_Los_Angeles_90025,,962 Los Angeles 90025,,,POINT (6424009.329026 1842378.244326),Incomplete_addresses_no_fraction&others_[validationResults]_554rows.csv,eGIS_Addressing_raw__2700971rows_51cols.csv
204 N Glenroy Pl Los Angeles 90049,,4366005002,,204,,,North,,,Glenroy,Place,,,,,,,,,,,,,90049,,Los Angeles,Los Angeles,Brentwood,,,,LA City,{064CBF1B-0D3C-4B66-94DB-63D943CAE3F3},0,,064CBF1B-0D3C-4B66-94DB-63D943CAE3F3,Unknown,,N,,,Pl,N Glenroy Pl,2023-09-12 23:03:18+00:00,204 N Glenroy Pl Los Angeles 90049,064CBF1B-0D3C-4B66-94DB-63D943CAE3F3_204_N_Glenroy_Pl_Los_Angeles_90049,Glenroy,204 N Glenroy Place Pl Los Angeles 90049,,,POINT (6422338.284796 1850306.665805),Incomplete_addresses_no_fraction&others_[validationResults]_554rows.csv,eGIS_Addressing_raw__2700971rows_51cols.csv
10574 W Rocca Pl Los Angeles 90077,,4370021018,,10574,,,West,,,Rocca,Place,,,,,,,,,,,,,90077,,Los Angeles,Los Angeles,,,,,LA City,{86A8D082-423D-4EA7-939E-0AF95B075EA4},0,,86A8D082-423D-4EA7-939E-0AF95B075EA4,Unknown,,W,,,Pl,W Rocca Pl,2023-09-12 23:03:18+00:00,10574 W Rocca Pl Los Angeles 90077,86A8D082-423D-4EA7-939E-0AF95B075EA4_10574_W_Rocca_Pl_Los_Angeles_90077,Rocca,10574 W Rocca Place Pl Los Angeles 90077,,,POINT (6426308.558352 1856178.507736),Incomplete_addresses_no_fraction&others_[validationResults]_554rows.csv,eGIS_Addressing_raw__2700971rows_51cols.csv
10591 W Rocca Wy Los Angeles 90077,,4370021022,,10591,,,West,,,Rocca,Way,,,,,,,,,,,,,90077,,Los Angeles,Los Angeles,,,,,LA City,{68856603-D859-41DC-915D-21BB3253431A},0,,68856603-D859-41DC-915D-21BB3253431A,Unknown,,W,,,Wy,W Rocca Wy,2023-09-12 23:03:18+00:00,10591 W Rocca Wy Los Angeles 90077,68856603-D859-41DC-915D-21BB3253431A_10591_W_Rocca_Wy_Los_Angeles_90077,Rocca,10591 W Rocca Way Wy Los Angeles 90077,,,POINT (6426162.612121 1856391.004686),Incomplete_addresses_no_fraction&others_[validationResults]_554rows.csv,eGIS_Addressing_raw__2700971rows_51cols.csv
9131 W Callejuela Dr Beverly Hills 90210,,4388017007,,9131,,,West,,,Callejuela,Drive,,,,,,,,,,,,,90210,,Los Angeles,Beverly Hills,,,,,LA City,{12AE7A2B-CBAA-48D0-8B9B-C118B7C39D96},0,,12AE7A2B-CBAA-48D0-8B9B-C118B7C39D96,Unknown,,W,,,Dr,W Callejuela Dr,2023-09-12 23:03:18+00:00,9131 W Callejuela Dr Beverly Hills 90210,12AE7A2B-CBAA-48D0-8B9B-C118B7C39D96_9131_W_Callejuela_Dr_Beverly_Hills_90210,Callejuela,9131 W Callejuela Drive Dr Los Angeles 90210,,,POINT (6442307.534884 1864786.793997),Incomplete_addresses_no_fraction&others_[validationResults]_554rows.csv,eGIS_Addressing_raw__2700971rows_51cols.csv
470 N Layton Wy Los Angeles 90049,,4429018001,,470,,,North,,,Layton,Way,,,,,,,,,,,,,90049,,Los Angeles,Los Angeles,Brentwood,,,,LA City,{6F5486A6-87E4-4F8B-A321-7EF194391AFE},0,,6F5486A6-87E4-4F8B-A321-7EF194391AFE,Unknown,,N,,,Wy,N Layton Wy,2023-09-12 23:03:18+00:00,470 N Layton Wy Los Angeles 90049,6F5486A6-87E4-4F8B-A321-7EF194391AFE_470_N_Layton_Wy_Los_Angeles_90049,Layton,470 N Layton Way Wy Los Angeles 90049,,,POINT (6418533.073247 1849106.61079),Incomplete_addresses_no_fraction&others_[validationResults]_554rows.csv,eGIS_Addressing_raw__2700971rows_51cols.csv
W Corvo Wy Topanga 90290,,4434032015,,0,,,West,,,Corvo,Way,,,,,,,,,,,,,90290,,Unincorporated,Topanga,,,,,LACO DPW House Numbering Map,{1CA55693-1451-4BA2-8DF4-9093CE5B64A5},0,,1CA55693-1451-4BA2-8DF4-9093CE5B64A5,Unknown,,W,,,Wy,W Corvo Wy,2015-05-04 09:01:52+00:00,W Corvo Wy Topanga 90290,1CA55693-1451-4BA2-8DF4-9093CE5B64A5__W_Corvo_Wy_Topanga_90290,Corvo,W Corvo Way Wy Topanga 90290,,,POINT (6379660.308145 1867535.65825),Incomplete_addresses_no_fraction&others_[validationResults]_554rows.csv,eGIS_Addressing_raw__2700971rows_51cols.csv
1619 T Henry Ridge Mtwy Topanga 90290,,4436021025,,1619,T,,,,,Henry Ridge,Motorway,,,,,,,,,,,,,90290,,Unincorporated,Topanga,,,,,LACO DPW Add,{6AB0891E-F43D-4654-9CCF-912E9C285481},0,,6AB0891E-F43D-4654-9CCF-912E9C285481,Unknown,,,,,Mtwy,Henry Ridge Mtwy,2015-05-04 20:54:17+00:00,1619 T Henry Ridge Mtwy Topanga 90290,6AB0891E-F43D-4654-9CCF-912E9C285481_1619_T_Henry_Ridge_Mtwy_Topanga_90290,Henry Ridge,1619 T Henry Ridge Motorway Mtwy Topanga 90290,,,POINT (6375218.790125 1864534.858149),Incomplete_addresses_no_fraction&others_[validationResults]_554rows.csv,eGIS_Addressing_raw__2700971rows_51cols.csv
1250 Topanga 90290,,4440007016,,1250,,,,,,,,,,,,,,,,,,,,90290,,Unincorporated,Topanga,,,,,LACO DPW House Numbering Map,{89D5B648-62F6-4ED9-AEC8-43F6262D4BD6},0,,89D5B648-62F6-4ED9-AEC8-43F6262D4BD6,Unknown,,,,,,,2017-02-08 16:39:05+00:00,1250 Topanga 90290,89D5B648-62F6-4ED9-AEC8-43F6262D4BD6_1250_Topanga_90290,,1250 Topanga 90290,,,POINT (6379916.03598 1862233.620954),Incomplete_addresses_no_fraction&others_[validationResults]_554rows.csv,eGIS_Addressing_raw__2700971rows_51cols.csv
25023 Calabasas 91302,,4455018064,,25023,,,,,,,,,,,,,,,,,,,,91302,,Unincorporated,Calabasas,Hidden Hills,,,,LACO DPW House Numbering Map,{1D9ABF29-5576-4536-BC3E-1224B2247760},0,,1D9ABF29-5576-4536-BC3E-1224B2247760,Unknown,,,,,,,2015-05-04 20:34:03+00:00,25023 Calabasas 91302,1D9ABF29-5576-4536-BC3E-1224B2247760_25023_Calabasas_91302,,25023 Calabasas 91302,,,POINT (6359240.358499 1859204.740528),Incomplete_addresses_no_fraction&others_[validationResults]_554rows.csv,eGIS_Addressing_raw__2700971rows_51cols.csv
Thousand Peaks Rd Calabasas 91302,,4455052003,,0,,,,,,Thousand Peaks,Road,,,,,,,,,,,,,91302,,Unincorporated,Calabasas,Hidden Hills,,,,LACO DPW House Numbering Map,{08B2E081-EC18-46E6-853C-6FED13EBAE4C},0,,08B2E081-EC18-46E6-853C-6FED13EBAE4C,Unknown,,,,,Rd,Thousand Peaks Rd,2015-05-01 18:07:16+00:00,Thousand Peaks Rd Calabasas 91302,08B2E081-EC18-46E6-853C-6FED13EBAE4C__Thousand_Peaks_Rd_Calabasas_91302,Thousand Peaks,Thousand Peaks Road Rd Calabasas 91302,,,POINT (6360480.719535 1863122.466289),Incomplete_addresses_no_fraction&others_[validationResults]_554rows.csv,eGIS_Addressing_raw__2700971rows_51cols.csv
1859 Malibu 90265,,4457011023,,1859,,,,,,,,,,,,,,,,,,,,90265,,Unincorporated,Malibu,,,,,LACO DPW Add,{55A0679A-A611-4583-87E0-11ACDE58BECB},0,,55A0679A-A611-4583-87E0-11ACDE58BECB,Unknown,,,,,,,2015-05-04 20:53:04+00:00,1859 Malibu 90265,55A0679A-A611-4583-87E0-11ACDE58BECB_1859_Malibu_90265,,1859 Malibu 90265,,,POINT (6337670.913777 1845963.196802),Incomplete_addresses_no_fraction&others_[validationResults]_554rows.csv,eGIS_Addressing_raw__2700971rows_51cols.csv
917 N Kenter Wy Los Angeles 90049,,4494023028,,917,,,North,,,Kenter,Way,,,,,,,,,,,,,90049,,Los Angeles,Los Angeles,Brentwood,,,,LA City,{5264785D-0061-4B17-899C-B7758E33F393},0,,5264785D-0061-4B17-899C-B7758E33F393,Unknown,,N,,,Wy,N Kenter Wy,2023-09-12 23:03:18+00:00,917 N Kenter Wy Los Angeles 90049,5264785D-0061-4B17-899C-B7758E33F393_917_N_Kenter_Wy_Los_Angeles_90049,Kenter,917 N Kenter Way Wy Los Angeles 90049,,,POINT (6413392.371258 1850092.154423),Incomplete_addresses_no_fraction&others_[validationResults]_554rows.csv,eGIS_Addressing_raw__2700971rows_51cols.csv
5733 A Eileen Ave Los Angeles 90043,,5007030017,,5733,A,,,,,Eileen,Avenue,,,,,,,,,,,,,90043,,Unincorporated,Los Angeles,View Park,,,,LACO DPW Add,{3965D145-29C7-4A5F-9BEA-52E4EB923008},0,,3965D145-29C7-4A5F-9BEA-52E4EB923008,Unknown,,,,,Ave,Eileen Ave,2020-11-10 16:02:55+00:00,5733 A Eileen Ave Los Angeles 90043,3965D145-29C7-4A5F-9BEA-52E4EB923008_5733_A_Eileen_Ave_Los_Angeles_90043,Eileen,5733 A Eileen Avenue Ave Los Angeles 90043,,,POINT (6457574.071608 1818836.663128),Incomplete_addresses_no_fraction&others_[validationResults]_554rows.csv,eGIS_Addressing_raw__2700971rows_51cols.csv
4200 S Vermont Ave A-C Los Angeles 90037,,5020034007,,4200,,,South,,,Vermont,Avenue,,,,,,,,,,,,A-C,90037,,Los Angeles,Los Angeles,,,,,LA City,{49FB4738-BB30-4C01-8DF9-7FE792AB784C},0,,49FB4738-BB30-4C01-8DF9-7FE792AB784C,Unknown,,S,,,Ave,S Vermont Ave,2023-09-12 23:03:18+00:00,4200 S Vermont Ave A-C Los Angeles 90037,49FB4738-BB30-4C01-8DF9-7FE792AB784C_4200_S_Vermont_Ave_A-C_Los_Angeles_90037,Vermont,4200 S Vermont Avenue Ave A-C Los Angeles 90037,,,POINT (6473361.601385 1825083.550897),Incomplete_addresses_no_fraction&others_[validationResults]_554rows.csv,eGIS_Addressing_raw__2700971rows_51cols.csv
615 W Usc Mc Carthy Wy Los Angeles 90089,,5039024016,,615,,,West,,,Usc Mc Carthy,Way,,,,,,,,,,,,,90089,,Los Angeles,Los Angeles,,,,,LA City,{F82A72B9-83FD-488B-99E2-8D629CEF92D8},0,,F82A72B9-83FD-488B-99E2-8D629CEF92D8,Unknown,,W,,,Wy,W Usc Mc Carthy Wy,2023-09-12 23:03:18+00:00,615 W Usc Mc Carthy Wy Los Angeles 90089,F82A72B9-83FD-488B-99E2-8D629CEF92D8_615_W_Usc_Mc_Carthy_Wy_Los_Angeles_90089,Usc Mc Carthy,615 W Usc Mc Carthy Way Wy Los Angeles 90089,,,POINT (6476416.325262 1830020.035446),Incomplete_addresses_no_fraction&others_[validationResults]_554rows.csv,eGIS_Addressing_raw__2700971rows_51cols.csv
3453 S Hoover Blvd Los Angeles 90089,,5039024016,,3453,,,South,,,Hoover,Boulevard,,,,,,,,,,,,,90089,,Los Angeles,Los Angeles,,,,,LA City,{37CE6D42-5A40-49C1-A6AB-5C1697CBDD4B},0,,37CE6D42-5A40-49C1-A6AB-5C1697CBDD4B,Unknown,,S,,,Blvd,S Hoover Blvd,2023-09-12 23:03:18+00:00,3453 S Hoover Blvd Los Angeles 90089,37CE6D42-5A40-49C1-A6AB-5C1697CBDD4B_3453_S_Hoover_Blvd_Los_Angeles_90089,Hoover,3453 S Hoover Boulevard Blvd Los Angeles 90089,,,POINT (6475726.313191 1830518.492455),Incomplete_addresses_no_fraction&others_[validationResults]_554rows.csv,eGIS_Addressing_raw__2700971rows_51cols.csv
3651 S Crenshaw Blvd A-C Los Angeles 90016,,5046023001,,3651,,,South,,,Crenshaw,Boulevard,,,,,,,,,,,,A-C,90016,,Los Angeles,Los Angeles,,,,,LA City,{39C717C5-D823-453F-A1AF-C3ECBF5F5566},0,,39C717C5-D823-453F-A1AF-C3ECBF5F5566,Unknown,,S,,,Blvd,S Crenshaw Blvd,2023-09-12 23:03:18+00:00,3651 S Crenshaw Blvd A-C Los Angeles 90016,39C717C5-D823-453F-A1AF-C3ECBF5F5566_3651_S_Crenshaw_Blvd_A-C_Los_Angeles_90016,Crenshaw,3651 S Crenshaw Boulevard Blvd A-C Los Angeles 90016,,,POINT (6460028.233694 1830272.468012),Incomplete_addresses_no_fraction&others_[validationResults]_554rows.csv,eGIS_Addressing_raw__2700971rows_51cols.csv
2615 W 30Th Pl Los Angeles 90018,,5051019033,,2615,,,West,,,30Th,Place,,,,,,,,,,,,,90018,,Los Angeles,Los Angeles,,,,,LA City,{A12DB409-35A8-4BB8-A7D3-3DD6C4AB83CB},0,,A12DB409-35A8-4BB8-A7D3-3DD6C4AB83CB,Unknown,,W,,,Pl,W 30Th Pl,2023-09-12 23:03:18+00:00,2615 W 30Th Pl Los Angeles 90018,A12DB409-35A8-4BB8-A7D3-3DD6C4AB83CB_2615_W_30Th_Pl_Los_Angeles_90018,30Th,2615 W 30Th Place Pl Los Angeles 90018,,,POINT (6463457.083136 1832639.461638),Incomplete_addresses_no_fraction&others_[validationResults]_554rows.csv,eGIS_Addressing_raw__2700971rows_51cols.csv
1321 S Magnolia Ave 1-5 Los Angeles 90006,,5056004009,,1321,,,South,,,Magnolia,Avenue,,,,,,,,,,,,5-Jan,90006,,Los Angeles,Los Angeles,,,,,LA City,{D3346495-7F74-4F9B-BC61-86710D16D650},0,,D3346495-7F74-4F9B-BC61-86710D16D650,Unknown,,S,,,Ave,S Magnolia Ave,2023-09-12 23:03:18+00:00,1321 S Magnolia Ave 1-5 Los Angeles 90006,D3346495-7F74-4F9B-BC61-86710D16D650_1321_S_Magnolia_Ave_1-5_Los_Angeles_90006,Magnolia,1321 S Magnolia Avenue Ave 1-5 Los Angeles 90006,,,POINT (6474843.84153 1839453.237381),Incomplete_addresses_no_fraction&others_[validationResults]_554rows.csv,eGIS_Addressing_raw__2700971rows_51cols.csv
1509 S Magnolia Ave 1-4 Los Angeles 90006,,5056006002,,1509,,,South,,,Magnolia,Avenue,,,,,,,,,,,,4-Jan,90006,,Los Angeles,Los Angeles,,,,,LA City,{120CEE61-1A38-4E8F-A74A-E93B731E3316},0,,120CEE61-1A38-4E8F-A74A-E93B731E3316,Unknown,,S,,,Ave,S Magnolia Ave,2023-09-12 23:03:18+00:00,1509 S Magnolia Ave 1-4 Los Angeles 90006,120CEE61-1A38-4E8F-A74A-E93B731E3316_1509_S_Magnolia_Ave_1-4_Los_Angeles_90006,Magnolia,1509 S Magnolia Avenue Ave 1-4 Los Angeles 90006,,,POINT (6474868.878554 1838872.222795),Incomplete_addresses_no_fraction&others_[validationResults]_554rows.csv,eGIS_Addressing_raw__2700971rows_51cols.csv
1747 S Magnolia Ave 1-9 Los Angeles 90006,,5056014021,,1747,,,South,,,Magnolia,Avenue,,,,,,,,,,,,9-Jan,90006,,Los Angeles,Los Angeles,,,,,LA City,{B6A85F2A-CCC9-472A-AB03-8B3F81B60900},0,,B6A85F2A-CCC9-472A-AB03-8B3F81B60900,Unknown,,S,,,Ave,S Magnolia Ave,2023-09-12 23:03:18+00:00,1747 S Magnolia Ave 1-9 Los Angeles 90006,B6A85F2A-CCC9-472A-AB03-8B3F81B60900_1747_S_Magnolia_Ave_1-9_Los_Angeles_90006,Magnolia,1747 S Magnolia Avenue Ave 1-9 Los Angeles 90006,,,POINT (6474864.800806 1837796.290891),Incomplete_addresses_no_fraction&others_[validationResults]_554rows.csv,eGIS_Addressing_raw__2700971rows_51cols.csv
1755 S Magnolia Ave 1-3 Los Angeles 90006,,5056014022,,1755,,,South,,,Magnolia,Avenue,,,,,,,,,,,,3-Jan,90006,,Los Angeles,Los Angeles,,,,,LA City,{ED523639-70F7-433B-90EA-E984435E8970},0,,ED523639-70F7-433B-90EA-E984435E8970,Unknown,,S,,,Ave,S Magnolia Ave,2023-09-12 23:03:18+00:00,1755 S Magnolia Ave 1-3 Los Angeles 90006,ED523639-70F7-433B-90EA-E984435E8970_1755_S_Magnolia_Ave_1-3_Los_Angeles_90006,Magnolia,1755 S Magnolia Avenue Ave 1-3 Los Angeles 90006,,,POINT (6474825.526934 1837682.881669),Incomplete_addresses_no_fraction&others_[validationResults]_554rows.csv,eGIS_Addressing_raw__2700971rows_51cols.csv
1767 S Magnolia Ave 1-12 Los Angeles 90006,,5056015017,,1767,,,South,,,Magnolia,Avenue,,,,,,,,,,,,12-Jan,90006,,Los Angeles,Los Angeles,,,,,LA City,{41294D26-450B-4564-AA3B-45051C0C6A8A},0,,41294D26-450B-4564-AA3B-45051C0C6A8A,Unknown,,S,,,Ave,S Magnolia Ave,2023-09-12 23:03:18+00:00,1767 S Magnolia Ave 1-12 Los Angeles 90006,41294D26-450B-4564-AA3B-45051C0C6A8A_1767_S_Magnolia_Ave_1-12_Los_Angeles_90006,Magnolia,1767 S Magnolia Avenue Ave 1-12 Los Angeles 90006,,,POINT (6474840.893045 1837569.203091),Incomplete_addresses_no_fraction&others_[validationResults]_554rows.csv,eGIS_Addressing_raw__2700971rows_51cols.csv
2130 S 6Th Ave 1-6 Los Angeles 90018,,5060024019,,2130,,,South,,,6Th,Avenue,,,,,,,,,,,,6-Jan,90018,,Los Angeles,Los Angeles,,,,,LA City,{A612281B-70CB-4AD0-B35C-889FF6C8CE7B},0,,A612281B-70CB-4AD0-B35C-889FF6C8CE7B,Unknown,,S,,,Ave,S 6Th Ave,2023-09-12 23:03:18+00:00,2130 S 6Th Ave 1-6 Los Angeles 90018,A612281B-70CB-4AD0-B35C-889FF6C8CE7B_2130_S_6Th_Ave_1-6_Los_Angeles_90018,6Th,2130 S 6Th Avenue Ave 1-6 Los Angeles 90018,,,POINT (6463658.330109 1836036.726497),Incomplete_addresses_no_fraction&others_[validationResults]_554rows.csv,eGIS_Addressing_raw__2700971rows_51cols.csv
1409 S 3Rd Ave 1-6 Los Angeles 90019,,5072026017,,1409,,,South,,,3Rd,Avenue,,,,,,,,,,,,6-Jan,90019,,Los Angeles,Los Angeles,,,,,LA City,{66CF6EE8-9814-48A3-A0FF-A2371BA00FB5},0,,66CF6EE8-9814-48A3-A0FF-A2371BA00FB5,Unknown,,S,,,Ave,S 3Rd Ave,2023-09-12 23:03:18+00:00,1409 S 3Rd Ave 1-6 Los Angeles 90019,66CF6EE8-9814-48A3-A0FF-A2371BA00FB5_1409_S_3Rd_Ave_1-6_Los_Angeles_90019,3Rd,1409 S 3Rd Avenue Ave 1-6 Los Angeles 90019,,,POINT (6464634.659521 1839209.661752),Incomplete_addresses_no_fraction&others_[validationResults]_554rows.csv,eGIS_Addressing_raw__2700971rows_51cols.csv
947 S Magnolia Ave 1-18 Los Angeles 90006,,5076004006,,947,,,South,,,Magnolia,Avenue,,,,,,,,,,,,18-Jan,90006,,Los Angeles,Los Angeles,,,,,LA City,{8AC67FA9-BD5E-421E-A1A7-94097A2A04F0},0,,8AC67FA9-BD5E-421E-A1A7-94097A2A04F0,Unknown,,S,,,Ave,S Magnolia Ave,2023-09-12 23:03:18+00:00,947 S Magnolia Ave 1-18 Los Angeles 90006,8AC67FA9-BD5E-421E-A1A7-94097A2A04F0_947_S_Magnolia_Ave_1-18_Los_Angeles_90006,Magnolia,947 S Magnolia Avenue Ave 1-18 Los Angeles 90006,,,POINT (6474821.194266 1842202.704979),Incomplete_addresses_no_fraction&others_[validationResults]_554rows.csv,eGIS_Addressing_raw__2700971rows_51cols.csv
965 S Magnolia Ave 24-54 Los Angeles 90006,,5076004008,,965,,,South,,,Magnolia,Avenue,,,,,,,,,,,,24-54,90006,,Los Angeles,Los Angeles,,,,,LA City,{366D3FE5-EEA4-49B2-BD6C-4B0C55D9BFC5},0,,366D3FE5-EEA4-49B2-BD6C-4B0C55D9BFC5,Unknown,,S,,,Ave,S Magnolia Ave,2023-09-12 23:03:18+00:00,965 S Magnolia Ave 24-54 Los Angeles 90006,366D3FE5-EEA4-49B2-BD6C-4B0C55D9BFC5_965_S_Magnolia_Ave_24-54_Los_Angeles_90006,Magnolia,965 S Magnolia Avenue Ave 24-54 Los Angeles 90006,,,POINT (6474812.905897 1841959.916094),Incomplete_addresses_no_fraction&others_[validationResults]_554rows.csv,eGIS_Addressing_raw__2700971rows_51cols.csv
940 S Magnolia Ave 1-23 Los Angeles 90006,,5076005025,,940,,,South,,,Magnolia,Avenue,,,,,,,,,,,,23-Jan,90006,,Los Angeles,Los Angeles,,,,,LA City,{1C7BD4BC-EA82-4E65-A3D4-9C88A57995E7},0,,1C7BD4BC-EA82-4E65-A3D4-9C88A57995E7,Unknown,,S,,,Ave,S Magnolia Ave,2023-09-12 23:03:18+00:00,940 S Magnolia Ave 1-23 Los Angeles 90006,1C7BD4BC-EA82-4E65-A3D4-9C88A57995E7_940_S_Magnolia_Ave_1-23_Los_Angeles_90006,Magnolia,940 S Magnolia Avenue Ave 1-23 Los Angeles 90006,,,POINT (6474905.465751 1842300.342579),Incomplete_addresses_no_fraction&others_[validationResults]_554rows.csv,eGIS_Addressing_raw__2700971rows_51cols.csv
2900 Wilshire Ave Los Angeles 90010,,5077013041,,2900,,,,,,Wilshire,Avenue,,,,,,,,,,,,,90010,,Los Angeles,Los Angeles,,,,,Assessor,{AFD32A04-BBE9-47DD-AF00-F13D3A55C493},0,,AFD32A04-BBE9-47DD-AF00-F13D3A55C493,Unknown,,,,,Ave,Wilshire Ave,2024-04-27 17:13:09+00:00,2900 Wilshire Ave Los Angeles 90010,AFD32A04-BBE9-47DD-AF00-F13D3A55C493_2900_Wilshire_Ave_Los_Angeles_90010,Wilshire,2900 Wilshire Avenue Ave Los Angeles 90010,,,POINT (6475323.496411 1844807.522932),Incomplete_addresses_no_fraction&others_[validationResults]_554rows.csv,eGIS_Addressing_raw__2700971rows_51cols.csv
4511 S Broadway Ave Los Angeles 90037,,5110004037,,4511,,,South,,,Broadway,Avenue,,,,,,,,,,,,,90037,,Los Angeles,Los Angeles,,,,,Assessor,{F2A07DA9-4CAE-436C-B76E-CD788D99C416},0,,F2A07DA9-4CAE-436C-B76E-CD788D99C416,Unknown,,S,,,Ave,S Broadway Ave,2024-04-27 17:13:09+00:00,4511 S Broadway Ave Los Angeles 90037,F2A07DA9-4CAE-436C-B76E-CD788D99C416_4511_S_Broadway_Ave_Los_Angeles_90037,Broadway,4511 S Broadway Avenue Ave Los Angeles 90037,,,POINT (6477187.525163 1823429.728089),Incomplete_addresses_no_fraction&others_[validationResults]_554rows.csv,eGIS_Addressing_raw__2700971rows_51cols.csv
4050 S Broadway Pl Los Angeles 90037,,5111022024,,4050,,,South,,,Broadway,Place,,,,,,,,,,,,,90037,,Los Angeles,Los Angeles,,,,,LA City,{68480DAA-DF08-43BE-9DB9-294FEF827289},0,,68480DAA-DF08-43BE-9DB9-294FEF827289,Unknown,,S,,,Pl,S Broadway Pl,2023-09-12 23:03:18+00:00,4050 S Broadway Pl Los Angeles 90037,68480DAA-DF08-43BE-9DB9-294FEF827289_4050_S_Broadway_Pl_Los_Angeles_90037,Broadway,4050 S Broadway Place Pl Los Angeles 90037,,,POINT (6477442.584036 1826115.806378),Incomplete_addresses_no_fraction&others_[validationResults]_554rows.csv,eGIS_Addressing_raw__2700971rows_51cols.csv
3111 S Maple Ave Los Angeles 90011,,5120002910,,3111,,,South,,,Maple,Avenue,,,,,,,,,,,,,90011,,Los Angeles,Los Angeles,,,,,LA City,{5B81D2BE-3098-4669-B014-D7CFDFEE1241},0,,5B81D2BE-3098-4669-B014-D7CFDFEE1241,Unknown,,S,,,Ave,S Maple Ave,2023-09-12 23:03:18+00:00,3111 S Maple Ave Los Angeles 90011,5B81D2BE-3098-4669-B014-D7CFDFEE1241_3111_S_Maple_Ave_Los_Angeles_90011,Maple,3111 S Maple Avenue Ave Los Angeles 90011,,,POINT (6480390.64671 1829567.986482),Incomplete_addresses_no_fraction&others_[validationResults]_554rows.csv,eGIS_Addressing_raw__2700971rows_51cols.csv
307 E Jefferson Blvd A-C Los Angeles 90011,,5120016034,,307,,,East,,,Jefferson,Boulevard,,,,,,,,,,,,A-C,90011,,Los Angeles,Los Angeles,,,,,LA City,{D4923105-0452-4F05-BECD-89833F6FD1C8},0,,D4923105-0452-4F05-BECD-89833F6FD1C8,Unknown,,E,,,Blvd,E Jefferson Blvd,2023-09-12 23:03:18+00:00,307 E Jefferson Blvd A-C Los Angeles 90011,D4923105-0452-4F05-BECD-89833F6FD1C8_307_E_Jefferson_Blvd_A-C_Los_Angeles_90011,Jefferson,307 E Jefferson Boulevard Blvd A-C Los Angeles 90011,,,POINT (6480118.497976 1828758.922811),Incomplete_addresses_no_fraction&others_[validationResults]_554rows.csv,eGIS_Addressing_raw__2700971rows_51cols.csv
3515 S Broadway Pl Los Angeles 90007,,5122033016,,3515,,,South,,,Broadway,Place,,,,,,,,,,,,,90007,,Los Angeles,Los Angeles,,,,,LA City,{DC4CCE2D-6023-47E2-9D9D-7DF30FFD38A5},0,,DC4CCE2D-6023-47E2-9D9D-7DF30FFD38A5,Unknown,,S,,,Pl,S Broadway Pl,2023-09-12 23:03:18+00:00,3515 S Broadway Pl Los Angeles 90007,DC4CCE2D-6023-47E2-9D9D-7DF30FFD38A5_3515_S_Broadway_Pl_Los_Angeles_90007,Broadway,3515 S Broadway Place Pl Los Angeles 90007,,,POINT (6478659.923793 1828683.124078),Incomplete_addresses_no_fraction&others_[validationResults]_554rows.csv,eGIS_Addressing_raw__2700971rows_51cols.csv
1051 S Towne Ave 201-204 Los Angeles 90021,,5132010039,,1051,,,South,,,Towne,Avenue,,,,,,,,,,,,201-204,90021,,Los Angeles,Los Angeles,,,,,LA City,{7B9C1B65-EAEC-4209-BB69-3DC4F5161CA9},0,,7B9C1B65-EAEC-4209-BB69-3DC4F5161CA9,Unknown,,S,,,Ave,S Towne Ave,2023-09-12 23:03:18+00:00,1051 S Towne Ave 201-204 Los Angeles 90021,7B9C1B65-EAEC-4209-BB69-3DC4F5161CA9_1051_S_Towne_Ave_201-204_Los_Angeles_90021,Towne,1051 S Towne Avenue Ave 201-204 Los Angeles 90021,,,POINT (6485725.692798 1834616.923562),Incomplete_addresses_no_fraction&others_[validationResults]_554rows.csv,eGIS_Addressing_raw__2700971rows_51cols.csv
745 E Pico Blvd A-C Los Angeles 90021,,5132012015,,745,,,East,,,Pico,Boulevard,,,,,,,,,,,,A-C,90021,,Los Angeles,Los Angeles,,,,,LA City,{EFED5EC9-BC9B-4A43-9405-871D9EFF72A0},0,,EFED5EC9-BC9B-4A43-9405-871D9EFF72A0,Unknown,,E,,,Blvd,E Pico Blvd,2023-09-12 23:03:18+00:00,745 E Pico Blvd A-C Los Angeles 90021,EFED5EC9-BC9B-4A43-9405-871D9EFF72A0_745_E_Pico_Blvd_A-C_Los_Angeles_90021,Pico,745 E Pico Boulevard Blvd A-C Los Angeles 90021,,,POINT (6485191.167292 1834190.689179),Incomplete_addresses_no_fraction&others_[validationResults]_554rows.csv,eGIS_Addressing_raw__2700971rows_51cols.csv
800 S Hoover St A-C Los Angeles 90005,,5141026011,,800,,,South,,,Hoover,Street,,,,,,,,,,,,A-C,90005,,Los Angeles,Los Angeles,,,,,LA City,{65D3ADE9-88D5-4360-A65D-E2F787457524},0,,65D3ADE9-88D5-4360-A65D-E2F787457524,Unknown,,S,,,St,S Hoover St,2023-09-12 23:03:18+00:00,800 S Hoover St A-C Los Angeles 90005,65D3ADE9-88D5-4360-A65D-E2F787457524_800_S_Hoover_St_A-C_Los_Angeles_90005,Hoover,800 S Hoover Street St A-C Los Angeles 90005,,,POINT (6475623.642464 1843405.412219),Incomplete_addresses_no_fraction&others_[validationResults]_554rows.csv,eGIS_Addressing_raw__2700971rows_51cols.csv
701 S Maple Ave Los Angeles 90014,,5145002006,,701,,,South,,,Maple,Avenue,,,,,,,,,,,,,90014,,Los Angeles,Los Angeles,,,,,LA City,{0B97E329-5F47-40DC-926A-4ED5CF81027B},0,,0B97E329-5F47-40DC-926A-4ED5CF81027B,Unknown,,S,,,Ave,S Maple Ave,2023-09-12 23:03:18+00:00,701 S Maple Ave Los Angeles 90014,0B97E329-5F47-40DC-926A-4ED5CF81027B_701_S_Maple_Ave_Los_Angeles_90014,Maple,701 S Maple Avenue Ave Los Angeles 90014,,,POINT (6486059.360438 1837921.35757),Incomplete_addresses_no_fraction&others_[validationResults]_554rows.csv,eGIS_Addressing_raw__2700971rows_51cols.csv
1285 S Maple Ave A-B Los Angeles 90015,,5145027044,,1285,,,South,,,Maple,Avenue,,,,,,,,,,,,A-B,90015,,Los Angeles,Los Angeles,,,,,LA City,{907C0023-B9C6-4AEA-B8FC-183683C1537C},0,,907C0023-B9C6-4AEA-B8FC-183683C1537C,Unknown,,S,,,Ave,S Maple Ave,2023-09-12 23:03:18+00:00,1285 S Maple Ave A-B Los Angeles 90015,907C0023-B9C6-4AEA-B8FC-183683C1537C_1285_S_Maple_Ave_A-B_Los_Angeles_90015,Maple,1285 S Maple Avenue Ave A-B Los Angeles 90015,,,POINT (6483663.379009 1835278.99901),Incomplete_addresses_no_fraction&others_[validationResults]_554rows.csv,eGIS_Addressing_raw__2700971rows_51cols.csv
720 S Gladys Ave Los Angeles 90021,,5146001030,,720,,,South,,,Gladys,Avenue,,,,,,,,,,,,,90021,,Los Angeles,Los Angeles,,,,,LA City,{24CF8859-722C-41EC-9989-EE258A7A2E09},0,,24CF8859-722C-41EC-9989-EE258A7A2E09,Unknown,,S,,,Ave,S Gladys Ave,2023-09-12 23:03:18+00:00,720 S Gladys Ave Los Angeles 90021,24CF8859-722C-41EC-9989-EE258A7A2E09_720_S_Gladys_Ave_Los_Angeles_90021,Gladys,720 S Gladys Avenue Ave Los Angeles 90021,,,POINT (6487667.535371 1836324.455908),Incomplete_addresses_no_fraction&others_[validationResults]_554rows.csv,eGIS_Addressing_raw__2700971rows_51cols.csv
441 S Gladys Ave Los Angeles 90013,,5147011018,,441,,,South,,,Gladys,Avenue,,,,,,,,,,,,,90013,,Los Angeles,Los Angeles,,,,,LA City,{F40FBCB9-686E-4298-BCA1-B9EA5A95AAEE},0,,F40FBCB9-686E-4298-BCA1-B9EA5A95AAEE,Unknown,,S,,,Ave,S Gladys Ave,2023-09-12 23:03:18+00:00,441 S Gladys Ave Los Angeles 90013,F40FBCB9-686E-4298-BCA1-B9EA5A95AAEE_441_S_Gladys_Ave_Los_Angeles_90013,Gladys,441 S Gladys Avenue Ave Los Angeles 90013,,,POINT (6488903.921678 1837987.344643),Incomplete_addresses_no_fraction&others_[validationResults]_554rows.csv,eGIS_Addressing_raw__2700971rows_51cols.csv
516 S Maple Ave Los Angeles 90013,,5148016914,,516,,,South,,,Maple,Avenue,,,,,,,,,,,,,90013,,Los Angeles,Los Angeles,,,,,LA City,{B077F81D-FE8C-4471-832C-0485492B2AFA},0,,B077F81D-FE8C-4471-832C-0485492B2AFA,Unknown,,S,,,Ave,S Maple Ave,2023-09-12 23:03:18+00:00,516 S Maple Ave Los Angeles 90013,B077F81D-FE8C-4471-832C-0485492B2AFA_516_S_Maple_Ave_Los_Angeles_90013,Maple,516 S Maple Avenue Ave Los Angeles 90013,,,POINT (6486875.292533 1838795.010022),Incomplete_addresses_no_fraction&others_[validationResults]_554rows.csv,eGIS_Addressing_raw__2700971rows_51cols.csv
637 S Maple Ave A-B Los Angeles 90014,,5148022011,,637,,,South,,,Maple,Avenue,,,,,,,,,,,,A-B,90014,,Los Angeles,Los Angeles,,,,,LA City,{75E82CB4-4C22-4505-95A0-4DDD6930B723},0,,75E82CB4-4C22-4505-95A0-4DDD6930B723,Unknown,,S,,,Ave,S Maple Ave,2023-09-12 23:03:18+00:00,637 S Maple Ave A-B Los Angeles 90014,75E82CB4-4C22-4505-95A0-4DDD6930B723_637_S_Maple_Ave_A-B_Los_Angeles_90014,Maple,637 S Maple Avenue Ave A-B Los Angeles 90014,,,POINT (6486296.482339 1838205.109299),Incomplete_addresses_no_fraction&others_[validationResults]_554rows.csv,eGIS_Addressing_raw__2700971rows_51cols.csv
1720 W Beverly Blvd Los Angeles 90026,,5153001002,,1720,,,West,,,Beverly,Boulevard,,,,,,,,,,,,,90026,,Los Angeles,Los Angeles,,,,,LA City,{BC762291-458C-4033-9D00-EF63F7057AC3},0,,BC762291-458C-4033-9D00-EF63F7057AC3,Unknown,,W,,,Blvd,W Beverly Blvd,2023-09-12 23:03:18+00:00,1720 W Beverly Blvd Los Angeles 90026,BC762291-458C-4033-9D00-EF63F7057AC3_1720_W_Beverly_Blvd_Los_Angeles_90026,Beverly,1720 W Beverly Boulevard Blvd Los Angeles 90026,,,POINT (6480999.192409 1846019.098265),Incomplete_addresses_no_fraction&others_[validationResults]_554rows.csv,eGIS_Addressing_raw__2700971rows_51cols.csv
2300 W Beverly Blvd 1-49 Los Angeles 90057,,5154010035,,2300,,,West,,,Beverly,Boulevard,,,,,,,,,,,,Jan-49,90057,,Los Angeles,Los Angeles,,,,,LA City,{6796D336-CCEC-429E-BEAE-74E36704FD73},0,,6796D336-CCEC-429E-BEAE-74E36704FD73,Unknown,,W,,,Blvd,W Beverly Blvd,2023-09-12 23:03:18+00:00,2300 W Beverly Blvd 1-49 Los Angeles 90057,6796D336-CCEC-429E-BEAE-74E36704FD73_2300_W_Beverly_Blvd_1-49_Los_Angeles_90057,Beverly,2300 W Beverly Boulevard Blvd 1-49 Los Angeles 90057,,,POINT (6478945.963575 1847098.20503),Incomplete_addresses_no_fraction&others_[validationResults]_554rows.csv,eGIS_Addressing_raw__2700971rows_51cols.csv
1671 W Beverly Blvd 1-22 Los Angeles 90026,,5159012034,,1671,,,West,,,Beverly,Boulevard,,,,,,,,,,,,22-Jan,90026,,Los Angeles,Los Angeles,,,,,LA City,{A2BE673C-0444-4F1E-B8F4-907C124D93B9},0,,A2BE673C-0444-4F1E-B8F4-907C124D93B9,Unknown,,W,,,Blvd,W Beverly Blvd,2023-09-12 23:03:18+00:00,1671 W Beverly Blvd 1-22 Los Angeles 90026,A2BE673C-0444-4F1E-B8F4-907C124D93B9_1671_W_Beverly_Blvd_1-22_Los_Angeles_90026,Beverly,1671 W Beverly Boulevard Blvd 1-22 Los Angeles 90026,,,POINT (6481402.288059 1845962.352971),Incomplete_addresses_no_fraction&others_[validationResults]_554rows.csv,eGIS_Addressing_raw__2700971rows_51cols.csv
1707 E Mariachi Plaza De Los Angeles Los Angeles 90033,,5174014020,,1707,,,East,,,Mariachi Plaza De Los Angeles,,,,,,,,,,,,,,90033,,Los Angeles,Los Angeles,,,,,LA City,{7763DE8D-FDFD-460C-9544-C61D294540CE},0,,7763DE8D-FDFD-460C-9544-C61D294540CE,Unknown,,E,,,,E Mariachi Plaza De Los Angeles,2023-09-12 23:03:18+00:00,1707 E Mariachi Plaza De Los Angeles Los Angeles 90033,7763DE8D-FDFD-460C-9544-C61D294540CE_1707_E_Mariachi_Plaza_De_Los_Angeles_Los_Angeles_90033,Mariachi Plaza De Los Angeles,1707 E Mariachi Plaza De Los Angeles Los Angeles 90033,,,POINT (6495177.700141 1839783.209818),Incomplete_addresses_no_fraction&others_[validationResults]_554rows.csv,eGIS_Addressing_raw__2700971rows_51cols.csv
1718 Mariachi Plz De Los Los Angeles 90033,,5174014900,,1718,,,,,,Mariachi Plz De Los,,,,,,,,,,,,,,90033,,Los Angeles,Los Angeles,,,,,Assessor,{8B011785-3736-4000-AC60-764C6665DB10},0,,8B011785-3736-4000-AC60-764C6665DB10,Unknown,,,,,,Mariachi Plz De Los,2024-04-27 17:13:09+00:00,1718 Mariachi Plz De Los Los Angeles 90033,8B011785-3736-4000-AC60-764C6665DB10_1718_Mariachi_Plz_De_Los_Los_Angeles_90033,Mariachi Plz De Los,1718 Mariachi Plz De Los Los Angeles 90033,,,POINT (6495134.88625 1839692.282178),Incomplete_addresses_no_fraction&others_[validationResults]_554rows.csv,eGIS_Addressing_raw__2700971rows_51cols.csv
4251 E Huntington Dr Los Angeles 90032,,5209029009,,4251,,,East,,,Huntington,Drive,,,,,,,,,,,,,90032,,Los Angeles,Los Angeles,,,,,LA City,{B2FB95AD-6343-4115-BA26-DFB0548EAD2A},0,,B2FB95AD-6343-4115-BA26-DFB0548EAD2A,Unknown,,E,,,Dr,E Huntington Dr,2023-09-12 23:03:18+00:00,4251 E Huntington Dr Los Angeles 90032,B2FB95AD-6343-4115-BA26-DFB0548EAD2A_4251_E_Huntington_Dr_Los_Angeles_90032,Huntington,4251 E Huntington Drive Dr Los Angeles 90032,,,POINT (6503036.219857 1851289.058525),Incomplete_addresses_no_fraction&others_[validationResults]_554rows.csv,eGIS_Addressing_raw__2700971rows_51cols.csv
4641 E Huntington Dr 101-103 Los Angeles 90032,,5213013006,,4641,,,East,,,Huntington,Drive,,,,,,,,,,,,101-103,90032,,Los Angeles,Los Angeles,,,,,LA City,{C1348CD5-0377-4113-95D1-4543BE0144CE},0,,C1348CD5-0377-4113-95D1-4543BE0144CE,Unknown,,E,,,Dr,E Huntington Dr,2023-09-12 23:03:18+00:00,4641 E Huntington Dr 101-103 Los Angeles 90032,C1348CD5-0377-4113-95D1-4543BE0144CE_4641_E_Huntington_Dr_101-103_Los_Angeles_90032,Huntington,4641 E Huntington Drive Dr 101-103 Los Angeles 90032,,,POINT (6505653.610947 1853548.852562),Incomplete_addresses_no_fraction&others_[validationResults]_554rows.csv,eGIS_Addressing_raw__2700971rows_51cols.csv
4641 E Huntington Dr 201-203 Los Angeles 90032,,5213013006,,4641,,,East,,,Huntington,Drive,,,,,,,,,,,,201-203,90032,,Los Angeles,Los Angeles,,,,,LA City,{52623B7A-F3C1-4B90-9410-42942E9C6FE6},0,,52623B7A-F3C1-4B90-9410-42942E9C6FE6,Unknown,,E,,,Dr,E Huntington Dr,2023-09-12 23:03:18+00:00,4641 E Huntington Dr 201-203 Los Angeles 90032,52623B7A-F3C1-4B90-9410-42942E9C6FE6_4641_E_Huntington_Dr_201-203_Los_Angeles_90032,Huntington,4641 E Huntington Drive Dr 201-203 Los Angeles 90032,,,POINT (6505684.643366 1853552.266269),Incomplete_addresses_no_fraction&others_[validationResults]_554rows.csv,eGIS_Addressing_raw__2700971rows_51cols.csv
4648 E Huntington Dr 1-12 Los Angeles 90032,,5213020022,,4648,,,East,,,Huntington,Drive,,,,,,,,,,,,12-Jan,90032,,Los Angeles,Los Angeles,,,,,LA City,{97D6FEBA-4332-491C-A067-45991D39AC46},0,,97D6FEBA-4332-491C-A067-45991D39AC46,Unknown,,E,,,Dr,E Huntington Dr,2023-09-12 23:03:18+00:00,4648 E Huntington Dr 1-12 Los Angeles 90032,97D6FEBA-4332-491C-A067-45991D39AC46_4648_E_Huntington_Dr_1-12_Los_Angeles_90032,Huntington,4648 E Huntington Drive Dr 1-12 Los Angeles 90032,,,POINT (6505743.478222 1853422.591003),Incomplete_addresses_no_fraction&others_[validationResults]_554rows.csv,eGIS_Addressing_raw__2700971rows_51cols.csv
4448 E Huntington Dr 201-202 Los Angeles 90032,,5214008005,,4448,,,East,,,Huntington,Drive,,,,,,,,,,,,201-202,90032,,Los Angeles,Los Angeles,,,,,LA City,{A5AA0FEE-5588-4594-81A1-45E6D92C625B},0,,A5AA0FEE-5588-4594-81A1-45E6D92C625B,Unknown,,E,,,Dr,E Huntington Dr,2023-09-12 23:03:18+00:00,4448 E Huntington Dr 201-202 Los Angeles 90032,A5AA0FEE-5588-4594-81A1-45E6D92C625B_4448_E_Huntington_Dr_201-202_Los_Angeles_90032,Huntington,4448 E Huntington Drive Dr 201-202 Los Angeles 90032,,,POINT (6504380.34873 1852536.031097),Incomplete_addresses_no_fraction&others_[validationResults]_554rows.csv,eGIS_Addressing_raw__2700971rows_51cols.csv
5300 E Huntington Dr 1-10 Los Angeles 90032,,5219003025,,5300,,,East,,,Huntington,Drive,,,,,,,,,,,,10-Jan,90032,,Los Angeles,Los Angeles,,,,,LA City,{F4F50B74-E6DE-4ACF-BF4D-B526287EAFD3},0,,F4F50B74-E6DE-4ACF-BF4D-B526287EAFD3,Unknown,,E,,,Dr,E Huntington Dr,2023-09-12 23:03:18+00:00,5300 E Huntington Dr 1-10 Los Angeles 90032,F4F50B74-E6DE-4ACF-BF4D-B526287EAFD3_5300_E_Huntington_Dr_1-10_Los_Angeles_90032,Huntington,5300 E Huntington Drive Dr 1-10 Los Angeles 90032,,,POINT (6511163.24166 1854988.798173),Incomplete_addresses_no_fraction&others_[validationResults]_554rows.csv,eGIS_Addressing_raw__2700971rows_51cols.csv
2915 N Lowell Ave 1-8 Los Angeles 90032,,5220026024,,2915,,,North,,,Lowell,Avenue,,,,,,,,,,,,8-Jan,90032,,Los Angeles,Los Angeles,,,,,LA City,{164E6B21-7C17-4CD1-904A-EA823FAD87B1},0,,164E6B21-7C17-4CD1-904A-EA823FAD87B1,Unknown,,N,,,Ave,N Lowell Ave,2023-09-12 23:03:18+00:00,2915 N Lowell Ave 1-8 Los Angeles 90032,164E6B21-7C17-4CD1-904A-EA823FAD87B1_2915_N_Lowell_Ave_1-8_Los_Angeles_90032,Lowell,2915 N Lowell Avenue Ave 1-8 Los Angeles 90032,,,POINT (6512437.538653 1851404.892611),Incomplete_addresses_no_fraction&others_[validationResults]_554rows.csv,eGIS_Addressing_raw__2700971rows_51cols.csv
1278 La Veque St Los Angeles 90063,,5228013018,,1278,,,,,La,Veque,Street,,,,,,,,,,,,,90063,,Unincorporated,Los Angeles,,,,,LACO DPW House Numbering Map,{76C9E749-875D-4D23-B3CF-C92B770F7439},0,,76C9E749-875D-4D23-B3CF-C92B770F7439,Unknown,,,,,St,La Veque St,2015-05-01 18:22:13+00:00,1278 La Veque St Los Angeles 90063,76C9E749-875D-4D23-B3CF-C92B770F7439_1278_La_Veque_St_Los_Angeles_90063,La Veque,1278 La Veque Street St Los Angeles 90063,,,POINT (6505966.646083 1842025.015045),Incomplete_addresses_no_fraction&others_[validationResults]_554rows.csv,eGIS_Addressing_raw__2700971rows_51cols.csv
1213 N Hicks Cir Los Angeles 90063,,5229012024,,1213,,,North,,,Hicks,Circle,,,,,,,,,,,,,90063,,Unincorporated,Los Angeles,,,,,Assessor,{C8F9982F-AE97-4CCC-9B0B-5BC1BCCDF57D},0,,C8F9982F-AE97-4CCC-9B0B-5BC1BCCDF57D,Unknown,,N,,,Cir,N Hicks Cir,2024-04-27 06:55:51+00:00,1213 N Hicks Cir Los Angeles 90063,C8F9982F-AE97-4CCC-9B0B-5BC1BCCDF57D_1213_N_Hicks_Cir_Los_Angeles_90063,Hicks,1213 N Hicks Circle Cir Los Angeles 90063,,,POINT (6503636.609404 1841387.581937),Incomplete_addresses_no_fraction&others_[validationResults]_554rows.csv,eGIS_Addressing_raw__2700971rows_51cols.csv
3671 A Folsom St Los Angeles 90063,,5230016800,,3671,A,,,,,Folsom,Street,,,,,,,,,,,,,90063,,Unincorporated,Los Angeles,,,,,LACO DPW House Numbering Map,{714A7E0E-64D9-462C-9BCE-3C2A2C322DF2},0,,714A7E0E-64D9-462C-9BCE-3C2A2C322DF2,Unknown,,,,,St,Folsom St,2015-05-04 15:01:36+00:00,3671 A Folsom St Los Angeles 90063,714A7E0E-64D9-462C-9BCE-3C2A2C322DF2_3671_A_Folsom_St_Los_Angeles_90063,Folsom,3671 A Folsom Street St Los Angeles 90063,,,POINT (6505201.603321 1838629.675707),Incomplete_addresses_no_fraction&others_[validationResults]_554rows.csv,eGIS_Addressing_raw__2700971rows_51cols.csv
4002 A Princeton St Los Angeles 90023,,5238015035,,4002,A,,,,,Princeton,Street,,,,,,,,,,,,,90023,,Unincorporated,Los Angeles,Commerce,,,,LACO DPW Add,{22072E47-8D64-4395-9FD9-9BAE7C60705C},0,,22072E47-8D64-4395-9FD9-9BAE7C60705C,Unknown,,,,,St,Princeton St,2023-10-20 00:37:13+00:00,4002 A Princeton St Los Angeles 90023,22072E47-8D64-4395-9FD9-9BAE7C60705C_4002_A_Princeton_St_Los_Angeles_90023,Princeton,4002 A Princeton Street St Los Angeles 90023,,,POINT (6505745.076644 1832301.288758),Incomplete_addresses_no_fraction&others_[validationResults]_554rows.csv,eGIS_Addressing_raw__2700971rows_51cols.csv
4002 B Princeton St Los Angeles 90023,,5238015035,,4002,B,,,,,Princeton,Street,,,,,,,,,,,,,90023,,Unincorporated,Los Angeles,Commerce,,,,LACO DPW Add,{AC32B140-34D0-4E04-8E2A-A6FDF0069171},0,,AC32B140-34D0-4E04-8E2A-A6FDF0069171,Unknown,,,,,St,Princeton St,2023-10-20 00:38:09+00:00,4002 B Princeton St Los Angeles 90023,AC32B140-34D0-4E04-8E2A-A6FDF0069171_4002_B_Princeton_St_Los_Angeles_90023,Princeton,4002 B Princeton Street St Los Angeles 90023,,,POINT (6505746.055973 1832221.451647),Incomplete_addresses_no_fraction&others_[validationResults]_554rows.csv,eGIS_Addressing_raw__2700971rows_51cols.csv
Los Angeles 90023,,5241003009,,0,,,,,,,,,,,,,,,,,,,,90023,,Unincorporated,Los Angeles,Commerce,,,,LACO DPW Add,{6698DFB1-11FE-47B8-933C-4AA92F50CB36},0,,6698DFB1-11FE-47B8-933C-4AA92F50CB36,Unknown,,,,,,,2020-10-01 16:25:39+00:00,Los Angeles 90023,6698DFB1-11FE-47B8-933C-4AA92F50CB36__Los_Angeles_90023,,Los Angeles 90023,,,POINT (6506226.486114 1829386.49111),Incomplete_addresses_no_fraction&others_[validationResults]_554rows.csv,eGIS_Addressing_raw__2700971rows_51cols.csv
2005 Rosemead 91770,,5277020024,,2005,,,,,,,,,,,,,,,,,,,,91770,,Unincorporated,Rosemead,South San Gabriel,,,,LACO DPW House Numbering Map,{EC8BEE3B-4CE8-41E8-9E7D-08A0C86E61B0},0,,EC8BEE3B-4CE8-41E8-9E7D-08A0C86E61B0,Unknown,,,,,,,2015-05-04 20:53:04+00:00,2005 Rosemead 91770,EC8BEE3B-4CE8-41E8-9E7D-08A0C86E61B0_2005_Rosemead_91770,,2005 Rosemead 91770,,,POINT (6531607.88417 1841337.651591),Incomplete_addresses_no_fraction&others_[validationResults]_554rows.csv,eGIS_Addressing_raw__2700971rows_51cols.csv
1920 A Arland Ave Rosemead 91770,,5279006015,,1920,A,,,,,Arland,Avenue,,,,,,,,,,,,,91770,,Unincorporated,Rosemead,South San Gabriel,,,,LACO DPW Add,{F6E2AA05-E834-4EC0-BD12-DB5F3480F52A},0,,F6E2AA05-E834-4EC0-BD12-DB5F3480F52A,Unknown,,,,,Ave,Arland Ave,2023-10-20 00:41:07+00:00,1920 A Arland Ave Rosemead 91770,F6E2AA05-E834-4EC0-BD12-DB5F3480F52A_1920_A_Arland_Ave_Rosemead_91770,Arland,1920 A Arland Avenue Ave Rosemead 91770,,,POINT (6533416.566248 1840927.386663),Incomplete_addresses_no_fraction&others_[validationResults]_554rows.csv,eGIS_Addressing_raw__2700971rows_51cols.csv
4927 E Huntington Dr 100-200 Los Angeles 90032,,5306015901,,4927,,,East,,,Huntington,Drive,,,,,,,,,,,,100-200,90032,,Los Angeles,Los Angeles,,,,,LA City,{9B4DB67A-6AB2-489C-B329-0797AA7E057E},0,,9B4DB67A-6AB2-489C-B329-0797AA7E057E,Unknown,,E,,,Dr,E Huntington Dr,2023-09-12 23:03:18+00:00,4927 E Huntington Dr 100-200 Los Angeles 90032,9B4DB67A-6AB2-489C-B329-0797AA7E057E_4927_E_Huntington_Dr_100-200_Los_Angeles_90032,Huntington,4927 E Huntington Drive Dr 100-200 Los Angeles 90032,,,POINT (6508298.183742 1854211.185555),Incomplete_addresses_no_fraction&others_[validationResults]_554rows.csv,eGIS_Addressing_raw__2700971rows_51cols.csv
5073 E Huntington Dr 1-3 Los Angeles 90032,,5307014013,,5073,,,East,,,Huntington,Drive,,,,,,,,,,,,3-Jan,90032,,Los Angeles,Los Angeles,,,,,LA City,{5F35FB6D-2994-4DEB-9C76-8EA202A55612},0,,5F35FB6D-2994-4DEB-9C76-8EA202A55612,Unknown,,E,,,Dr,E Huntington Dr,2023-09-12 23:03:18+00:00,5073 E Huntington Dr 1-3 Los Angeles 90032,5F35FB6D-2994-4DEB-9C76-8EA202A55612_5073_E_Huntington_Dr_1-3_Los_Angeles_90032,Huntington,5073 E Huntington Drive Dr 1-3 Los Angeles 90032,,,POINT (6509674.274822 1854941.838621),Incomplete_addresses_no_fraction&others_[validationResults]_554rows.csv,eGIS_Addressing_raw__2700971rows_51cols.csv
5211 E Huntington Dr 1-5 Los Angeles 90032,,5309001021,,5211,,,East,,,Huntington,Drive,,,,,,,,,,,,5-Jan,90032,,Los Angeles,Los Angeles,,,,,LA City,{4BE16718-98E5-4439-8891-B92E02CB0589},0,,4BE16718-98E5-4439-8891-B92E02CB0589,Unknown,,E,,,Dr,E Huntington Dr,2023-09-12 23:03:18+00:00,5211 E Huntington Dr 1-5 Los Angeles 90032,4BE16718-98E5-4439-8891-B92E02CB0589_5211_E_Huntington_Dr_1-5_Los_Angeles_90032,Huntington,5211 E Huntington Drive Dr 1-5 Los Angeles 90032,,,POINT (6510874.030953 1855220.295741),Incomplete_addresses_no_fraction&others_[validationResults]_554rows.csv,eGIS_Addressing_raw__2700971rows_51cols.csv
4363 N Lowell Ave 1-6 Los Angeles 90032,,5309014004,,4363,,,North,,,Lowell,Avenue,,,,,,,,,,,,6-Jan,90032,,Los Angeles,Los Angeles,,,,,LA City,{A12236C2-6125-4A50-9FD1-429E5CAAC4A0},0,,A12236C2-6125-4A50-9FD1-429E5CAAC4A0,Unknown,,N,,,Ave,N Lowell Ave,2023-09-12 23:03:18+00:00,4363 N Lowell Ave 1-6 Los Angeles 90032,A12236C2-6125-4A50-9FD1-429E5CAAC4A0_4363_N_Lowell_Ave_1-6_Los_Angeles_90032,Lowell,4363 N Lowell Avenue Ave 1-6 Los Angeles 90032,,,POINT (6512433.931048 1857179.04248),Incomplete_addresses_no_fraction&others_[validationResults]_554rows.csv,eGIS_Addressing_raw__2700971rows_51cols.csv
5261 E Huntington Dr 1-9 Los Angeles 90032,,5309016018,,5261,,,East,,,Huntington,Drive,,,,,,,,,,,,9-Jan,90032,,Los Angeles,Los Angeles,,,,,LA City,{AC5194C4-5CD4-4F69-8ECB-332B5CEC1EAC},0,,AC5194C4-5CD4-4F69-8ECB-332B5CEC1EAC,Unknown,,E,,,Dr,E Huntington Dr,2023-09-12 23:03:18+00:00,5261 E Huntington Dr 1-9 Los Angeles 90032,AC5194C4-5CD4-4F69-8ECB-332B5CEC1EAC_5261_E_Huntington_Dr_1-9_Los_Angeles_90032,Huntington,5261 E Huntington Drive Dr 1-9 Los Angeles 90032,,,POINT (6511417.919629 1855326.529453),Incomplete_addresses_no_fraction&others_[validationResults]_554rows.csv,eGIS_Addressing_raw__2700971rows_51cols.csv
5303 E Huntington Dr 1-14 Los Angeles 90032,,5309016023,,5303,,,East,,,Huntington,Drive,,,,,,,,,,,,14-Jan,90032,,Los Angeles,Los Angeles,,,,,LA City,{5AA3E5FC-D982-4D6F-97F2-3A3A4236CC9D},0,,5AA3E5FC-D982-4D6F-97F2-3A3A4236CC9D,Unknown,,E,,,Dr,E Huntington Dr,2023-09-12 23:03:18+00:00,5303 E Huntington Dr 1-14 Los Angeles 90032,5AA3E5FC-D982-4D6F-97F2-3A3A4236CC9D_5303_E_Huntington_Dr_1-14_Los_Angeles_90032,Huntington,5303 E Huntington Drive Dr 1-14 Los Angeles 90032,,,POINT (6511630.424453 1855451.827102),Incomplete_addresses_no_fraction&others_[validationResults]_554rows.csv,eGIS_Addressing_raw__2700971rows_51cols.csv
5311 E Huntington Dr 1-48 Los Angeles 90032,,5309016028,,5311,,,East,,,Huntington,Drive,,,,,,,,,,,,Jan-48,90032,,Los Angeles,Los Angeles,,,,,LA City,{348F7438-7546-4028-864A-F1FF53E96C11},0,,348F7438-7546-4028-864A-F1FF53E96C11,Unknown,,E,,,Dr,E Huntington Dr,2023-09-12 23:03:18+00:00,5311 E Huntington Dr 1-48 Los Angeles 90032,348F7438-7546-4028-864A-F1FF53E96C11_5311_E_Huntington_Dr_1-48_Los_Angeles_90032,Huntington,5311 E Huntington Drive Dr 1-48 Los Angeles 90032,,,POINT (6511715.398036 1855518.146524),Incomplete_addresses_no_fraction&others_[validationResults]_554rows.csv,eGIS_Addressing_raw__2700971rows_51cols.csv
5361 E Huntington Dr 1-8 Los Angeles 90032,,5309017026,,5361,,,East,,,Huntington,Drive,,,,,,,,,,,,8-Jan,90032,,Los Angeles,Los Angeles,,,,,LA City,{B04035B8-2877-452A-B06C-DA87F4597002},0,,B04035B8-2877-452A-B06C-DA87F4597002,Unknown,,E,,,Dr,E Huntington Dr,2023-09-12 23:03:18+00:00,5361 E Huntington Dr 1-8 Los Angeles 90032,B04035B8-2877-452A-B06C-DA87F4597002_5361_E_Huntington_Dr_1-8_Los_Angeles_90032,Huntington,5361 E Huntington Drive Dr 1-8 Los Angeles 90032,,,POINT (6512046.32618 1855822.251558),Incomplete_addresses_no_fraction&others_[validationResults]_554rows.csv,eGIS_Addressing_raw__2700971rows_51cols.csv
5375 E Huntington Dr 1-4 Los Angeles 90032,,5309017032,,5375,,,East,,,Huntington,Drive,,,,,,,,,,,,4-Jan,90032,,Los Angeles,Los Angeles,,,,,LA City,{6843FBEB-A62B-42B4-B9F5-33959894A023},0,,6843FBEB-A62B-42B4-B9F5-33959894A023,Unknown,,E,,,Dr,E Huntington Dr,2023-09-12 23:03:18+00:00,5375 E Huntington Dr 1-4 Los Angeles 90032,6843FBEB-A62B-42B4-B9F5-33959894A023_5375_E_Huntington_Dr_1-4_Los_Angeles_90032,Huntington,5375 E Huntington Drive Dr 1-4 Los Angeles 90032,,,POINT (6512163.609738 1855912.803543),Incomplete_addresses_no_fraction&others_[validationResults]_554rows.csv,eGIS_Addressing_raw__2700971rows_51cols.csv
5381 E Huntington Dr 1-23 Los Angeles 90032,,5309017035,,5381,,,East,,,Huntington,Drive,,,,,,,,,,,,23-Jan,90032,,Los Angeles,Los Angeles,,,,,LA City,{2DD232C4-CD6A-44EB-9042-55FA2DB1383C},0,,2DD232C4-CD6A-44EB-9042-55FA2DB1383C,Unknown,,E,,,Dr,E Huntington Dr,2023-09-12 23:03:18+00:00,5381 E Huntington Dr 1-23 Los Angeles 90032,2DD232C4-CD6A-44EB-9042-55FA2DB1383C_5381_E_Huntington_Dr_1-23_Los_Angeles_90032,Huntington,5381 E Huntington Drive Dr 1-23 Los Angeles 90032,,,POINT (6512201.169375 1855946.732609),Incomplete_addresses_no_fraction&others_[validationResults]_554rows.csv,eGIS_Addressing_raw__2700971rows_51cols.csv
4376 N Lowell Ave 1-10 Los Angeles 90032,,5309019028,,4376,,,North,,,Lowell,Avenue,,,,,,,,,,,,10-Jan,90032,,Los Angeles,Los Angeles,,,,,LA City,{8C4B1429-BEF5-46B0-96F2-D4B1D9C458BA},0,,8C4B1429-BEF5-46B0-96F2-D4B1D9C458BA,Unknown,,N,,,Ave,N Lowell Ave,2023-09-12 23:03:18+00:00,4376 N Lowell Ave 1-10 Los Angeles 90032,8C4B1429-BEF5-46B0-96F2-D4B1D9C458BA_4376_N_Lowell_Ave_1-10_Los_Angeles_90032,Lowell,4376 N Lowell Avenue Ave 1-10 Los Angeles 90032,,,POINT (6512507.403998 1857329.513964),Incomplete_addresses_no_fraction&others_[validationResults]_554rows.csv,eGIS_Addressing_raw__2700971rows_51cols.csv
4336 N Lowell Ave 1-4 Los Angeles 90032,,5309019908,,4336,,,North,,,Lowell,Avenue,,,,,,,,,,,,4-Jan,90032,,Los Angeles,Los Angeles,,,,,LA City,{B876C75A-6A94-401F-BE19-0463FE42ED76},0,,B876C75A-6A94-401F-BE19-0463FE42ED76,Unknown,,N,,,Ave,N Lowell Ave,2023-09-12 23:03:18+00:00,4336 N Lowell Ave 1-4 Los Angeles 90032,B876C75A-6A94-401F-BE19-0463FE42ED76_4336_N_Lowell_Ave_1-4_Los_Angeles_90032,Lowell,4336 N Lowell Avenue Ave 1-4 Los Angeles 90032,,,POINT (6512513.542438 1856965.266661),Incomplete_addresses_no_fraction&others_[validationResults]_554rows.csv,eGIS_Addressing_raw__2700971rows_51cols.csv
4448 N Lowell Ave 1-5 Los Angeles 90032,,5309020011,,4448,,,North,,,Lowell,Avenue,,,,,,,,,,,,5-Jan,90032,,Los Angeles,Los Angeles,,,,,LA City,{6EE78C16-5045-4D8D-9D10-63CA3140D777},0,,6EE78C16-5045-4D8D-9D10-63CA3140D777,Unknown,,N,,,Ave,N Lowell Ave,2023-09-12 23:03:18+00:00,4448 N Lowell Ave 1-5 Los Angeles 90032,6EE78C16-5045-4D8D-9D10-63CA3140D777_4448_N_Lowell_Ave_1-5_Los_Angeles_90032,Lowell,4448 N Lowell Avenue Ave 1-5 Los Angeles 90032,,,POINT (6512497.316748 1857924.093811),Incomplete_addresses_no_fraction&others_[validationResults]_554rows.csv,eGIS_Addressing_raw__2700971rows_51cols.csv
5639 E Huntington Dr 1-13 Los Angeles 90032,,5309027016,,5639,,,East,,,Huntington,Drive,,,,,,,,,,,,13-Jan,90032,,Los Angeles,Los Angeles,,,,,LA City,{8EDC155D-83F6-4731-8931-EA2F3C8E397D},0,,8EDC155D-83F6-4731-8931-EA2F3C8E397D,Unknown,,E,,,Dr,E Huntington Dr,2023-09-12 23:03:18+00:00,5639 E Huntington Dr 1-13 Los Angeles 90032,8EDC155D-83F6-4731-8931-EA2F3C8E397D_5639_E_Huntington_Dr_1-13_Los_Angeles_90032,Huntington,5639 E Huntington Drive Dr 1-13 Los Angeles 90032,,,POINT (6514117.701303 1857474.162625),Incomplete_addresses_no_fraction&others_[validationResults]_554rows.csv,eGIS_Addressing_raw__2700971rows_51cols.csv
5733 E Huntington Dr 1-20 Los Angeles 90032,,5309028017,,5733,,,East,,,Huntington,Drive,,,,,,,,,,,,20-Jan,90032,,Los Angeles,Los Angeles,,,,,LA City,{2F414F77-083F-402A-9BCB-6F66E6C452DD},0,,2F414F77-083F-402A-9BCB-6F66E6C452DD,Unknown,,E,,,Dr,E Huntington Dr,2023-09-12 23:03:18+00:00,5733 E Huntington Dr 1-20 Los Angeles 90032,2F414F77-083F-402A-9BCB-6F66E6C452DD_5733_E_Huntington_Dr_1-20_Los_Angeles_90032,Huntington,5733 E Huntington Drive Dr 1-20 Los Angeles 90032,,,POINT (6514495.182831 1857894.898004),Incomplete_addresses_no_fraction&others_[validationResults]_554rows.csv,eGIS_Addressing_raw__2700971rows_51cols.csv
2421 B San Pasqual St Pasadena 91107,,5330004025,,2421,B,,,,,San Pasqual,Street,,,,,,,,,,,,,91107,,Unincorporated,Pasadena,,,,,LACO DPW Add,{1528BF5B-C34D-4114-896C-CA3CFB33AF7C},0,,1528BF5B-C34D-4114-896C-CA3CFB33AF7C,Unknown,,,,,St,San Pasqual St,2019-09-05 10:56:24+00:00,2421 B San Pasqual St Pasadena 91107,1528BF5B-C34D-4114-896C-CA3CFB33AF7C_2421_B_San_Pasqual_St_Pasadena_91107,San Pasqual,2421 B San Pasqual Street St Pasadena 91107,,,POINT (6531292.673842 1872780.770791),Incomplete_addresses_no_fraction&others_[validationResults]_554rows.csv,eGIS_Addressing_raw__2700971rows_51cols.csv
2421 A San Pasqual St Pasadena 91107,,5330004032,,2421,A,,,,,San Pasqual,Street,,,,,,,,,,,,,91107,,Unincorporated,Pasadena,,,,,LACO DPW Add,{2E42DA25-45A0-457E-9EDC-79BAC43E3235},0,,2E42DA25-45A0-457E-9EDC-79BAC43E3235,Unknown,,,,,St,San Pasqual St,2023-12-07 21:17:21+00:00,2421 A San Pasqual St Pasadena 91107,2E42DA25-45A0-457E-9EDC-79BAC43E3235_2421_A_San_Pasqual_St_Pasadena_91107,San Pasqual,2421 A San Pasqual Street St Pasadena 91107,,,POINT (6531297.170881 1872833.113862),Incomplete_addresses_no_fraction&others_[validationResults]_554rows.csv,eGIS_Addressing_raw__2700971rows_51cols.csv
8545 A Arcadia Ave San Gabriel 91775,,5376016005,,8545,A,,,,,Arcadia,Avenue,,,,,,,,,,,,,91775,,Unincorporated,San Gabriel,,,,,LACO DPW Add,{279D37CF-0410-41CD-9EC0-CF9453C26DC7},0,,279D37CF-0410-41CD-9EC0-CF9453C26DC7,Unknown,,,,,Ave,Arcadia Ave,2024-06-18 21:47:29+00:00,8545 A Arcadia Ave San Gabriel 91775,279D37CF-0410-41CD-9EC0-CF9453C26DC7_8545_A_Arcadia_Ave_San_Gabriel_91775,Arcadia,8545 A Arcadia Avenue Ave San Gabriel 91775,,,POINT (6536310.255999 1867556.784848),Incomplete_addresses_no_fraction&others_[validationResults]_554rows.csv,eGIS_Addressing_raw__2700971rows_51cols.csv
3100 San Gabriel 91775,,5376026900,,3100,,,,,,,,,,,,,,,,,,,,91775,,San Marino,San Gabriel,,,,,Office of Assessor,{DA275645-C2BB-4A75-9983-00A28808C059},0,,DA275645-C2BB-4A75-9983-00A28808C059,Unknown,,,,,,,2015-04-03 13:25:09+00:00,3100 San Gabriel 91775,DA275645-C2BB-4A75-9983-00A28808C059_3100_San_Gabriel_91775,,3100 San Marino 91775,,,POINT (6534613.274485 1868306.3447),Incomplete_addresses_no_fraction&others_[validationResults]_554rows.csv,eGIS_Addressing_raw__2700971rows_51cols.csv
6947 A Rosemead Blvd San Gabriel 91775,,5379018008,,6947,A,,,,,Rosemead,Boulevard,,,,,,,,,,,,,91775,,Unincorporated,San Gabriel,,,,,LACO DPW Add,{2C530648-4ACB-4786-AFE5-0E55BBB10CBB},0,,2C530648-4ACB-4786-AFE5-0E55BBB10CBB,Unknown,,,,,Blvd,Rosemead Blvd,2020-09-16 16:08:43+00:00,6947 A Rosemead Blvd San Gabriel 91775,2C530648-4ACB-4786-AFE5-0E55BBB10CBB_6947_A_Rosemead_Blvd_San_Gabriel_91775,Rosemead,6947 A Rosemead Boulevard Blvd San Gabriel 91775,,,POINT (6539417.506346 1867619.42219),Incomplete_addresses_no_fraction&others_[validationResults]_554rows.csv,eGIS_Addressing_raw__2700971rows_51cols.csv
6947 B Rosemead Blvd San Gabriel 91775,,5379018008,,6947,B,,,,,Rosemead,Boulevard,,,,,,,,,,,,,91775,,Unincorporated,San Gabriel,,,,,LACO DPW Add,{1640192A-9834-40A7-932B-B724506F3A60},0,,1640192A-9834-40A7-932B-B724506F3A60,Unknown,,,,,Blvd,Rosemead Blvd,2020-09-16 16:08:43+00:00,6947 B Rosemead Blvd San Gabriel 91775,1640192A-9834-40A7-932B-B724506F3A60_6947_B_Rosemead_Blvd_San_Gabriel_91775,Rosemead,6947 B Rosemead Boulevard Blvd San Gabriel 91775,,,POINT (6539437.536162 1867620.457293),Incomplete_addresses_no_fraction&others_[validationResults]_554rows.csv,eGIS_Addressing_raw__2700971rows_51cols.csv
6536 Arcadia 91007,,5383012002,,6536,,,,,,,,,,,,,,,,,,,,91007,,Unincorporated,Arcadia,,,,,LACO DPW House Numbering Map,{805AA971-0480-4B92-B5EB-6FE601B3F974},0,,805AA971-0480-4B92-B5EB-6FE601B3F974,Unknown,,,,,,,2023-01-10 08:01:43+00:00,6536 Arcadia 91007,805AA971-0480-4B92-B5EB-6FE601B3F974_6536_Arcadia_91007,,6536 Arcadia 91007,,,POINT (6542602.888099 1865516.905726),Incomplete_addresses_no_fraction&others_[validationResults]_554rows.csv,eGIS_Addressing_raw__2700971rows_51cols.csv
1001 N Coronado Ter Los Angeles 90026,,5402020018,,1001,,,North,,,Coronado,Terrace,,,,,,,,,,,,,90026,,Los Angeles,Los Angeles,,,,,LA City,{AD8AFC4F-B0DB-4AE0-9B8A-EADFC00148A0},0,,AD8AFC4F-B0DB-4AE0-9B8A-EADFC00148A0,Unknown,,N,,,Ter,N Coronado Ter,2023-09-12 23:03:18+00:00,1001 N Coronado Ter Los Angeles 90026,AD8AFC4F-B0DB-4AE0-9B8A-EADFC00148A0_1001_N_Coronado_Ter_Los_Angeles_90026,Coronado,1001 N Coronado Terrace Ter Los Angeles 90026,,,POINT (6480270.284418 1850835.878657),Incomplete_addresses_no_fraction&others_[validationResults]_554rows.csv,eGIS_Addressing_raw__2700971rows_51cols.csv
1666 N Mccollum Pl Los Angeles 90026,,5423014001,,1666,,,North,,,Mccollum,Place,,,,,,,,,,,,,90026,,Los Angeles,Los Angeles,,,,,LA City,{852E9557-108C-4929-A674-BB743704CB25},0,,852E9557-108C-4929-A674-BB743704CB25,Unknown,,N,,,Pl,N Mccollum Pl,2023-09-12 23:03:18+00:00,1666 N Mccollum Pl Los Angeles 90026,852E9557-108C-4929-A674-BB743704CB25_1666_N_Mccollum_Pl_Los_Angeles_90026,Mccollum,1666 N Mccollum Place Pl Los Angeles 90026,,,POINT (6481411.568552 1854423.286509),Incomplete_addresses_no_fraction&others_[validationResults]_554rows.csv,eGIS_Addressing_raw__2700971rows_51cols.csv
1772 E Buena Vista St  Los Angeles 90031,,5447020901,,1772,,,East,,,Buena Vista,Street,,,,,,,,,,,,,90031,,Los Angeles,Los Angeles,,,,,LA City,{8E2DEC33-C001-4325-84A7-8A68CF877162},0,,8E2DEC33-C001-4325-84A7-8A68CF877162,Unknown,,E,,,St,E Buena Vista St ,2024-10-25 23:23:08+00:00,1772 E Buena Vista St  Los Angeles 90031,8E2DEC33-C001-4325-84A7-8A68CF877162_1772_E_Buena_Vista_St__Los_Angeles_90031,Buena Vista,1772 E Buena Vista Street St Los Angeles 90031,,,POINT (6493955.873188 1848543.562048),Incomplete_addresses_no_fraction&others_[validationResults]_554rows.csv,eGIS_Addressing_raw__2700971rows_51cols.csv
347 Canon Crest St Los Angeles 90065,,5466026026,,347,,,,,,Canon Crest,Street,,,,,,,,,,,,,90065,,Los Angeles,Los Angeles,,,,,Assessor,{C3385B34-802A-4DF3-A0DA-771529146085},0,,C3385B34-802A-4DF3-A0DA-771529146085,Unknown,,,,,St,Canon Crest St,2024-04-27 17:13:09+00:00,347 Canon Crest St Los Angeles 90065,C3385B34-802A-4DF3-A0DA-771529146085_347_Canon_Crest_St_Los_Angeles_90065,Canon Crest,347 Canon Crest Street St Los Angeles 90065,,,POINT (6498085.276347 1858464.89916),Incomplete_addresses_no_fraction&others_[validationResults]_554rows.csv,eGIS_Addressing_raw__2700971rows_51cols.csv
4941 N Lincoln Ave Los Angeles 90042,,5477002019,,4941,,,North,,,Lincoln,Avenue,,,,,,,,,,,,,90042,,Los Angeles,Los Angeles,,,,,LA City,{BE1C97CC-37A6-44AC-9F8E-A914D0D59151},0,,BE1C97CC-37A6-44AC-9F8E-A914D0D59151,Unknown,,N,,,Ave,N Lincoln Ave,2023-09-12 23:03:18+00:00,4941 N Lincoln Ave Los Angeles 90042,BE1C97CC-37A6-44AC-9F8E-A914D0D59151_4941_N_Lincoln_Ave_Los_Angeles_90042,Lincoln,4941 N Lincoln Avenue Ave Los Angeles 90042,,,POINT (6498768.634888 1866419.964943),Incomplete_addresses_no_fraction&others_[validationResults]_554rows.csv,eGIS_Addressing_raw__2700971rows_51cols.csv
5745 E Arroyo Dr Los Angeles 90042,,5492006018,,5745,,,East,,,Arroyo,Drive,,,,,,,,,,,,,90042,,Los Angeles,Los Angeles,,,,,LA City,{BDAD6A61-FEF3-4E28-855A-A6A4160E986F},0,,BDAD6A61-FEF3-4E28-855A-A6A4160E986F,Unknown,,E,,,Dr,E Arroyo Dr,2023-09-12 23:03:18+00:00,5745 E Arroyo Dr Los Angeles 90042,BDAD6A61-FEF3-4E28-855A-A6A4160E986F_5745_E_Arroyo_Dr_Los_Angeles_90042,Arroyo,5745 E Arroyo Drive Dr Los Angeles 90042,,,POINT (6503915.613111 1860483.625766),Incomplete_addresses_no_fraction&others_[validationResults]_554rows.csv,eGIS_Addressing_raw__2700971rows_51cols.csv
816 N Formosa Ln Los Angeles 90046,,5525003044,,816,,,North,,,Formosa,Lane,,,,,,,,,,,,,90046,,Los Angeles,Los Angeles,West Hollywood,,,,LA City,{86CA7FE5-FB7D-455B-AC81-98EA248C7EAD},0,,86CA7FE5-FB7D-455B-AC81-98EA248C7EAD,Unknown,,N,,,Ln,N Formosa Ln,2023-09-12 23:03:18+00:00,816 N Formosa Ln Los Angeles 90046,86CA7FE5-FB7D-455B-AC81-98EA248C7EAD_816_N_Formosa_Ln_Los_Angeles_90046,Formosa,816 N Formosa Lane Ln Los Angeles 90046,,,POINT (6456954.707361 1853800.453765),Incomplete_addresses_no_fraction&others_[validationResults]_554rows.csv,eGIS_Addressing_raw__2700971rows_51cols.csv
7111 W Melrose Ave A-C Los Angeles 90046,,5525009022,,7111,,,West,,,Melrose,Avenue,,,,,,,,,,,,A-C,90046,,Los Angeles,Los Angeles,West Hollywood,,,,LA City,{458304F9-CFEF-4EA6-997C-B889FA92EB89},0,,458304F9-CFEF-4EA6-997C-B889FA92EB89,Unknown,,W,,,Ave,W Melrose Ave,2023-09-12 23:03:18+00:00,7111 W Melrose Ave A-C Los Angeles 90046,458304F9-CFEF-4EA6-997C-B889FA92EB89_7111_W_Melrose_Ave_A-C_Los_Angeles_90046,Melrose,7111 W Melrose Avenue Ave A-C Los Angeles 90046,,,POINT (6457312.56721 1852988.81464),Incomplete_addresses_no_fraction&others_[validationResults]_554rows.csv,eGIS_Addressing_raw__2700971rows_51cols.csv
5455 W Hollywood Blvd A-C Los Angeles 90027,,5544007032,,5455,,,West,,,Hollywood,Boulevard,,,,,,,,,,,,A-C,90027,,Los Angeles,Los Angeles,,,,,LA City,{76BF4A1A-EE7F-427E-9007-39A173F3E4DD},0,,76BF4A1A-EE7F-427E-9007-39A173F3E4DD,Unknown,,W,,,Blvd,W Hollywood Blvd,2023-09-12 23:03:18+00:00,5455 W Hollywood Blvd A-C Los Angeles 90027,76BF4A1A-EE7F-427E-9007-39A173F3E4DD_5455_W_Hollywood_Blvd_A-C_Los_Angeles_90027,Hollywood,5455 W Hollywood Boulevard Blvd A-C Los Angeles 90027,,,POINT (6468180.792192 1859621.376506),Incomplete_addresses_no_fraction&others_[validationResults]_554rows.csv,eGIS_Addressing_raw__2700971rows_51cols.csv
1776 Vista Del Mar St Los Angeles 90028,,5546031028,,1776,,,,,,Vista Del Mar,Street,,,,,,,,,,,,,90028,,Los Angeles,Los Angeles,Hollywood,,,,Assessor,{B834FAFA-40C9-469E-8AF8-F7BC752CB421},0,,B834FAFA-40C9-469E-8AF8-F7BC752CB421,Unknown,,,,,St,Vista Del Mar St,2024-04-27 17:13:09+00:00,1776 Vista Del Mar St Los Angeles 90028,B834FAFA-40C9-469E-8AF8-F7BC752CB421_1776_Vista_Del_Mar_St_Los_Angeles_90028,Vista Del Mar,1776 Vista Del Mar Street St Los Angeles 90028,,,POINT (6463686.891403 1860246.653143),Incomplete_addresses_no_fraction&others_[validationResults]_554rows.csv,eGIS_Addressing_raw__2700971rows_51cols.csv
6831 W Park Glenn Dr Los Angeles 90068,,5549031010,,6831,,,West,,,Park Glenn,Drive,,,,,,,,,,,,,90068,,Los Angeles,Los Angeles,Hollywood,,,,LA City,{E55AB9F4-5656-4E86-ADD7-F12E3C0397AF},0,,E55AB9F4-5656-4E86-ADD7-F12E3C0397AF,Unknown,,W,,,Dr,W Park Glenn Dr,2023-09-12 23:03:18+00:00,6831 W Park Glenn Dr Los Angeles 90068,E55AB9F4-5656-4E86-ADD7-F12E3C0397AF_6831_W_Park_Glenn_Dr_Los_Angeles_90068,Park Glenn,6831 W Park Glenn Drive Dr Los Angeles 90068,,,POINT (6458160.66722 1865700.265595),Incomplete_addresses_no_fraction&others_[validationResults]_554rows.csv,eGIS_Addressing_raw__2700971rows_51cols.csv
1335 N Fuller Ln Los Angeles 90046,,5550019104,,1335,,,North,,,Fuller,Lane,,,,,,,,,,,,,90046,,Los Angeles,Los Angeles,West Hollywood,,,,LA City,{893DFCB1-269F-4AC2-9D34-9828B8E8DC42},0,,893DFCB1-269F-4AC2-9D34-9828B8E8DC42,Unknown,,N,,,Ln,N Fuller Ln,2023-09-12 23:03:18+00:00,1335 N Fuller Ln Los Angeles 90046,893DFCB1-269F-4AC2-9D34-9828B8E8DC42_1335_N_Fuller_Ln_Los_Angeles_90046,Fuller,1335 N Fuller Lane Ln Los Angeles 90046,,,POINT (6455686.913309 1857320.474284),Incomplete_addresses_no_fraction&others_[validationResults]_554rows.csv,eGIS_Addressing_raw__2700971rows_51cols.csv
2355 Sunset Heights Dr UNIT 19TH FLR Los Angeles 90046,,5564018006,,2355,,,,,,Sunset Heights,Drive,,,,,,,,,,,UNIT,19TH FLR,90046,,Los Angeles,Los Angeles,West Hollywood,,,,Assessor,{58F96699-6395-432C-9D55-549DC62C32DB},0,,58F96699-6395-432C-9D55-549DC62C32DB,Unknown,,,,,Dr,Sunset Heights Dr,2024-04-27 17:13:09+00:00,2355 Sunset Heights Dr UNIT 19TH FLR Los Angeles 90046,58F96699-6395-432C-9D55-549DC62C32DB_2355_Sunset_Heights_Dr_UNIT_19TH_FLR_Los_Angeles_90046,Sunset Heights,2355 Sunset Heights Drive Dr UNIT 19TH FLR Los Angeles 90046,,,POINT (6443849.673204 1863510.790971),Incomplete_addresses_no_fraction&others_[validationResults]_554rows.csv,eGIS_Addressing_raw__2700971rows_51cols.csv
8015 W Jovenita Canyon Rd Los Angeles 90046,,5565017025,,8015,,,West,,,Jovenita Canyon,Road,,,,,,,,,,,,,90046,,Los Angeles,Los Angeles,West Hollywood,,,,LA City,{C6AB154C-583E-4FD1-9011-644BFF47BCDE},0,,C6AB154C-583E-4FD1-9011-644BFF47BCDE,Unknown,,W,,,Rd,W Jovenita Canyon Rd,2023-09-12 23:03:18+00:00,8015 W Jovenita Canyon Rd Los Angeles 90046,C6AB154C-583E-4FD1-9011-644BFF47BCDE_8015_W_Jovenita_Canyon_Rd_Los_Angeles_90046,Jovenita Canyon,8015 W Jovenita Canyon Road Rd Los Angeles 90046,,,POINT (6449127.501559 1864032.936909),Incomplete_addresses_no_fraction&others_[validationResults]_554rows.csv,eGIS_Addressing_raw__2700971rows_51cols.csv
2301 N Bryn Mawr Ct Los Angeles 90068,,5576012073,,2301,,,North,,,Bryn Mawr,Court,,,,,,,,,,,,,90068,,Los Angeles,Los Angeles,Hollywood,,,,LA City,{0945A6BE-DA25-421E-8F7D-B449BB2EBF9C},0,,0945A6BE-DA25-421E-8F7D-B449BB2EBF9C,Unknown,,N,,,Ct,N Bryn Mawr Ct,2023-09-12 23:03:18+00:00,2301 N Bryn Mawr Ct Los Angeles 90068,0945A6BE-DA25-421E-8F7D-B449BB2EBF9C_2301_N_Bryn_Mawr_Ct_Los_Angeles_90068,Bryn Mawr,2301 N Bryn Mawr Court Ct Los Angeles 90068,,,POINT (6462462.29838 1863354.206639),Incomplete_addresses_no_fraction&others_[validationResults]_554rows.csv,eGIS_Addressing_raw__2700971rows_51cols.csv
450 N Allen Ave Los Angeles 90027,,5581001906,,450,,,North,,,Allen,Avenue,,,,,,,,,,,,,90027,,Los Angeles,Los Angeles,,,,,LA City,{91D47031-0220-4F6F-9351-313FF2BDCC13},0,,91D47031-0220-4F6F-9351-313FF2BDCC13,Unknown,,N,,,Ave,N Allen Ave,2023-09-12 23:03:18+00:00,450 N Allen Ave Los Angeles 90027,91D47031-0220-4F6F-9351-313FF2BDCC13_450_N_Allen_Ave_Los_Angeles_90027,Allen,450 N Allen Avenue Ave Los Angeles 90027,,,POINT (6468522.915196 1881136.696336),Incomplete_addresses_no_fraction&others_[validationResults]_554rows.csv,eGIS_Addressing_raw__2700971rows_51cols.csv
2045 Vista Del Mar St Los Angeles 90068,,5586004002,,2045,,,,,,Vista Del Mar,Street,,,,,,,,,,,,,90068,,Los Angeles,Los Angeles,Hollywood,,,,Assessor,{D4B30F60-5862-4F8F-A012-9697F874C596},0,,D4B30F60-5862-4F8F-A012-9697F874C596,Unknown,,,,,St,Vista Del Mar St,2024-04-27 17:13:09+00:00,2045 Vista Del Mar St Los Angeles 90068,D4B30F60-5862-4F8F-A012-9697F874C596_2045_Vista_Del_Mar_St_Los_Angeles_90068,Vista Del Mar,2045 Vista Del Mar Street St Los Angeles 90068,,,POINT (6463486.011228 1861948.992914),Incomplete_addresses_no_fraction&others_[validationResults]_554rows.csv,eGIS_Addressing_raw__2700971rows_51cols.csv
2112 N Beachwood Ter Los Angeles 90068,,5586012014,,2112,,,North,,,Beachwood,Terrace,,,,,,,,,,,,,90068,,Los Angeles,Los Angeles,Hollywood,,,,LA City,{7A83741F-7670-47CF-8B9A-D42CB28E0E58},0,,7A83741F-7670-47CF-8B9A-D42CB28E0E58,Unknown,,N,,,Ter,N Beachwood Ter,2023-09-12 23:03:18+00:00,2112 N Beachwood Ter Los Angeles 90068,7A83741F-7670-47CF-8B9A-D42CB28E0E58_2112_N_Beachwood_Ter_Los_Angeles_90068,Beachwood,2112 N Beachwood Terrace Ter Los Angeles 90068,,,POINT (6464498.196867 1862170.064978),Incomplete_addresses_no_fraction&others_[validationResults]_554rows.csv,eGIS_Addressing_raw__2700971rows_51cols.csv
4730 W Unknown (Griffith Park) Los Angeles 90027,,5593002906,,4730,,,West,,,Unknown (Griffith Park),,,,,,,,,,,,,,90027,,Los Angeles,Los Angeles,,,,,LA City,{077B0385-0C44-48D4-AB49-3ECF56ED36EA},0,,077B0385-0C44-48D4-AB49-3ECF56ED36EA,Unknown,,W,,,,W Unknown (Griffith Park),2023-09-12 23:03:18+00:00,4730 W Unknown (Griffith Park) Los Angeles 90027,077B0385-0C44-48D4-AB49-3ECF56ED36EA_4730_W_Unknown_(Griffith_Park)_Los_Angeles_90027,Unknown (Griffith Park),4730 W Unknown (Griffith Park) Los Angeles 90027,,,POINT (6477096.192997 1870049.291674),Incomplete_addresses_no_fraction&others_[validationResults]_554rows.csv,eGIS_Addressing_raw__2700971rows_51cols.csv
2800 E Observatory Dr  Los Angeles 90027,,5593002913,,2800,,,East,,,Observatory,Drive,,,,,,,,,,,,,90027,,Los Angeles,Los Angeles,,,,,LA City,{3BB97066-A59B-48D9-8612-6B61B0732962},0,,3BB97066-A59B-48D9-8612-6B61B0732962,Unknown,,E,,,Dr,E Observatory Dr ,2024-10-25 23:23:08+00:00,2800 E Observatory Dr  Los Angeles 90027,3BB97066-A59B-48D9-8612-6B61B0732962_2800_E_Observatory_Dr__Los_Angeles_90027,Observatory,2800 E Observatory Drive Dr Los Angeles 90027,,,POINT (6470737.740491 1865707.344649),Incomplete_addresses_no_fraction&others_[validationResults]_554rows.csv,eGIS_Addressing_raw__2700971rows_51cols.csv
750 La Canada Flintridge 91011,,5660027050,,750,,,,,,,,,,,,,,,,,,,,91011,,La Canada Flintridge,La Canada Flintridge,,,,,Glendale GIS,{425C3F98-7CE5-4555-81C8-FA63A40526CF},0,,425C3F98-7CE5-4555-81C8-FA63A40526CF,Unknown,,,,,,,2015-05-11 15:52:41+00:00,750 La Canada Flintridge 91011,425C3F98-7CE5-4555-81C8-FA63A40526CF_750_La_Canada_Flintridge_91011,,750 La Canada Flintridge 91011,,,POINT (6504399.099349 1887529.980138),Incomplete_addresses_no_fraction&others_[validationResults]_554rows.csv,eGIS_Addressing_raw__2700971rows_51cols.csv
5515 N Arbor Dell Pl Los Angeles 90041,,5666025905,,5515,,,North,,,Arbor Dell,Place,,,,,,,,,,,,,90041,,Los Angeles,Los Angeles,,,,,LA City,{BF2B5505-49FE-4AC1-A399-E9AAF3308D1A},0,,BF2B5505-49FE-4AC1-A399-E9AAF3308D1A,Unknown,,N,,,Pl,N Arbor Dell Pl,2023-09-12 23:03:18+00:00,5515 N Arbor Dell Pl Los Angeles 90041,BF2B5505-49FE-4AC1-A399-E9AAF3308D1A_5515_N_Arbor_Dell_Pl_Los_Angeles_90041,Arbor Dell,5515 N Arbor Dell Place Pl Los Angeles 90041,,,POINT (6503319.851179 1876068.461722),Incomplete_addresses_no_fraction&others_[validationResults]_554rows.csv,eGIS_Addressing_raw__2700971rows_51cols.csv
4534 N Vista Superba Dr Los Angeles 90065,,5679019006,,4534,,,North,,,Vista Superba,Drive,,,,,,,,,,,,,90065,,Los Angeles,Los Angeles,,,,,LA City,{13FBFC0B-2E4A-44DE-B41E-B8A7179EEC78},0,,13FBFC0B-2E4A-44DE-B41E-B8A7179EEC78,Unknown,,N,,,Dr,N Vista Superba Dr,2023-09-12 23:03:18+00:00,4534 N Vista Superba Dr Los Angeles 90065,13FBFC0B-2E4A-44DE-B41E-B8A7179EEC78_4534_N_Vista_Superba_Dr_Los_Angeles_90065,Vista Superba,4534 N Vista Superba Drive Dr Los Angeles 90065,,,POINT (6490103.186668 1870879.111537),Incomplete_addresses_no_fraction&others_[validationResults]_554rows.csv,eGIS_Addressing_raw__2700971rows_51cols.csv
1407 Pasadena 91103,,5704-029-001,,1407,,,,,,,,,,,,,,,,,,,,91103,,Pasadena,Pasadena,,,,,Pasadena GIS,{FFE89F73-E98A-4478-8226-7C6C0A242378},0,,FFE89F73-E98A-4478-8226-7C6C0A242378,Unknown,,,,,,,2017-01-05 16:20:13+00:00,1407 Pasadena 91103,FFE89F73-E98A-4478-8226-7C6C0A242378_1407_Pasadena_91103,,1407 Pasadena 91103,,,POINT (6506740.566779 1884922.466652),Incomplete_addresses_no_fraction&others_[validationResults]_554rows.csv,eGIS_Addressing_raw__2700971rows_51cols.csv
1314 Pasadena 91105,,5715016020,,1314,,,,,,,,,,,,,,,,,,,,91105,,Pasadena,Pasadena,,,,,Pasadena GIS,{536CA038-C6B7-4844-AD9C-646ED1D256B2},0,,536CA038-C6B7-4844-AD9C-646ED1D256B2,Unknown,,,,,,,2018-03-30 10:46:49+00:00,1314 Pasadena 91105,536CA038-C6B7-4844-AD9C-646ED1D256B2_1314_Pasadena_91105,,1314 Pasadena 91105,,,POINT (6508447.85864 1870597.825026),Incomplete_addresses_no_fraction&others_[validationResults]_554rows.csv,eGIS_Addressing_raw__2700971rows_51cols.csv
168 S Los Robles Ave Number SAN GABRIEL ROO Pasadena 91101,,5734-012-032,,168,,,South,,Los,Robles,Avenue,,,,,,,,,,,Number,SAN GABRIEL ROO,91101,,Pasadena,Pasadena,,,,,Pasadena GIS,{485E9069-24CC-4BCD-85F9-97AC835396C6},0,,485E9069-24CC-4BCD-85F9-97AC835396C6,Unknown,,S,,,Ave,S Los Robles Ave,2024-05-12 21:05:27+00:00,168 S Los Robles Ave Number SAN GABRIEL ROO Pasadena 91101,485E9069-24CC-4BCD-85F9-97AC835396C6_168_S_Los_Robles_Ave_Number_SAN_GABRIEL_ROO_Pasadena_91101,Los Robles,168 S Los Robles Avenue Ave Number SAN GABRIEL ROO Pasadena 91101,,,POINT (6519067.449933 1874245.067075),Incomplete_addresses_no_fraction&others_[validationResults]_554rows.csv,eGIS_Addressing_raw__2700971rows_51cols.csv
3799 B Elma Rd Pasadena 91107,,5755024031,,3799,B,,,,,Elma,Road,,,,,,,,,,,,,91107,,unincorporated,Pasadena,,,,,LACO DPW House Numbering Map,{BC8B6EA4-8F2C-4578-AB7F-A2FF6C5C1C38},0,,BC8B6EA4-8F2C-4578-AB7F-A2FF6C5C1C38,Unknown,,,,,Rd,Elma Rd,2023-07-27 21:58:24+00:00,3799 B Elma Rd Pasadena 91107,BC8B6EA4-8F2C-4578-AB7F-A2FF6C5C1C38_3799_B_Elma_Rd_Pasadena_91107,Elma,3799 B Elma Road Rd Pasadena 91107,,,POINT (6540284.497722 1874808.864504),Incomplete_addresses_no_fraction&others_[validationResults]_554rows.csv,eGIS_Addressing_raw__2700971rows_51cols.csv
909 Arcadia Ca UNIT D Arcadia 91007,,5783004086,,909,,,,,,Arcadia Ca,,,,,,,,,,,,UNIT,D,91007,,Arcadia,Arcadia,,,,,Assessor,{298B6C2D-8EC0-4CC3-8D04-926A2AAAEB20},0,,298B6C2D-8EC0-4CC3-8D04-926A2AAAEB20,Unknown,,,,,,Arcadia Ca,2024-05-12 21:05:27+00:00,909 Arcadia Ca UNIT D Arcadia 91007,298B6C2D-8EC0-4CC3-8D04-926A2AAAEB20_909_Arcadia_Ca_UNIT_D_Arcadia_91007,Arcadia Ca,909 Arcadia Ca UNIT D Arcadia 91007,,,POINT (6543174.840367 1868810.904059),Incomplete_addresses_no_fraction&others_[validationResults]_554rows.csv,eGIS_Addressing_raw__2700971rows_51cols.csv
La Crescenta 91214,,5804001038,,,,,,,,,,,,,,,,,,,,,,91214,,Unincorporated,La Crescenta,,,,,LACO DPW Add,{16EF4B9A-E744-4590-829A-0EC80553306C},0,,16EF4B9A-E744-4590-829A-0EC80553306C,Unknown,,,,,,,2024-09-25 21:02:39+00:00,La Crescenta 91214,16EF4B9A-E744-4590-829A-0EC80553306C___La_Crescenta_91214,,La Crescenta 91214,,,POINT (6491147.225262 1902808.272088),Incomplete_addresses_no_fraction&others_[validationResults]_554rows.csv,eGIS_Addressing_raw__2700971rows_51cols.csv
2155 D Glenada Ave Montrose 91020,,5807007028,,2155,D,,,,,Glenada,Avenue,,,,,,,,,,,,,91020,,unincorporated,Montrose,,,,,LACO DPW Add,{E1002B3E-840C-4313-B2CC-A5C2F07D67AF},0,,E1002B3E-840C-4313-B2CC-A5C2F07D67AF,Unknown,,,,,Ave,Glenada Ave,2023-07-24 19:47:07+00:00,2155 D Glenada Ave Montrose 91020,E1002B3E-840C-4313-B2CC-A5C2F07D67AF_2155_D_Glenada_Ave_Montrose_91020,Glenada,2155 D Glenada Avenue Ave Montrose 91020,,,POINT (6494124.919438 1898427.015758),Incomplete_addresses_no_fraction&others_[validationResults]_554rows.csv,eGIS_Addressing_raw__2700971rows_51cols.csv
2155 A Glenada Ave Montrose 91020,,5807007028,,2155,A,,,,,Glenada,Avenue,,,,,,,,,,,,,91020,,unincorporated,Montrose,,,,,LACO DPW Add,{9660754A-9FE5-48FF-9C6E-E2159B64D41B},0,,9660754A-9FE5-48FF-9C6E-E2159B64D41B,Unknown,,,,,Ave,Glenada Ave,2023-07-24 19:47:07+00:00,2155 A Glenada Ave Montrose 91020,9660754A-9FE5-48FF-9C6E-E2159B64D41B_2155_A_Glenada_Ave_Montrose_91020,Glenada,2155 A Glenada Avenue Ave Montrose 91020,,,POINT (6494050.891371 1898448.7562),Incomplete_addresses_no_fraction&others_[validationResults]_554rows.csv,eGIS_Addressing_raw__2700971rows_51cols.csv
2155 B Glenada Ave Montrose 91020,,5807007028,,2155,B,,,,,Glenada,Avenue,,,,,,,,,,,,,91020,,unincorporated,Montrose,,,,,LACO DPW Add,{2D86F354-1025-4063-97B9-F1A712FBB526},0,,2D86F354-1025-4063-97B9-F1A712FBB526,Unknown,,,,,Ave,Glenada Ave,2023-07-24 19:47:07+00:00,2155 B Glenada Ave Montrose 91020,2D86F354-1025-4063-97B9-F1A712FBB526_2155_B_Glenada_Ave_Montrose_91020,Glenada,2155 B Glenada Avenue Ave Montrose 91020,,,POINT (6494077.860805 1898447.242752),Incomplete_addresses_no_fraction&others_[validationResults]_554rows.csv,eGIS_Addressing_raw__2700971rows_51cols.csv
4906 A Hillard Ave La Canada Flintridge 91011,,5808003001,,4906,A,,,,,Hillard,Avenue,,,,,,,,,,,,,91011,,LA CANADA-FLINTRIDGE,La Canada Flintridge,,,,,LACO DPW Add,{0E18DA82-D8C7-4E6E-A6DB-8794C7BD827C},0,,0E18DA82-D8C7-4E6E-A6DB-8794C7BD827C,Unknown,,,,,Ave,Hillard Ave,2023-07-24 19:47:07+00:00,4906 A Hillard Ave La Canada Flintridge 91011,0E18DA82-D8C7-4E6E-A6DB-8794C7BD827C_4906_A_Hillard_Ave_La_Canada_Flintridge_91011,Hillard,4906 A Hillard Avenue Ave LA CANADA-FLINTRIDGE 91011,,,POINT (6496840.205674 1902011.221844),Incomplete_addresses_no_fraction&others_[validationResults]_554rows.csv,eGIS_Addressing_raw__2700971rows_51cols.csv
2214 A Waltonia Dr Montrose 91020,,5810018008,,2214,A,,,,,Waltonia,Drive,,,,,,,,,,,,,91020,,Unincorporated,Montrose,,,,,LACO DPW Add,{B9CC3E85-851F-4174-AD0A-B6A9CA3C7882},0,,B9CC3E85-851F-4174-AD0A-B6A9CA3C7882,Unknown,,,,,Dr,Waltonia Dr,2023-11-23 01:17:25+00:00,2214 A Waltonia Dr Montrose 91020,B9CC3E85-851F-4174-AD0A-B6A9CA3C7882_2214_A_Waltonia_Dr_Montrose_91020,Waltonia,2214 A Waltonia Drive Dr Montrose 91020,,,POINT (6493607.839107 1899488.323675),Incomplete_addresses_no_fraction&others_[validationResults]_554rows.csv,eGIS_Addressing_raw__2700971rows_51cols.csv
1221 A Fernside Dr La Canada Flintridge 91011,,5812015027,,1221,A,,,,,Fernside,Drive,,,,,,,,,,,,,91011,,La Canada Flintridge,La Canada Flintridge,,,,,LACO DPW Add,{9DCDACA7-5B12-45A8-BF43-F18696522AF7},0,,9DCDACA7-5B12-45A8-BF43-F18696522AF7,Unknown,,,,,Dr,Fernside Dr,2022-08-26 10:30:12+00:00,1221 A Fernside Dr La Canada Flintridge 91011,9DCDACA7-5B12-45A8-BF43-F18696522AF7_1221_A_Fernside_Dr_La_Canada_Flintridge_91011,Fernside,1221 A Fernside Drive Dr La Canada Flintridge 91011,,,POINT (6499715.496183 1898821.893905),Incomplete_addresses_no_fraction&others_[validationResults]_554rows.csv,eGIS_Addressing_raw__2700971rows_51cols.csv
1434 D Foothill Blvd La Canada Flintridge 91011,,5813014040,,1434,D,,,,,Foothill,Boulevard,,,,,,,,,,,,,91011,,La Canada Flintridge,La Canada Flintridge,,,,,CAMS,{0FE3E98A-7E8C-4168-A3D3-5B6D4DE4C7B6},0,,0FE3E98A-7E8C-4168-A3D3-5B6D4DE4C7B6,Unknown,,,,,Blvd,Foothill Blvd,2015-03-27 16:09:12+00:00,1434 D Foothill Blvd La Canada Flintridge 91011,0FE3E98A-7E8C-4168-A3D3-5B6D4DE4C7B6_1434_D_Foothill_Blvd_La_Canada_Flintridge_91011,Foothill,1434 D Foothill Boulevard Blvd La Canada Flintridge 91011,,,POINT (6498336.504519 1898228.128033),Incomplete_addresses_no_fraction&others_[validationResults]_554rows.csv,eGIS_Addressing_raw__2700971rows_51cols.csv
1434 B Foothill Blvd La Canada Flintridge 91011,,5813014040,,1434,B,,,,,Foothill,Boulevard,,,,,,,,,,,,,91011,,La Canada Flintridge,La Canada Flintridge,,,,,Office of Assessor,{F58C280E-9AC4-4B66-AEE7-80D7EF2EA483},0,,F58C280E-9AC4-4B66-AEE7-80D7EF2EA483,Unknown,,,,,Blvd,Foothill Blvd,2015-03-27 16:13:22+00:00,1434 B Foothill Blvd La Canada Flintridge 91011,F58C280E-9AC4-4B66-AEE7-80D7EF2EA483_1434_B_Foothill_Blvd_La_Canada_Flintridge_91011,Foothill,1434 B Foothill Boulevard Blvd La Canada Flintridge 91011,,,POINT (6498336.538967 1898263.304143),Incomplete_addresses_no_fraction&others_[validationResults]_554rows.csv,eGIS_Addressing_raw__2700971rows_51cols.csv
4362 A Hayman Ave La Canada Flintridge 91011,,5814003021,,4362,A,,,,,Hayman,Avenue,,,,,,,,,,,,,91011,,La Canada Flintridge,La Canada Flintridge,,,,,CAMS,{0EECA170-C3C5-469F-9A96-B28E7C00DB8E},0,,0EECA170-C3C5-469F-9A96-B28E7C00DB8E,Unknown,,,,,Ave,Hayman Ave,2023-06-01 08:08:46+00:00,4362 A Hayman Ave La Canada Flintridge 91011,0EECA170-C3C5-469F-9A96-B28E7C00DB8E_4362_A_Hayman_Ave_La_Canada_Flintridge_91011,Hayman,4362 A Hayman Avenue Ave La Canada Flintridge 91011,,,POINT (6500539.701228 1895669.621667),Incomplete_addresses_no_fraction&others_[validationResults]_554rows.csv,eGIS_Addressing_raw__2700971rows_51cols.csv
4363 A Beulah Dr La Canada Flintridge 91011,,5814010013,,4363,A,,,,,Beulah,Drive,,,,,,,,,,,,,91011,,La Canada Flintridge,La Canada Flintridge,,,,,CAMS,{DE173499-4ED8-4245-A387-A91475B774A7},0,,DE173499-4ED8-4245-A387-A91475B774A7,Unknown,,,,,Dr,Beulah Dr,2022-10-28 09:13:14+00:00,4363 A Beulah Dr La Canada Flintridge 91011,DE173499-4ED8-4245-A387-A91475B774A7_4363_A_Beulah_Dr_La_Canada_Flintridge_91011,Beulah,4363 A Beulah Drive Dr La Canada Flintridge 91011,,,POINT (6501569.924561 1895393.8171),Incomplete_addresses_no_fraction&others_[validationResults]_554rows.csv,eGIS_Addressing_raw__2700971rows_51cols.csv
4703 A Oakwood Ave La Canada Flintridge 91011,,5815016028,,4703,A,,,,,Oakwood,Avenue,,,,,,,,,,,,,91011,,La Canada Flintridge,La Canada Flintridge,,,,,CAMS,{5ACC0E84-7936-4701-B5A6-89B9B861ED37},0,,5ACC0E84-7936-4701-B5A6-89B9B861ED37,Unknown,,,,,Ave,Oakwood Ave,2022-12-15 11:13:29+00:00,4703 A Oakwood Ave La Canada Flintridge 91011,5ACC0E84-7936-4701-B5A6-89B9B861ED37_4703_A_Oakwood_Ave_La_Canada_Flintridge_91011,Oakwood,4703 A Oakwood Avenue Ave La Canada Flintridge 91011,,,POINT (6502980.213735 1896943.243791),Incomplete_addresses_no_fraction&others_[validationResults]_554rows.csv,eGIS_Addressing_raw__2700971rows_51cols.csv
4926 B Angeles Crest Hwy La Canada Flintridge 91011,,5816003018,,4926,B,,,,,Angeles Crest,Highway,,,,,,,,,,,,,91011,,La Canada Flintridge,La Canada Flintridge,,,,,LACO DPW Add,{385E7B3D-8DE2-4424-8B99-5AA43B217923},0,,385E7B3D-8DE2-4424-8B99-5AA43B217923,Unknown,,,,,Hwy,Angeles Crest Hwy,2022-08-26 16:06:50+00:00,4926 B Angeles Crest Hwy La Canada Flintridge 91011,385E7B3D-8DE2-4424-8B99-5AA43B217923_4926_B_Angeles_Crest_Hwy_La_Canada_Flintridge_91011,Angeles Crest,4926 B Angeles Crest Highway Hwy La Canada Flintridge 91011,,,POINT (6501401.63684 1899478.856174),Incomplete_addresses_no_fraction&others_[validationResults]_554rows.csv,eGIS_Addressing_raw__2700971rows_51cols.csv
4842 A Viro Rd La Canada Flintridge 91011,,5819020001,,4842,A,,,,,Viro,Road,,,,,,,,,,,,,91011,,La Canada Flintridge,La Canada Flintridge,,,,,CAMS,{9A7A1846-93CA-46C5-8F25-782AE29ECA72},0,,9A7A1846-93CA-46C5-8F25-782AE29ECA72,Unknown,,,,,Rd,Viro Rd,2023-05-22 06:29:40+00:00,4842 A Viro Rd La Canada Flintridge 91011,9A7A1846-93CA-46C5-8F25-782AE29ECA72_4842_A_Viro_Rd_La_Canada_Flintridge_91011,Viro,4842 A Viro Road Rd La Canada Flintridge 91011,,,POINT (6507689.994998 1895760.357378),Incomplete_addresses_no_fraction&others_[validationResults]_554rows.csv,eGIS_Addressing_raw__2700971rows_51cols.csv
455 a Richmond Rd La Canada Flintridge 91011,,5820009018,,455,a,,,,,Richmond,Road,,,,,,,,,,,,,91011,,La Canada Flintridge,La Canada Flintridge,,,,,LACO DPW Add,{B0731F32-B4E4-4103-B55A-81BFF9C1030D},0,,B0731F32-B4E4-4103-B55A-81BFF9C1030D,Unknown,,,,,Rd,Richmond Rd,2023-05-24 08:41:03+00:00,455 a Richmond Rd La Canada Flintridge 91011,B0731F32-B4E4-4103-B55A-81BFF9C1030D_455_a_Richmond_Rd_La_Canada_Flintridge_91011,Richmond,455 a Richmond Road Rd La Canada Flintridge 91011,,,POINT (6504630.861024 1894714.175415),Incomplete_addresses_no_fraction&others_[validationResults]_554rows.csv,eGIS_Addressing_raw__2700971rows_51cols.csv
841 B Figueroa Dr Altadena 91001,,5823029005,,841,B,,,,,Figueroa,Drive,,,,,,,,,,,,,91001,,Unincorporated,Altadena,,,,,LACO DPW Add,{EA0E747A-4B5E-41F8-8629-2C5B7DE4D463},0,,EA0E747A-4B5E-41F8-8629-2C5B7DE4D463,Unknown,,,,,Dr,Figueroa Dr,2023-06-15 21:41:23+00:00,841 B Figueroa Dr Altadena 91001,EA0E747A-4B5E-41F8-8629-2C5B7DE4D463_841_B_Figueroa_Dr_Altadena_91001,Figueroa,841 B Figueroa Drive Dr Altadena 91001,,,POINT (6510988.263664 1890702.322546),Incomplete_addresses_no_fraction&others_[validationResults]_554rows.csv,eGIS_Addressing_raw__2700971rows_51cols.csv
841 A Figueroa Dr Altadena 91001,,5823029005,,841,A,,,,,Figueroa,Drive,,,,,,,,,,,,,91001,,Unincorporated,Altadena,,,,,LACO DPW Add,{C7810577-B3DB-4CC0-81CF-FCB47EA50733},0,,C7810577-B3DB-4CC0-81CF-FCB47EA50733,Unknown,,,,,Dr,Figueroa Dr,2023-06-15 21:41:23+00:00,841 A Figueroa Dr Altadena 91001,C7810577-B3DB-4CC0-81CF-FCB47EA50733_841_A_Figueroa_Dr_Altadena_91001,Figueroa,841 A Figueroa Drive Dr Altadena 91001,,,POINT (6510983.837164 1890814.562151),Incomplete_addresses_no_fraction&others_[validationResults]_554rows.csv,eGIS_Addressing_raw__2700971rows_51cols.csv
2057 N Los Robles Ave Altadena 91001,,5838001018,,2057,,,North,,Los,Robles,Avenue,,,,,,,,,,,,,91001,,Unincorporated,Altadena,,,,,LACO DPW House Numbering Map,{444CB30C-BC91-448C-A89B-7BA017A6E8EC},0,,444CB30C-BC91-448C-A89B-7BA017A6E8EC,Unknown,,N,,,Ave,N Los Robles Ave,2015-05-11 21:50:26+00:00,2057 N Los Robles Ave Altadena 91001,444CB30C-BC91-448C-A89B-7BA017A6E8EC_2057_N_Los_Robles_Ave_Altadena_91001,Los Robles,2057 N Los Robles Avenue Ave Altadena 91001,,,POINT (6518529.236443 1888489.802037),Incomplete_addresses_no_fraction&others_[validationResults]_554rows.csv,eGIS_Addressing_raw__2700971rows_51cols.csv
1649 Altadena 91001,,5847028022,,1649,,,,,,,,,,,,,,,,,,,,91001,,Unincorporated,Altadena,,,,,LACO DPW Add,{67725240-5EC0-41DA-9B67-ACF4515BB0D9},0,,67725240-5EC0-41DA-9B67-ACF4515BB0D9,Unknown,,,,,,,2024-09-14 08:24:46+00:00,1649 Altadena 91001,67725240-5EC0-41DA-9B67-ACF4515BB0D9_1649_Altadena_91001,,1649 Altadena 91001,,,POINT (6526368.204033 1887541.490613),Incomplete_addresses_no_fraction&others_[validationResults]_554rows.csv,eGIS_Addressing_raw__2700971rows_51cols.csv
3128 A Cloudcrest Rd La Crescenta 91214,,5867006001,,3128,A,,,,,Cloudcrest,Road,,,,,,,,,,,,,91214,,Unincorporated,La Crescenta,,,,,LACO DPW Add,{A4DDF692-4E42-458C-B267-B46EC441A575},0,,A4DDF692-4E42-458C-B267-B46EC441A575,Unknown,,,,,Rd,Cloudcrest Rd,2023-10-23 22:06:18+00:00,3128 A Cloudcrest Rd La Crescenta 91214,A4DDF692-4E42-458C-B267-B46EC441A575_3128_A_Cloudcrest_Rd_La_Crescenta_91214,Cloudcrest,3128 A Cloudcrest Road Rd La Crescenta 91214,,,POINT (6487242.276051 1911161.429266),Incomplete_addresses_no_fraction&others_[validationResults]_554rows.csv,eGIS_Addressing_raw__2700971rows_51cols.csv
Stonyvale Rd Tujunga 91042,,5869003300,,0,,,,,,Stonyvale,Road,,,,,,,,,,,,,91042,,Unincorporated,Tujunga,,,,,LACO DPW House Numbering Map,{CA3E0FB7-7C29-43BF-9293-B703D58FD639},0,,CA3E0FB7-7C29-43BF-9293-B703D58FD639,Unknown,,,,,Rd,Stonyvale Rd,2018-06-06 06:53:28+00:00,Stonyvale Rd Tujunga 91042,CA3E0FB7-7C29-43BF-9293-B703D58FD639__Stonyvale_Rd_Tujunga_91042,Stonyvale,Stonyvale Road Rd Tujunga 91042,,,POINT (6492371.374061 1928035.382066),Incomplete_addresses_no_fraction&others_[validationResults]_554rows.csv,eGIS_Addressing_raw__2700971rows_51cols.csv
1121 E 58th Dr Los Angeles 90011,,6008001031,,1121,,,East,,,58th,Drive,,,,,,,,,,,,,90011,,Unincorporated,Los Angeles,,,,,LACO DPW House Numbering Map,{291DC6BB-E310-4826-ABF4-1790A096B7C0},0,,291DC6BB-E310-4826-ABF4-1790A096B7C0,Unknown,,E,,,Dr,E 58th Dr,2015-05-04 20:14:39+00:00,1121 E 58th Dr Los Angeles 90011,291DC6BB-E310-4826-ABF4-1790A096B7C0_1121_E_58th_Dr_Los_Angeles_90011,58th,1121 E 58th Drive Dr Los Angeles 90011,,,POINT (6484121.182556 1818385.175842),Incomplete_addresses_no_fraction&others_[validationResults]_554rows.csv,eGIS_Addressing_raw__2700971rows_51cols.csv
1805  Los Angeles 90001,,6009029058,,1805,,,,,,,,,,,,,,,,,,,,90001,,Unincorporated,Los Angeles,,,,,LACO DPW Add,{F26511F9-9A98-40A5-8535-1AD1B6E6AD9C},0,,F26511F9-9A98-40A5-8535-1AD1B6E6AD9C,Unknown,,,,,,,2024-08-21 22:29:35+00:00,1805  Los Angeles 90001,F26511F9-9A98-40A5-8535-1AD1B6E6AD9C_1805__Los_Angeles_90001,,1805 Los Angeles 90001,,,POINT (6488675.73972 1813378.382706),Incomplete_addresses_no_fraction&others_[validationResults]_554rows.csv,eGIS_Addressing_raw__2700971rows_51cols.csv
1951 E Florence St Los Angeles 90001,,6009039048,,1951,,,East,,,Florence,Street,,,,,,,,,,,,,90001,,Huntington Park,Los Angeles,,,,,Office of Assessor,{27F63A96-9CFE-4626-9C27-B07D2518AC6F},0,,27F63A96-9CFE-4626-9C27-B07D2518AC6F,Unknown,,E,,,St,E Florence St,2018-02-15 11:32:34+00:00,1951 E Florence St Los Angeles 90001,27F63A96-9CFE-4626-9C27-B07D2518AC6F_1951_E_Florence_St_Los_Angeles_90001,Florence,1951 E Florence Street St Huntington Park 90001,,,POINT (6490354.139578 1813379.67273),Incomplete_addresses_no_fraction&others_[validationResults]_554rows.csv,eGIS_Addressing_raw__2700971rows_51cols.csv
6375 A Converse Ave Los Angeles 90001,,6010030042,,6375,A,,,,,Converse,Avenue,,,,,,,,,,,,,90001,,Unincorporated,Los Angeles,,,,,LACO DPW House Numbering Map,{358BFF52-217A-455B-94BD-EE8E56CF372C},0,,358BFF52-217A-455B-94BD-EE8E56CF372C,Unknown,,,,,Ave,Converse Ave,2021-10-21 15:00:10+00:00,6375 A Converse Ave Los Angeles 90001,358BFF52-217A-455B-94BD-EE8E56CF372C_6375_A_Converse_Ave_Los_Angeles_90001,Converse,6375 A Converse Avenue Ave Los Angeles 90001,,,POINT (6487614.029573 1815670.66946),Incomplete_addresses_no_fraction&others_[validationResults]_554rows.csv,eGIS_Addressing_raw__2700971rows_51cols.csv
6375 B Converse Ave Los Angeles 90001,,6010030042,,6375,B,,,,,Converse,Avenue,,,,,,,,,,,,,90001,,Unincorporated,Los Angeles,,,,,LACO DPW Add,{DCD18222-4890-46DE-8A94-982DEADF3C77},0,,DCD18222-4890-46DE-8A94-982DEADF3C77,Unknown,,,,,Ave,Converse Ave,2021-10-21 15:00:10+00:00,6375 B Converse Ave Los Angeles 90001,DCD18222-4890-46DE-8A94-982DEADF3C77_6375_B_Converse_Ave_Los_Angeles_90001,Converse,6375 B Converse Avenue Ave Los Angeles 90001,,,POINT (6487612.479707 1815653.957879),Incomplete_addresses_no_fraction&others_[validationResults]_554rows.csv,eGIS_Addressing_raw__2700971rows_51cols.csv
2100 W Florence Ave A-C Los Angeles 90047,,6017004001,,2100,,,West,,,Florence,Avenue,,,,,,,,,,,,A-C,90047,,Los Angeles,Los Angeles,,,,,LA City,{3DB5E9E3-11EF-4DB5-B4F8-3F55A22D6517},0,,3DB5E9E3-11EF-4DB5-B4F8-3F55A22D6517,Unknown,,W,,,Ave,W Florence Ave,2023-09-12 23:03:18+00:00,2100 W Florence Ave A-C Los Angeles 90047,3DB5E9E3-11EF-4DB5-B4F8-3F55A22D6517_2100_W_Florence_Ave_A-C_Los_Angeles_90047,Florence,2100 W Florence Avenue Ave A-C Los Angeles 90047,,,POINT (6465923.30819 1813218.965046),Incomplete_addresses_no_fraction&others_[validationResults]_554rows.csv,eGIS_Addressing_raw__2700971rows_51cols.csv
635 E 79Th Pl Los Angeles 90001,,6023017022,,635,,,East,,,79Th,Place,,,,,,,,,,,,,90001,,Los Angeles,Los Angeles,,,,,LA City,{2CDF63E1-F45D-4706-9E3B-0501ED8E77BA},0,,2CDF63E1-F45D-4706-9E3B-0501ED8E77BA,Unknown,,E,,,Pl,E 79Th Pl,2023-09-12 23:03:18+00:00,635 E 79Th Pl Los Angeles 90001,2CDF63E1-F45D-4706-9E3B-0501ED8E77BA_635_E_79Th_Pl_Los_Angeles_90001,79Th,635 E 79Th Place Pl Los Angeles 90001,,,POINT (6481695.347512 1811701.597018),Incomplete_addresses_no_fraction&others_[validationResults]_554rows.csv,eGIS_Addressing_raw__2700971rows_51cols.csv
7302 A Mace Pl Los Angeles 90001,,6024019008,,7302,A,,,,,Mace,Place,,,,,,,,,,,,,90001,,Unincorporated,Los Angeles,,,,,LACO DPW Add,{C275BFC1-AF1D-4373-92FF-339625D6AEDB},0,,C275BFC1-AF1D-4373-92FF-339625D6AEDB,Unknown,,,,,Pl,Mace Pl,2023-10-25 15:01:09+00:00,7302 A Mace Pl Los Angeles 90001,C275BFC1-AF1D-4373-92FF-339625D6AEDB_7302_A_Mace_Pl_Los_Angeles_90001,Mace,7302 A Mace Place Pl Los Angeles 90001,,,POINT (6485536.69941 1812938.549924),Incomplete_addresses_no_fraction&others_[validationResults]_554rows.csv,eGIS_Addressing_raw__2700971rows_51cols.csv
7302 B Mace Pl Los Angeles 90001,,6024019008,,7302,B,,,,,Mace,Place,,,,,,,,,,,,,90001,,Unincorporated,Los Angeles,,,,,LACO DPW Add,{485CB4C5-9965-46FD-8113-D477EF397E49},0,,485CB4C5-9965-46FD-8113-D477EF397E49,Unknown,,,,,Pl,Mace Pl,2023-10-25 15:01:09+00:00,7302 B Mace Pl Los Angeles 90001,485CB4C5-9965-46FD-8113-D477EF397E49_7302_B_Mace_Pl_Los_Angeles_90001,Mace,7302 B Mace Place Pl Los Angeles 90001,,,POINT (6485561.434268 1812937.570596),Incomplete_addresses_no_fraction&others_[validationResults]_554rows.csv,eGIS_Addressing_raw__2700971rows_51cols.csv
8319 a Maie Ave Los Angeles 90001,,6027006027,,8319,a,,,,,Maie,Avenue,,,,,,,,,,,,,90001,,Unincorporated,Los Angeles,,,,,LACO DPW Add,{ACB320CB-1B43-4AD4-9591-C7306BE7DA43},0,,ACB320CB-1B43-4AD4-9591-C7306BE7DA43,Unknown,,,,,Ave,Maie Ave,2022-12-12 08:27:35+00:00,8319 a Maie Ave Los Angeles 90001,ACB320CB-1B43-4AD4-9591-C7306BE7DA43_8319_a_Maie_Ave_Los_Angeles_90001,Maie,8319 a Maie Avenue Ave Los Angeles 90001,,,POINT (6487440.965614 1808898.432677),Incomplete_addresses_no_fraction&others_[validationResults]_554rows.csv,eGIS_Addressing_raw__2700971rows_51cols.csv
8207 A Bell Ave Los Angeles 90001,,6027025015,,8207,A,,,,,Bell,Avenue,,,,,,,,,,,,,90001,,Unincorporated,Los Angeles,,,,,LACO DPW Add,{7DF02F60-6811-40C5-8BC9-E9969541C7E3},0,,7DF02F60-6811-40C5-8BC9-E9969541C7E3,Unknown,,,,,Ave,Bell Ave,2019-05-28 17:15:12+00:00,8207 A Bell Ave Los Angeles 90001,7DF02F60-6811-40C5-8BC9-E9969541C7E3_8207_A_Bell_Ave_Los_Angeles_90001,Bell,8207 A Bell Avenue Ave Los Angeles 90001,,,POINT (6489168.439522 1809394.776828),Incomplete_addresses_no_fraction&others_[validationResults]_554rows.csv,eGIS_Addressing_raw__2700971rows_51cols.csv
8207 B Bell Ave Los Angeles 90001,,6027025015,,8207,B,,,,,Bell,Avenue,,,,,,,,,,,,,90001,,Unincorporated,Los Angeles,,,,,LACO DPW Add,{6F6F06B7-F9F7-4A0C-B7A5-1018EFA31B20},0,,6F6F06B7-F9F7-4A0C-B7A5-1018EFA31B20,Unknown,,,,,Ave,Bell Ave,2019-05-28 17:15:12+00:00,8207 B Bell Ave Los Angeles 90001,6F6F06B7-F9F7-4A0C-B7A5-1018EFA31B20_8207_B_Bell_Ave_Los_Angeles_90001,Bell,8207 B Bell Avenue Ave Los Angeles 90001,,,POINT (6489135.675151 1809402.723007),Incomplete_addresses_no_fraction&others_[validationResults]_554rows.csv,eGIS_Addressing_raw__2700971rows_51cols.csv
1239  Los Angeles 90002,,6043011027,,1239,,,,,,,,,,,,,,,,,,,,90002,,unincorporated,Los Angeles,,,,,LACO DPW Add,{54454ED8-2CE9-45A3-B627-07C93149BC64},0,,54454ED8-2CE9-45A3-B627-07C93149BC64,Unknown,,,,,,,2023-07-28 00:11:38+00:00,1239  Los Angeles 90002,54454ED8-2CE9-45A3-B627-07C93149BC64_1239__Los_Angeles_90002,,1239 Los Angeles 90002,,,POINT (6485048.773876 1806115.175776),Incomplete_addresses_no_fraction&others_[validationResults]_554rows.csv,eGIS_Addressing_raw__2700971rows_51cols.csv
8613 A Elm St Los Angeles 90002,,6044025023,,8613,A,,,,,Elm,Street,,,,,,,,,,,,,90002,,Unincorporated,Los Angeles,,,,,LACO DPW Add,{4107D9CA-5AF3-4A5F-A7ED-481CD64F0E6C},0,,4107D9CA-5AF3-4A5F-A7ED-481CD64F0E6C,Unknown,,,,,St,Elm St,2023-11-06 16:09:48+00:00,8613 A Elm St Los Angeles 90002,4107D9CA-5AF3-4A5F-A7ED-481CD64F0E6C_8613_A_Elm_St_Los_Angeles_90002,Elm,8613 A Elm Street St Los Angeles 90002,,,POINT (6489178.600919 1807742.761103),Incomplete_addresses_no_fraction&others_[validationResults]_554rows.csv,eGIS_Addressing_raw__2700971rows_51cols.csv
11208 Los Angeles 90044,,6076026032,,11208,,,,,,,,,,,,,,,,,,,,90044,,Unincorporated,Los Angeles,,,,,LACO DPW Add,{C9780D8F-3C92-4C6F-A718-E107E3E8F932},0,,C9780D8F-3C92-4C6F-A718-E107E3E8F932,Unknown,,,,,,,2015-05-04 20:52:54+00:00,11208 Los Angeles 90044,C9780D8F-3C92-4C6F-A718-E107E3E8F932_11208_Los_Angeles_90044,,11208 Los Angeles 90044,,,POINT (6472089.864427 1797949.188499),Incomplete_addresses_no_fraction&others_[validationResults]_554rows.csv,eGIS_Addressing_raw__2700971rows_51cols.csv
11203 Los Angeles 90047,,6078020014,,11203,,,,,,,,,,,,,,,,,,,,90047,,Unincorporated,Los Angeles,,,,,LACO DPW House Numbering Map,{C86F0B80-6D97-45DB-92C2-4A256AE7409E},0,,C86F0B80-6D97-45DB-92C2-4A256AE7409E,Unknown,,,,,,,2021-11-08 16:01:50+00:00,11203 Los Angeles 90047,C86F0B80-6D97-45DB-92C2-4A256AE7409E_11203_Los_Angeles_90047,,11203 Los Angeles 90047,,,POINT (6467834.628515 1797936.708537),Incomplete_addresses_no_fraction&others_[validationResults]_554rows.csv,eGIS_Addressing_raw__2700971rows_51cols.csv
821 W 115Th Pl Los Angeles 90044,,6088009036,,821,,,West,,,115Th,Place,,,,,,,,,,,,,90044,,Los Angeles,Los Angeles,,,,,LA City,{6FD6D5AA-C656-41F8-9444-97491878BE2A},0,,6FD6D5AA-C656-41F8-9444-97491878BE2A,Unknown,,W,,,Pl,W 115Th Pl,2023-09-12 23:03:18+00:00,821 W 115Th Pl Los Angeles 90044,6FD6D5AA-C656-41F8-9444-97491878BE2A_821_W_115Th_Pl_Los_Angeles_90044,115Th,821 W 115Th Place Pl Los Angeles 90044,,,POINT (6473655.091939 1796812.47194),Incomplete_addresses_no_fraction&others_[validationResults]_554rows.csv,eGIS_Addressing_raw__2700971rows_51cols.csv
15922 Gardena 90248,,6125001015,,15922,,,,,,,,,,,,,,,,,,,,90248,,Unincorporated,Gardena,,,,,LACO DPW House Numbering Map,{1A0C72E7-5312-4500-BA52-CEB6B11FB193},0,,1A0C72E7-5312-4500-BA52-CEB6B11FB193,Unknown,,,,,,,2015-05-07 21:11:55+00:00,15922 Gardena 90248,1A0C72E7-5312-4500-BA52-CEB6B11FB193_15922_Gardena_90248,,15922 Gardena 90248,,,POINT (6476121.126705 1781316.802801),Incomplete_addresses_no_fraction&others_[validationResults]_554rows.csv,eGIS_Addressing_raw__2700971rows_51cols.csv
11649 A Antwerp St Los Angeles 90059,,6148002901,,11649,A,,,,,Antwerp,Street,,,,,,,,,,,,,90059,,Unincorporated,Los Angeles,,,,,LACO DPW Add,{6DB3E3CD-B407-4516-A370-47D6001FD908},0,,6DB3E3CD-B407-4516-A370-47D6001FD908,Unknown,,,,,St,Antwerp St,2022-12-22 10:38:50+00:00,11649 A Antwerp St Los Angeles 90059,6DB3E3CD-B407-4516-A370-47D6001FD908_11649_A_Antwerp_St_Los_Angeles_90059,Antwerp,11649 A Antwerp Street St Los Angeles 90059,,,POINT (6486228.028408 1796304.678337),Incomplete_addresses_no_fraction&others_[validationResults]_554rows.csv,eGIS_Addressing_raw__2700971rows_51cols.csv
14701 Compton 90221,,6185006038,,14701,,,,,,,,,,,,,,,,,,,,90221,,Unincorporated,Compton,East Rancho Dominguez,,,,LACO DPW House Numbering Map,{A33FD2CC-1961-4BEE-9768-59FA93F49CFE},0,,A33FD2CC-1961-4BEE-9768-59FA93F49CFE,Unknown,,,,,,,2022-11-16 13:42:03+00:00,14701 Compton 90221,A33FD2CC-1961-4BEE-9768-59FA93F49CFE_14701_Compton_90221,,14701 Compton 90221,,,POINT (6503174.185788 1785785.183628),Incomplete_addresses_no_fraction&others_[validationResults]_554rows.csv,eGIS_Addressing_raw__2700971rows_51cols.csv
Huntington Park 90255,,6201011009,,,,,,,,,,,,,,,,,,,,,,90255,,Unincorporated,Huntington Park,Walnut Park,,,,LACO DPW Add,{0C353752-6302-4F34-9062-4515A2671850},0,,0C353752-6302-4F34-9062-4515A2671850,Unknown,,,,,,,2024-05-29 23:12:51+00:00,Huntington Park 90255,0C353752-6302-4F34-9062-4515A2671850___Huntington_Park_90255,,Huntington Park 90255,,,POINT (6495192.123012 1812084.032933),Incomplete_addresses_no_fraction&others_[validationResults]_554rows.csv,eGIS_Addressing_raw__2700971rows_51cols.csv
2448 A Flower St Huntington Park 90255,,6201025011,,2448,A,,,,,Flower,Street,,,,,,,,,,,,,90255,,Unincorporated,Huntington Park,Walnut Park,,,,LACO DPW Add,{B00B85EC-B8EE-4EB3-8C20-5CE6AE91D130},0,,B00B85EC-B8EE-4EB3-8C20-5CE6AE91D130,Unknown,,,,,St,Flower St,2023-11-06 16:09:48+00:00,2448 A Flower St Huntington Park 90255,B00B85EC-B8EE-4EB3-8C20-5CE6AE91D130_2448_A_Flower_St_Huntington_Park_90255,Flower,2448 A Flower Street St Huntington Park 90255,,,POINT (6492348.558161 1811836.667286),Incomplete_addresses_no_fraction&others_[validationResults]_554rows.csv,eGIS_Addressing_raw__2700971rows_51cols.csv
7295 Downey 90242,,6232024908,,7295,,,,,,,,,,,,,,,,,,,,90242,,Downey,Downey,,,,,Office of Assessor,{B911E2FB-114D-43D8-81A6-E49DE831AED5},0,,B911E2FB-114D-43D8-81A6-E49DE831AED5,Unknown,,,,,,,2015-03-24 22:22:17+00:00,7295 Downey 90242,B911E2FB-114D-43D8-81A6-E49DE831AED5_7295_Downey_90242,,7295 Downey 90242,,,POINT (6512920.825088 1800054.536979),Incomplete_addresses_no_fraction&others_[validationResults]_554rows.csv,eGIS_Addressing_raw__2700971rows_51cols.csv
11132 Scott Ave      ,,6234009039,,11132,,,,,,Scott,Avenue,,,,,,,,,,,, , , ,South Gate, , ,,,,Office of Assessor - Add 202309,{1E158153-CEDA-40D8-A064-91F8995BFA78},0,,1E158153-CEDA-40D8-A064-91F8995BFA78,Unknown,,,,,Ave,Scott Ave,2023-09-24 01:07:07+00:00,11132 Scott Ave      ,1E158153-CEDA-40D8-A064-91F8995BFA78_11132_Scott_Ave_____ ,Scott,11132 Scott Avenue Ave   South Gate  ,,,POINT (6509203.490659 1795693.04767),Incomplete_addresses_no_fraction&others_[validationResults]_554rows.csv,eGIS_Addressing_raw__2700971rows_51cols.csv
11618 Mc Govern Ave Downey 90241,,6255012001,,11618,,,,,,Mc Govern,Avenue,,,,,,,,,,,,,90241,,Downey,Downey,,,,,Office of Assessor,{D96493C8-27EA-42BA-A1E5-EEE8C7D11EB8},0,,D96493C8-27EA-42BA-A1E5-EEE8C7D11EB8,Unknown,,,,,Ave,Mc Govern Ave,2024-05-12 21:05:27+00:00,11618 Mc Govern Ave Downey 90241,D96493C8-27EA-42BA-A1E5-EEE8C7D11EB8_11618_Mc_Govern_Ave_Downey_90241,Mc Govern,11618 Mc Govern Avenue Ave Downey 90241,,,POINT (6519802.45765 1799372.196808),Incomplete_addresses_no_fraction&others_[validationResults]_554rows.csv,eGIS_Addressing_raw__2700971rows_51cols.csv
Belden Ave Unit A Los Angeles 90022,,6341013014,,,,,,,,Belden,Avenue,,,,,,,,,,,Unit,A,90022,,Unincorporated,Los Angeles,East Los Angeles,,,,LACO DPW Add,{8C61ED6F-41BE-46B9-918E-BB737FDFF0E7},0,,8C61ED6F-41BE-46B9-918E-BB737FDFF0E7,Unknown,,,,,Ave,Belden Ave,2024-10-03 23:14:07+00:00,Belden Ave Unit A Los Angeles 90022,8C61ED6F-41BE-46B9-918E-BB737FDFF0E7__Belden_Ave_Unit_A_Los_Angeles_90022,Belden,Belden Avenue Ave Unit A Los Angeles 90022,,,POINT (6516296.864267 1831999.353994),Incomplete_addresses_no_fraction&others_[validationResults]_554rows.csv,eGIS_Addressing_raw__2700971rows_51cols.csv
265 Montebello 90640,,6347003041,,265,,,,,,,,,,,,,,,,,,,,90640,,Montebello,Montebello,,,,,Office of Assessor,{6D17EA76-EDA1-4DAB-9945-1941B6228E36},0,,6D17EA76-EDA1-4DAB-9945-1941B6228E36,Unknown,,,,,,,2015-04-04 03:16:07+00:00,265 Montebello 90640,6D17EA76-EDA1-4DAB-9945-1941B6228E36_265_Montebello_90640,,265 Montebello 90640,,,POINT (6532791.224323 1827736.860551),Incomplete_addresses_no_fraction&others_[validationResults]_554rows.csv,eGIS_Addressing_raw__2700971rows_51cols.csv
321 W Whittier Blvd Los Angeles 90022,,6349003023,,321,,,West,,,Whittier,Boulevard,,,,,,,,,,,,,90022,,Montebello ,Los Angeles,East Los Angeles,,,,Assessor,{4E3F906D-647D-44FD-AD9C-3028A9147C67},0,,4E3F906D-647D-44FD-AD9C-3028A9147C67,Unknown,,W,,,Blvd,W Whittier Blvd,2024-04-27 17:13:09+00:00,321 W Whittier Blvd Los Angeles 90022,4E3F906D-647D-44FD-AD9C-3028A9147C67_321_W_Whittier_Blvd_Los_Angeles_90022,Whittier,321 W Whittier Boulevard Blvd Montebello  90022,,,POINT (6530214.262285 1825612.418934),Incomplete_addresses_no_fraction&others_[validationResults]_554rows.csv,eGIS_Addressing_raw__2700971rows_51cols.csv
928 S Garfield Ave Los Angeles 90022,,6351003008,,928,,,South,,,Garfield,Avenue,,,,,,,,,,,,,90022,,Unincorporated,Los Angeles,East Los Angeles,,,,LACO DPW House Numbering Map,{D72E75DC-81E2-4201-8D37-72BABFE7A856},0,,D72E75DC-81E2-4201-8D37-72BABFE7A856,Unknown,,S,,,Ave,S Garfield Ave,2015-05-04 20:26:24+00:00,928 S Garfield Ave Los Angeles 90022,D72E75DC-81E2-4201-8D37-72BABFE7A856_928_S_Garfield_Ave_Los_Angeles_90022,Garfield,928 S Garfield Avenue Ave Los Angeles 90022,,,POINT (6522248.615815 1827371.768105),Incomplete_addresses_no_fraction&others_[validationResults]_554rows.csv,eGIS_Addressing_raw__2700971rows_51cols.csv
1413  Los Angeles 90022,,6351031004,,1413,,,,,,,,,,,,,,,,,,,,90022,,Unincorporated,Los Angeles,East Los Angeles,,,,LACO DPW Add,{6B3236BE-AF96-48DC-B08D-6F6B7008C0F0},0,,6B3236BE-AF96-48DC-B08D-6F6B7008C0F0,Unknown,,,,,,,2024-09-12 23:09:15+00:00,1413  Los Angeles 90022,6B3236BE-AF96-48DC-B08D-6F6B7008C0F0_1413__Los_Angeles_90022,,1413 Los Angeles 90022,,,POINT (6520412.975129 1826030.117573),Incomplete_addresses_no_fraction&others_[validationResults]_554rows.csv,eGIS_Addressing_raw__2700971rows_51cols.csv
17213 A De Groot Pl Cerritos 90703,,7012022015,,17213,A,,,,De,Groot,Place,,,,,,,,,,,,,90703,,Cerritos,Cerritos,,,,,LACO DPW Add,{8978C7F1-5030-4E63-B1D5-B19834F0B738},0,,8978C7F1-5030-4E63-B1D5-B19834F0B738,Unknown,,,,,Pl,De Groot Pl,2023-09-14 20:59:47+00:00,17213 A De Groot Pl Cerritos 90703,8978C7F1-5030-4E63-B1D5-B19834F0B738_17213_A_De_Groot_Pl_Cerritos_90703,De Groot,17213 A De Groot Place Pl Cerritos 90703,,,POINT (6543871.285168 1776953.743285),Incomplete_addresses_no_fraction&others_[validationResults]_554rows.csv,eGIS_Addressing_raw__2700971rows_51cols.csv
17219 A Maurice Ave Cerritos 90703,,7012025029,,17219,A,,,,,Maurice,Avenue,,,,,,,,,,,,,90703,,Cerritos,Cerritos,,,,,LACO DPW Add,{A3AEB0B6-9121-48D0-ABCE-8A3BEDE87404},0,,A3AEB0B6-9121-48D0-ABCE-8A3BEDE87404,Unknown,,,,,Ave,Maurice Ave,2023-09-07 17:28:56+00:00,17219 A Maurice Ave Cerritos 90703,A3AEB0B6-9121-48D0-ABCE-8A3BEDE87404_17219_A_Maurice_Ave_Cerritos_90703,Maurice,17219 A Maurice Avenue Ave Cerritos 90703,,,POINT (6544698.88325 1776946.915543),Incomplete_addresses_no_fraction&others_[validationResults]_554rows.csv,eGIS_Addressing_raw__2700971rows_51cols.csv
18129 A Parkvalle Cir Cerritos 90703,,7022013030,,18129,A,,,,,Parkvalle,Circle,,,,,,,,,,,,,90703,,Cerritos,Cerritos,,,,,CAMS,{1B0D985D-3B1A-4685-9BDC-FAAED7604A1C},0,,1B0D985D-3B1A-4685-9BDC-FAAED7604A1C,Unknown,,,,,Cir,Parkvalle Cir,2023-02-07 16:36:35+00:00,18129 A Parkvalle Cir Cerritos 90703,1B0D985D-3B1A-4685-9BDC-FAAED7604A1C_18129_A_Parkvalle_Cir_Cerritos_90703,Parkvalle,18129 A Parkvalle Circle Cir Cerritos 90703,,,POINT (6549728.138612 1773690.374484),Incomplete_addresses_no_fraction&others_[validationResults]_554rows.csv,eGIS_Addressing_raw__2700971rows_51cols.csv
13808 A Ashworth St Cerritos 90703,,7022015017,,13808,A,,,,,Ashworth,Street,,,,,,,,,,,,,90703,,Cerritos,Cerritos,,,,,CAMS,{97241951-F979-41ED-B8B6-C710AE33E8C3},0,,97241951-F979-41ED-B8B6-C710AE33E8C3,Unknown,,,,,St,Ashworth St,2022-10-21 08:58:59+00:00,13808 A Ashworth St Cerritos 90703,97241951-F979-41ED-B8B6-C710AE33E8C3_13808_A_Ashworth_St_Cerritos_90703,Ashworth,13808 A Ashworth Street St Cerritos 90703,,,POINT (6550353.913607 1774513.652365),Incomplete_addresses_no_fraction&others_[validationResults]_554rows.csv,eGIS_Addressing_raw__2700971rows_51cols.csv
13127 A Point Reyes Pl Cerritos 90703,,7030024020,,13127,A,,,,,Point Reyes,Place,,,,,,,,,,,,,90703,,CERRITOS   ,Cerritos,,,,,LACO DPW Add,{1590804F-3B4E-4F68-B60F-DFD919BFED2B},0,,1590804F-3B4E-4F68-B60F-DFD919BFED2B,Unknown,,,,,Pl,Point Reyes Pl,2023-08-01 22:59:07+00:00,13127 A Point Reyes Pl Cerritos 90703,1590804F-3B4E-4F68-B60F-DFD919BFED2B_13127_A_Point_Reyes_Pl_Cerritos_90703,Point Reyes,13127 A Point Reyes Place Pl CERRITOS    90703,,,POINT (6545887.506857 1774029.970918),Incomplete_addresses_no_fraction&others_[validationResults]_554rows.csv,eGIS_Addressing_raw__2700971rows_51cols.csv
7931 Squaw Valley Wy Cerritos 90703,,7044026027,,7931,,,,,,Squaw Valley,Way,,,,,,,,,,,,,90703,,Cerritos,Cerritos,,,,,Cerritos GIS,{80B98A06-DA70-43C8-8218-C2F17313A712},0,,80B98A06-DA70-43C8-8218-C2F17313A712,Unknown,,,,,Wy,Squaw Valley Wy,2015-03-24 12:41:24+00:00,7931 Squaw Valley Wy Cerritos 90703,80B98A06-DA70-43C8-8218-C2F17313A712_7931_Squaw_Valley_Wy_Cerritos_90703,Squaw Valley,7931 Squaw Valley Way Wy Cerritos 90703,,,POINT (6544798.000178 1766944.249525),Incomplete_addresses_no_fraction&others_[validationResults]_554rows.csv,eGIS_Addressing_raw__2700971rows_51cols.csv
11300 Cerritos 90703,,7049001021,,11300,,,,,,,,,,,,,,,,,,,,90703,,Cerritos,Cerritos,,,,,Cerritos GIS,{7955E52F-1317-46E3-8E4F-1876A61BEB76},0,,7955E52F-1317-46E3-8E4F-1876A61BEB76,Unknown,,,,,,,2016-01-04 12:35:04+00:00,11300 Cerritos 90703,7955E52F-1317-46E3-8E4F-1876A61BEB76_11300_Cerritos_90703,,11300 Cerritos 90703,,,POINT (6533395.440634 1770732.603497),Incomplete_addresses_no_fraction&others_[validationResults]_554rows.csv,eGIS_Addressing_raw__2700971rows_51cols.csv
105 Long Beach 90805,,7132023007,,105,,,,,,,,,,,,,,,,,,,,90805,,Long Beach,Long Beach,,,,,Long Beach GIS,{35A38AB3-45A8-4E18-A50E-D4137C6D789F},0,,35A38AB3-45A8-4E18-A50E-D4137C6D789F,Unknown,,,,,,,2024-05-12 21:05:27+00:00,105 Long Beach 90805,35A38AB3-45A8-4E18-A50E-D4137C6D789F_105_Long_Beach_90805,,105 Long Beach 90805,,,POINT (6501154.199999 1767359.609915),Incomplete_addresses_no_fraction&others_[validationResults]_554rows.csv,eGIS_Addressing_raw__2700971rows_51cols.csv
4900 Long Beach 90808,,7182028001,,4900,,,,,,,,,,,,,,,,,,,,90808,,Long Beach,Long Beach,,,,,CAMS,{85D3ECAF-53C5-4902-B405-74906AA9D2AC},0,,85D3ECAF-53C5-4902-B405-74906AA9D2AC,Unknown,,,,,,,2018-11-29 19:55:52+00:00,4900 Long Beach 90808,85D3ECAF-53C5-4902-B405-74906AA9D2AC_4900_Long_Beach_90808,,4900 Long Beach 90808,,,POINT (6518551.046111 1760804.893365),Incomplete_addresses_no_fraction&others_[validationResults]_554rows.csv,eGIS_Addressing_raw__2700971rows_51cols.csv
255 Long Beach 90806,,7208002016,,255,,,,,,,,,,,,,,,,,,,,90806,,Long Beach,Long Beach,,,,,Long Beach GIS,{58554F6E-4546-4D83-8671-52C5716951B4},0,,58554F6E-4546-4D83-8671-52C5716951B4,Unknown,,,,,,,2024-05-12 21:05:27+00:00,255 Long Beach 90806,58554F6E-4546-4D83-8671-52C5716951B4_255_Long_Beach_90806,,255 Long Beach 90806,,,POINT (6503843.623426 1750718.820033),Incomplete_addresses_no_fraction&others_[validationResults]_554rows.csv,eGIS_Addressing_raw__2700971rows_51cols.csv
3289 Long Beach 90815,,7219002008,,3289,,,,,,,,,,,,,,,,,,,,90815,,Long Beach,Long Beach,,,,,Long Beach GIS,{D8A84B66-7E61-4190-8D79-06D3B9A87DE0},0,,D8A84B66-7E61-4190-8D79-06D3B9A87DE0,Unknown,,,,,,,2024-05-12 21:05:27+00:00,3289 Long Beach 90815,D8A84B66-7E61-4190-8D79-06D3B9A87DE0_3289_Long_Beach_90815,,3289 Long Beach 90815,,,POINT (6516747.813497 1747897.543196),Incomplete_addresses_no_fraction&others_[validationResults]_554rows.csv,eGIS_Addressing_raw__2700971rows_51cols.csv
Belmont Pier Long Beach 90803,,7256041901,,0,,,,,,Belmont Pier,,,,,,,,,,,,,,90803,,Long Beach,Long Beach,,,,,Long Beach GIS,{5C74D75B-1105-4B76-B9B8-310C525E3A33},0,,5C74D75B-1105-4B76-B9B8-310C525E3A33,Unknown,,,,,,Belmont Pier,2024-07-17 23:14:02+00:00,Belmont Pier Long Beach 90803,5C74D75B-1105-4B76-B9B8-310C525E3A33__Belmont_Pier_Long_Beach_90803,Belmont Pier,Belmont Pier Long Beach 90803,,,POINT (6516471.47317 1734606.055671),Incomplete_addresses_no_fraction&others_[validationResults]_554rows.csv,eGIS_Addressing_raw__2700971rows_51cols.csv
2650 Long Beach 90810,,7308002004,,2650,,,,,,,,,,,,,,,,,,,,90810,,Carson,Long Beach,Carson,,,,CAMS,{383D08A5-E24E-44DD-A011-34D7EE434FC1},0,,383D08A5-E24E-44DD-A011-34D7EE434FC1,Unknown,,,,,,,2015-03-24 09:32:55+00:00,2650 Long Beach 90810,383D08A5-E24E-44DD-A011-34D7EE434FC1_2650_Long_Beach_90810,,2650 Carson 90810,,,POINT (6494990.398678 1763843.731776),Incomplete_addresses_no_fraction&others_[validationResults]_554rows.csv,eGIS_Addressing_raw__2700971rows_51cols.csv
860 Carson 90745,,7315033039,,860,,,,,,,,,,,,,,,,,,,,90745,,Carson,Carson,,,,,Carson GIS,{1250FE66-20EE-43A4-BA1D-A5B0E13F1DFC},0,,1250FE66-20EE-43A4-BA1D-A5B0E13F1DFC,Unknown,,,,,,,2018-04-09 00:34:43+00:00,860 Carson 90745,1250FE66-20EE-43A4-BA1D-A5B0E13F1DFC_860_Carson_90745,,860 Carson 90745,,,POINT (6482983.658256 1756949.987689),Incomplete_addresses_no_fraction&others_[validationResults]_554rows.csv,eGIS_Addressing_raw__2700971rows_51cols.csv
19220 A Normandie Ave Torrance 90502,,7351030012,,19220,A,,,,,Normandie,Avenue,,,,,,,,,,,,,90502,,Unincorporated,Torrance,,,,,CAMS,{C4DB7AEC-657B-4480-B579-7E950A376B38},0,,C4DB7AEC-657B-4480-B579-7E950A376B38,Unknown,,,,,Ave,Normandie Ave,2018-11-13 13:09:32+00:00,19220 A Normandie Ave Torrance 90502,C4DB7AEC-657B-4480-B579-7E950A376B38_19220_A_Normandie_Ave_Torrance_90502,Normandie,19220 A Normandie Avenue Ave Torrance 90502,,,POINT (6470890.507245 1769979.052182),Incomplete_addresses_no_fraction&others_[validationResults]_554rows.csv,eGIS_Addressing_raw__2700971rows_51cols.csv
19220 B Normandie Ave Torrance 90502,,7351030012,,19220,B,,,,,Normandie,Avenue,,,,,,,,,,,,,90502,,Unincorporated,Torrance,,,,,LACO DPW House Numbering Map,{668CF8E7-D3D5-488D-B112-CDDEE274C917},0,,668CF8E7-D3D5-488D-B112-CDDEE274C917,Unknown,,,,,Ave,Normandie Ave,2018-11-13 13:09:32+00:00,19220 B Normandie Ave Torrance 90502,668CF8E7-D3D5-488D-B112-CDDEE274C917_19220_B_Normandie_Ave_Torrance_90502,Normandie,19220 B Normandie Avenue Ave Torrance 90502,,,POINT (6470891.756259 1770007.382834),Incomplete_addresses_no_fraction&others_[validationResults]_554rows.csv,eGIS_Addressing_raw__2700971rows_51cols.csv
20280 S Vermont Los Angeles 90007,,7351033027,,20280,,,South,,,Vermont,,,,,,,,,,,,,,90007,,Los Angeles,Los Angeles,,,,,Assessor,{3A5B9C75-3CE5-498D-B494-D9C1EC7B48AF},0,,3A5B9C75-3CE5-498D-B494-D9C1EC7B48AF,Unknown,,S,,,,S Vermont,2024-04-27 17:13:09+00:00,20280 S Vermont Los Angeles 90007,3A5B9C75-3CE5-498D-B494-D9C1EC7B48AF_20280_S_Vermont_Los_Angeles_90007,Vermont,20280 S Vermont Los Angeles 90007,,,POINT (6473990.354392 1766719.935997),Incomplete_addresses_no_fraction&others_[validationResults]_554rows.csv,eGIS_Addressing_raw__2700971rows_51cols.csv
3843 Torrance 90505,,7368021032,,3843,,,,,,,,,,,,,,,,,,,,90505,,Torrance,Torrance,,,,,City Of Torrance,{596E0B99-9CF0-4984-B236-C0AF77AF2B9E},0,,596E0B99-9CF0-4984-B236-C0AF77AF2B9E,Unknown,,,,,,,2015-04-04 10:40:31+00:00,3843 Torrance 90505,596E0B99-9CF0-4984-B236-C0AF77AF2B9E_3843_Torrance_90505,,3843 Torrance 90505,,,POINT (6454300.056503 1757169.279245),Incomplete_addresses_no_fraction&others_[validationResults]_554rows.csv,eGIS_Addressing_raw__2700971rows_51cols.csv
1 E Regent St Lomita 90717,,7374001902,,1,,,East,,,Regent,Street,,,,,,,,,,,,,90717,,Lomita,Lomita,,,,,Office of Assessor,{804E8891-A7F6-4D23-B8F5-4F335D046AEE},0,,804E8891-A7F6-4D23-B8F5-4F335D046AEE,Unknown,,E,,,St,E Regent St,2015-03-28 02:34:14+00:00,1 E Regent St Lomita 90717,804E8891-A7F6-4D23-B8F5-4F335D046AEE_1_E_Regent_St_Lomita_90717,Regent,1 E Regent Street St Lomita 90717,,,POINT (6464920.354488 1751569.675615),Incomplete_addresses_no_fraction&others_[validationResults]_554rows.csv,eGIS_Addressing_raw__2700971rows_51cols.csv
24507 Harbor City 90710,,7409029006,,24507,,,,,,,,,,,,,,,,,,,,90710,,Unincorporated,Harbor City,,,,,LACO DPW Add,{A2512D0C-FB9E-48FE-8452-006EEB7FAB52},0,,A2512D0C-FB9E-48FE-8452-006EEB7FAB52,Unknown,,,,,,,2024-09-14 08:24:46+00:00,24507 Harbor City 90710,A2512D0C-FB9E-48FE-8452-006EEB7FAB52_24507_Harbor_City_90710,,24507 Harbor City 90710,,,POINT (6471238.951102 1750487.470759),Incomplete_addresses_no_fraction&others_[validationResults]_554rows.csv,eGIS_Addressing_raw__2700971rows_51cols.csv
26340 b Western Ave Lomita 90717,,7411030010,,26340,b,,,,,Western,Avenue,,,,,,,,,,,,,90717,,Lomita,Lomita,,,,,LACO DPW Add,{96CAFA53-AB55-4E14-95A8-271DA10BA3AB},0,,96CAFA53-AB55-4E14-95A8-271DA10BA3AB,Unknown,,,,,Ave,Western Ave,2022-08-26 07:43:26+00:00,26340 b Western Ave Lomita 90717,96CAFA53-AB55-4E14-95A8-271DA10BA3AB_26340_b_Western_Ave_Lomita_90717,Western,26340 b Western Avenue Ave Lomita 90717,,,POINT (6467580.224168 1743383.926567),Incomplete_addresses_no_fraction&others_[validationResults]_554rows.csv,eGIS_Addressing_raw__2700971rows_51cols.csv
195 Mc Farland Ave 90733,,7440005921,,195,,,,,,Mc Farland,Avenue,,,,,,,,,,,,,90733,,Los Angeles,,,,,,Assessor,{2E269B53-E892-4872-A2D8-3748B2E39359},0,,2E269B53-E892-4872-A2D8-3748B2E39359,Unknown,,,,,Ave,Mc Farland Ave,2024-04-27 17:13:09+00:00,195 Mc Farland Ave 90733,2E269B53-E892-4872-A2D8-3748B2E39359_195_Mc_Farland_Ave_90733,Mc Farland,195 Mc Farland Avenue Ave Los Angeles 90733,,,POINT (6484502.001348 1739104.762881),Incomplete_addresses_no_fraction&others_[validationResults]_554rows.csv,eGIS_Addressing_raw__2700971rows_51cols.csv
2600 B Admiral Higbee Wy San Pedro 90731,,7440037902,,2600,B,,,,,Admiral Higbee,Way,,,,,,,,,,,,,90731,,Los Angeles,San Pedro,,,,,POLA Address 1,{4DAD02EA-0428-43E3-B0FA-CA52B4963981},0,,4DAD02EA-0428-43E3-B0FA-CA52B4963981,Unknown,,,,,Wy,Admiral Higbee Wy,2018-04-10 14:29:26+00:00,2600 B Admiral Higbee Wy San Pedro 90731,4DAD02EA-0428-43E3-B0FA-CA52B4963981_2600_B_Admiral_Higbee_Wy_San_Pedro_90731,Admiral Higbee,2600 B Admiral Higbee Way Wy Los Angeles 90731,,,POINT (6479080.442637 1720926.474106),Incomplete_addresses_no_fraction&others_[validationResults]_554rows.csv,eGIS_Addressing_raw__2700971rows_51cols.csv
2600 A Admiral Higbee Wy San Pedro 90731,,7440037902,,2600,A,,,,,Admiral Higbee,Way,,,,,,,,,,,,,90731,,Los Angeles,San Pedro,,,,,POLA Address 1,{A8DCF96A-F4D0-424B-9DF2-A74503A0C8E2},0,,A8DCF96A-F4D0-424B-9DF2-A74503A0C8E2,Unknown,,,,,Wy,Admiral Higbee Wy,2018-04-10 14:29:26+00:00,2600 A Admiral Higbee Wy San Pedro 90731,A8DCF96A-F4D0-424B-9DF2-A74503A0C8E2_2600_A_Admiral_Higbee_Wy_San_Pedro_90731,Admiral Higbee,2600 A Admiral Higbee Way Wy Los Angeles 90731,,,POINT (6479111.298547 1720775.762138),Incomplete_addresses_no_fraction&others_[validationResults]_554rows.csv,eGIS_Addressing_raw__2700971rows_51cols.csv
1704 Palos Verdes Dr N San Pedro 90732,,7442001006,,1704,,,,,,Palos Verdes,Drive,North,,,,,,,,,,,,90732,,Lomita,San Pedro,,,,,Office of Assessor,{E63F2653-8C94-4000-9009-06891DAB0CE6},0,,E63F2653-8C94-4000-9009-06891DAB0CE6,Unknown,,,N,,Dr,Palos Verdes Dr N,2015-03-28 02:48:34+00:00,1704 Palos Verdes Dr N San Pedro 90732,E63F2653-8C94-4000-9009-06891DAB0CE6_1704_Palos_Verdes_Dr_N_San_Pedro_90732,Palos Verdes,1704 Palos Verdes Drive Dr N Lomita 90732,,,POINT (6467909.245163 1742066.990224),Incomplete_addresses_no_fraction&others_[validationResults]_554rows.csv,eGIS_Addressing_raw__2700971rows_51cols.csv
1 Descanso Canyon Rd Avalon 90704,,7480001001,,1,,,,,,Descanso Canyon,Road,,,,,,,,,,,,,90704,,Avalon,Avalon,,,,,Office of Assessor,{89F5EB1A-E8CE-408A-956C-58EEB6270704},0,,89F5EB1A-E8CE-408A-956C-58EEB6270704,Unknown,,,,,Rd,Descanso Canyon Rd,2015-12-09 11:09:08+00:00,1 Descanso Canyon Rd Avalon 90704,89F5EB1A-E8CE-408A-956C-58EEB6270704_1_Descanso_Canyon_Rd_Avalon_90704,Descanso Canyon,1 Descanso Canyon Road Rd Avalon 90704,,,POINT (6461077.904167 1586230.52926),Incomplete_addresses_no_fraction&others_[validationResults]_554rows.csv,eGIS_Addressing_raw__2700971rows_51cols.csv
Middle Ranch Avalon 90704,,7480043025,,0,,,,,,Middle Ranch ,,,,,,,,,,,,,,90704,,Unincorporated,Avalon,,,,,CAMS,{C47F6AB4-A609-400E-BCDC-191074E24BC1},0,,C47F6AB4-A609-400E-BCDC-191074E24BC1,Unknown,,,,,,Middle Ranch,2024-10-06 16:11:10+00:00,Middle Ranch Avalon 90704,C47F6AB4-A609-400E-BCDC-191074E24BC1__Middle_Ranch_Avalon_90704,Middle Ranch ,Middle Ranch  Avalon 90704,,,POINT (6427343.422096 1587853.926932),Incomplete_addresses_no_fraction&others_[validationResults]_554rows.csv,eGIS_Addressing_raw__2700971rows_51cols.csv
412 Redondo Beach 90277,,7512017005,,412,,,,,,,,,,,,,,,,,,,,90277,,Torrance,Redondo Beach,,,,,City Of Torrance,{DB0BF139-435D-43A3-A450-DAB22F27B897},0,,DB0BF139-435D-43A3-A450-DAB22F27B897,Unknown,,,,,,,2015-04-04 10:40:44+00:00,412 Redondo Beach 90277,DB0BF139-435D-43A3-A450-DAB22F27B897_412_Redondo_Beach_90277,,412 Torrance 90277,,,POINT (6444549.726922 1751784.277876),Incomplete_addresses_no_fraction&others_[validationResults]_554rows.csv,eGIS_Addressing_raw__2700971rows_51cols.csv
4850 Torrance 90503,,7521001024,,4850,,,,,,,,,,,,,,,,,,,,90503,,Torrance,Torrance,,,,,City Of Torrance,{1736A070-42BD-4D27-B491-AEA534423C1F},0,,1736A070-42BD-4D27-B491-AEA534423C1F,Unknown,,,,,,,2015-04-04 10:40:44+00:00,4850 Torrance 90503,1736A070-42BD-4D27-B491-AEA534423C1F_4850_Torrance_90503,,4850 Torrance 90503,,,POINT (6451661.92628 1770829.236505),Incomplete_addresses_no_fraction&others_[validationResults]_554rows.csv,eGIS_Addressing_raw__2700971rows_51cols.csv
26016 A Oak St Lomita 90717,,7553009039,,26016,A,,,,,Oak,Street,,,,,,,,,,,,,90717,,Lomita,Lomita,,,,,Office of Assessor,{700FA3D2-5DD7-427A-9FC8-8F4E4858E19A},0,,700FA3D2-5DD7-427A-9FC8-8F4E4858E19A,Unknown,,,,,St,Oak St,2024-09-05 23:33:03+00:00,26016 A Oak St Lomita 90717,700FA3D2-5DD7-427A-9FC8-8F4E4858E19A_26016_A_Oak_St_Lomita_90717,Oak,26016 A Oak Street St Lomita 90717,,,POINT (6465283.971214 1744791.511678),Incomplete_addresses_no_fraction&others_[validationResults]_554rows.csv,eGIS_Addressing_raw__2700971rows_51cols.csv
26016 I Oak St Lomita 90717,,7553009039,,26016,I,,,,,Oak,Street,,,,,,,,,,,,,90717,,LOMITA     ,Lomita,,,,,LACO DPW Add,{77A20B00-58E1-4850-84CF-9078F6F3E1BA},0,,77A20B00-58E1-4850-84CF-9078F6F3E1BA,Unknown,,,,,St,Oak St,2023-07-24 19:47:07+00:00,26016 I Oak St Lomita 90717,77A20B00-58E1-4850-84CF-9078F6F3E1BA_26016_I_Oak_St_Lomita_90717,Oak,26016 I Oak Street St LOMITA      90717,,,POINT (6465268.965667 1744719.949813),Incomplete_addresses_no_fraction&others_[validationResults]_554rows.csv,eGIS_Addressing_raw__2700971rows_51cols.csv
26016 H Oak St Lomita 90717,,7553009039,,26016,H,,,,,Oak,Street,,,,,,,,,,,,,90717,,LOMITA     ,Lomita,,,,,LACO DPW Add,{8713E395-CD9F-43E0-A60F-CBD1F0583783},0,,8713E395-CD9F-43E0-A60F-CBD1F0583783,Unknown,,,,,St,Oak St,2023-07-24 19:47:07+00:00,26016 H Oak St Lomita 90717,8713E395-CD9F-43E0-A60F-CBD1F0583783_26016_H_Oak_St_Lomita_90717,Oak,26016 H Oak Street St LOMITA      90717,,,POINT (6465264.451568 1744678.420041),Incomplete_addresses_no_fraction&others_[validationResults]_554rows.csv,eGIS_Addressing_raw__2700971rows_51cols.csv
26016 F Oak St Lomita 90717,,7553009039,,26016,F,,,,,Oak,Street,,,,,,,,,,,,,90717,,LOMITA     ,Lomita,,,,,LACO DPW Add,{493B2869-99DF-4E10-9843-CC68E5FCC34F},0,,493B2869-99DF-4E10-9843-CC68E5FCC34F,Unknown,,,,,St,Oak St,2023-07-24 19:47:07+00:00,26016 F Oak St Lomita 90717,493B2869-99DF-4E10-9843-CC68E5FCC34F_26016_F_Oak_St_Lomita_90717,Oak,26016 F Oak Street St LOMITA      90717,,,POINT (6465199.74927 1744689.254009),Incomplete_addresses_no_fraction&others_[validationResults]_554rows.csv,eGIS_Addressing_raw__2700971rows_51cols.csv
26016 B Oak St Lomita 90717,,7553009039,,26016,B,,,,,Oak,Street,,,,,,,,,,,,,90717,,LOMITA     ,Lomita,,,,,LACO DPW Add,{34681D99-9FA5-4FA3-88A3-4877DA124C99},0,,34681D99-9FA5-4FA3-88A3-4877DA124C99,Unknown,,,,,St,Oak St,2023-07-24 19:47:07+00:00,26016 B Oak St Lomita 90717,34681D99-9FA5-4FA3-88A3-4877DA124C99_26016_B_Oak_St_Lomita_90717,Oak,26016 B Oak Street St LOMITA      90717,,,POINT (6465235.679972 1744772.380483),Incomplete_addresses_no_fraction&others_[validationResults]_554rows.csv,eGIS_Addressing_raw__2700971rows_51cols.csv
26016 D Oak St Lomita 90717,,7553009039,,26016,D,,,,,Oak,Street,,,,,,,,,,,,,90717,,LOMITA     ,Lomita,,,,,LACO DPW Add,{2F4D9995-5E26-48F2-82CB-03B228CCDD97},0,,2F4D9995-5E26-48F2-82CB-03B228CCDD97,Unknown,,,,,St,Oak St,2023-07-24 19:47:07+00:00,26016 D Oak St Lomita 90717,2F4D9995-5E26-48F2-82CB-03B228CCDD97_26016_D_Oak_St_Lomita_90717,Oak,26016 D Oak Street St LOMITA      90717,,,POINT (6465196.739762 1744739.209945),Incomplete_addresses_no_fraction&others_[validationResults]_554rows.csv,eGIS_Addressing_raw__2700971rows_51cols.csv
26016 G Oak St Lomita 90717,,7553009039,,26016,G,,,,,Oak,Street,,,,,,,,,,,,,90717,,Lomita,Lomita,,,,,LACO DPW Add,{5B676604-7957-4828-B27D-5A3DB97B1C4F},0,,5B676604-7957-4828-B27D-5A3DB97B1C4F,Unknown,,,,,St,Oak St,2024-09-05 23:33:03+00:00,26016 G Oak St Lomita 90717,5B676604-7957-4828-B27D-5A3DB97B1C4F_26016_G_Oak_St_Lomita_90717,Oak,26016 G Oak Street St Lomita 90717,,,POINT (6465234.035291 1744681.66216),Incomplete_addresses_no_fraction&others_[validationResults]_554rows.csv,eGIS_Addressing_raw__2700971rows_51cols.csv
Pine Tree Ln Palos Verdes Peninsula 90274,,7569012027,,0,,,,,,Pine Tree,Lane,,,,,,,,,,,,,90274,,Rolling Hills,Palos Verdes Peninsula,Palos Verdes Estates,,,,LACO DPW Add,{59183E2C-EE89-4052-AC18-1420661BB677},0,,59183E2C-EE89-4052-AC18-1420661BB677,Unknown,,,,,Ln,Pine Tree Ln,2015-04-03 09:10:32+00:00,Pine Tree Ln Palos Verdes Peninsula 90274,59183E2C-EE89-4052-AC18-1420661BB677__Pine_Tree_Ln_Palos_Verdes_Peninsula_90274,Pine Tree,Pine Tree Lane Ln Rolling Hills 90274,,,POINT (6455242.707832 1736972.950872),Incomplete_addresses_no_fraction&others_[validationResults]_554rows.csv,eGIS_Addressing_raw__2700971rows_51cols.csv
12416 B Painter Ave Whittier 90605,,8026036029,,12416,B,,,,,Painter,Avenue,,,,,,,,,,,,,90605,,Unincorporated,Whittier,,,,,LACO DPW Add,{1FEE5BDB-49B7-4A9F-9968-3573CBC6A3A4},0,,1FEE5BDB-49B7-4A9F-9968-3573CBC6A3A4,Unknown,,,,,Ave,Painter Ave,2021-04-20 10:29:08+00:00,12416 B Painter Ave Whittier 90605,1FEE5BDB-49B7-4A9F-9968-3573CBC6A3A4_12416_B_Painter_Ave_Whittier_90605,Painter,12416 B Painter Avenue Ave Whittier 90605,,,POINT (6545467.024431 1792794.06167),Incomplete_addresses_no_fraction&others_[validationResults]_554rows.csv,eGIS_Addressing_raw__2700971rows_51cols.csv
12416 A Painter Ave Whittier 90605,,8026036029,,12416,A,,,,,Painter,Avenue,,,,,,,,,,,,,90605,,Unincorporated,Whittier,,,,,LACO DPW Add,{24752B3C-0506-453A-B032-A56172971A15},0,,24752B3C-0506-453A-B032-A56172971A15,Unknown,,,,,Ave,Painter Ave,2021-04-20 10:29:08+00:00,12416 A Painter Ave Whittier 90605,24752B3C-0506-453A-B032-A56172971A15_12416_A_Painter_Ave_Whittier_90605,Painter,12416 A Painter Avenue Ave Whittier 90605,,,POINT (6545436.433941 1792792.768694),Incomplete_addresses_no_fraction&others_[validationResults]_554rows.csv,eGIS_Addressing_raw__2700971rows_51cols.csv
12416 D Painter Ave Whittier 90605,,8026036029,,12416,D,,,,,Painter,Avenue,,,,,,,,,,,,,90605,,Unincorporated,Whittier,,,,,LACO DPW Add,{5B529452-AF96-4F04-9391-E1A85AF76A9C},0,,5B529452-AF96-4F04-9391-E1A85AF76A9C,Unknown,,,,,Ave,Painter Ave,2021-11-22 11:57:27+00:00,12416 D Painter Ave Whittier 90605,5B529452-AF96-4F04-9391-E1A85AF76A9C_12416_D_Painter_Ave_Whittier_90605,Painter,12416 D Painter Avenue Ave Whittier 90605,,,POINT (6545504.275997 1792785.081701),Incomplete_addresses_no_fraction&others_[validationResults]_554rows.csv,eGIS_Addressing_raw__2700971rows_51cols.csv
15745 B Imperial Hwy La Mirada 90638,,8034001066,,15745,B,,,,,Imperial,Highway,,,,,,,,,,,,,90638,,La Mirada,La Mirada,,,,,CAMS,{138E43DB-2AC0-4261-84DD-67E1FFCAF9CC},0,,138E43DB-2AC0-4261-84DD-67E1FFCAF9CC,Unknown,,,,,Hwy,Imperial Hwy,2015-04-02 13:10:02+00:00,15745 B Imperial Hwy La Mirada 90638,138E43DB-2AC0-4261-84DD-67E1FFCAF9CC_15745_B_Imperial_Hwy_La_Mirada_90638,Imperial,15745 B Imperial Highway Hwy La Mirada 90638,,,POINT (6563058.374419 1792755.454136),Incomplete_addresses_no_fraction&others_[validationResults]_554rows.csv,eGIS_Addressing_raw__2700971rows_51cols.csv
12319  Unit 2 Whittier 90604,,8035018007,,12319,,,,,,,,,,,,,,,,,,Unit,2,90604,,Unincorporated,Whittier,,,,,LACO DPW Add,{24DB1BD2-4C0B-454C-B312-FC0704613320},0,,24DB1BD2-4C0B-454C-B312-FC0704613320,Unknown,,,,,,,2024-05-01 23:12:27+00:00,12319  Unit 2 Whittier 90604,24DB1BD2-4C0B-454C-B312-FC0704613320_12319__Unit_2_Whittier_90604,,12319 Unit 2 Whittier 90604,,,POINT (6564455.827332 1792763.479382),Incomplete_addresses_no_fraction&others_[validationResults]_554rows.csv,eGIS_Addressing_raw__2700971rows_51cols.csv
12013 Rosecrans Ave 93650,,8056029012,,12013,,,,,,Rosecrans,Avenue,,,,,,,,,,,,,93650,,Norwalk,,,,,,Assessor,{33283D37-7827-4BFD-8389-0099183A092A},0,,33283D37-7827-4BFD-8389-0099183A092A,Unknown,,,,,Ave,Rosecrans Ave,2024-04-27 17:13:09+00:00,12013 Rosecrans Ave 93650,33283D37-7827-4BFD-8389-0099183A092A_12013_Rosecrans_Ave_93650,Rosecrans,12013 Rosecrans Avenue Ave Norwalk 93650,,,POINT (6538196.292253 1786913.166936),Incomplete_addresses_no_fraction&others_[validationResults]_554rows.csv,eGIS_Addressing_raw__2700971rows_51cols.csv
14406  La Mirada 90638,,8061030014,,14406,,,,,,,,,,,,,,,,,,,,90638,,La Mirada,La Mirada,,,,,LACO DPW Add,{89EB1809-CBC4-491C-AEA3-9AB1462050FF},0,,89EB1809-CBC4-491C-AEA3-9AB1462050FF,Unknown,,,,,,,2024-02-22 01:12:09+00:00,14406  La Mirada 90638,89EB1809-CBC4-491C-AEA3-9AB1462050FF_14406__La_Mirada_90638,,14406 La Mirada 90638,,,POINT (6554192.82194 1786689.235625),Incomplete_addresses_no_fraction&others_[validationResults]_554rows.csv,eGIS_Addressing_raw__2700971rows_51cols.csv
12957 Whittier 90601,,8115005044,,12957,,,,,,,,,,,,,,,,,,,,90601,,Unincorporated,Whittier,City of Industry,,,,LACO DPW Add,{CC96E222-9660-4A86-944B-711B3BE7EC44},0,,CC96E222-9660-4A86-944B-711B3BE7EC44,Unknown,,,,,,,2022-09-08 15:49:21+00:00,12957 Whittier 90601,CC96E222-9660-4A86-944B-711B3BE7EC44_12957_Whittier_90601,,12957 Whittier 90601,,,POINT (6555867.233617 1835398.529939),Incomplete_addresses_no_fraction&others_[validationResults]_554rows.csv,eGIS_Addressing_raw__2700971rows_51cols.csv
14278 D Valley Blvd La Puente 91746,,8206026030,,14278,D,,,,,Valley,Boulevard,,,,,,,,,,,,,91746,,Unincorporated,La Puente,Bassett,,,,LACO DPW Add,{EFD1AB16-5A5E-481D-8BB8-219EE6498C33},0,,EFD1AB16-5A5E-481D-8BB8-219EE6498C33,Unknown,,,,,Blvd,Valley Blvd,2015-05-07 17:59:00+00:00,14278 D Valley Blvd La Puente 91746,EFD1AB16-5A5E-481D-8BB8-219EE6498C33_14278_D_Valley_Blvd_La_Puente_91746,Valley,14278 D Valley Boulevard Blvd La Puente 91746,,,POINT (6567585.434918 1835989.835187),Incomplete_addresses_no_fraction&others_[validationResults]_554rows.csv,eGIS_Addressing_raw__2700971rows_51cols.csv
14278 B Valley Blvd La Puente 91746,,8206026030,,14278,B,,,,,Valley,Boulevard,,,,,,,,,,,,,91746,,Unincorporated,La Puente,Bassett,,,,LACO DPW Add,{636812F3-03A0-4ED9-8640-0898FD5C1D11},0,,636812F3-03A0-4ED9-8640-0898FD5C1D11,Unknown,,,,,Blvd,Valley Blvd,2015-05-07 17:59:00+00:00,14278 B Valley Blvd La Puente 91746,636812F3-03A0-4ED9-8640-0898FD5C1D11_14278_B_Valley_Blvd_La_Puente_91746,Valley,14278 B Valley Boulevard Blvd La Puente 91746,,,POINT (6567525.76509 1836037.804907),Incomplete_addresses_no_fraction&others_[validationResults]_554rows.csv,eGIS_Addressing_raw__2700971rows_51cols.csv
14278 A Valley Blvd La Puente 91746,,8206026030,,14278,A,,,,,Valley,Boulevard,,,,,,,,,,,,,91746,,Unincorporated,La Puente,Bassett,,,,LACO DPW House Numbering Map,{8A1EE91E-98F7-4F24-9F1B-FD9657BA019C},0,,8A1EE91E-98F7-4F24-9F1B-FD9657BA019C,Unknown,,,,,Blvd,Valley Blvd,2015-05-07 17:59:00+00:00,14278 A Valley Blvd La Puente 91746,8A1EE91E-98F7-4F24-9F1B-FD9657BA019C_14278_A_Valley_Blvd_La_Puente_91746,Valley,14278 A Valley Boulevard Blvd La Puente 91746,,,POINT (6567494.527292 1836063.070933),Incomplete_addresses_no_fraction&others_[validationResults]_554rows.csv,eGIS_Addressing_raw__2700971rows_51cols.csv
15268 B Proctor Ave Hacienda Heights 91745,,8208021033,,15268,B,,,,,Proctor,Avenue,,,,,,,,,,,,,91745,,Industry,Hacienda Heights,Industry,,,,LACO DPW Add,{8B2AB507-D69E-4409-99A5-0562A4EBA002},0,,8B2AB507-D69E-4409-99A5-0562A4EBA002,Unknown,,,,,Ave,Proctor Ave,2015-03-27 13:12:18+00:00,15268 B Proctor Ave Hacienda Heights 91745,8B2AB507-D69E-4409-99A5-0562A4EBA002_15268_B_Proctor_Ave_Hacienda_Heights_91745,Proctor,15268 B Proctor Avenue Ave Industry 91745,,,POINT (6572077.238599 1830806.722521),Incomplete_addresses_no_fraction&others_[validationResults]_554rows.csv,eGIS_Addressing_raw__2700971rows_51cols.csv
16231 A Binney St Hacienda Heights 91745,,8242003011,,16231,A,,,,,Binney,Street,,,,,,,,,,,,,91745,,Unincorporated,Hacienda Heights,Industry,,,,LACO DPW Add,{5D487493-4C21-4972-A91B-41D33EC10035},0,,5D487493-4C21-4972-A91B-41D33EC10035,Unknown,,,,,St,Binney St,2023-11-09 23:06:46+00:00,16231 A Binney St Hacienda Heights 91745,5D487493-4C21-4972-A91B-41D33EC10035_16231_A_Binney_St_Hacienda_Heights_91745,Binney,16231 A Binney Street St Hacienda Heights 91745,,,POINT (6575780.985784 1824095.766455),Incomplete_addresses_no_fraction&others_[validationResults]_554rows.csv,eGIS_Addressing_raw__2700971rows_51cols.csv
17005 B Evergreen Pl Hacienda Heights 91745,,8242024072,,17005,B,,,,,Evergreen,Place,,,,,,,,,,,,,91745,,Industry,Hacienda Heights,Industry,,,,LACO DPW Add,{615AC5FD-5C14-41BD-AC69-244A36040E15},0,,615AC5FD-5C14-41BD-AC69-244A36040E15,Unknown,,,,,Pl,Evergreen Pl,2015-03-27 12:32:25+00:00,17005 B Evergreen Pl Hacienda Heights 91745,615AC5FD-5C14-41BD-AC69-244A36040E15_17005_B_Evergreen_Pl_Hacienda_Heights_91745,Evergreen,17005 B Evergreen Place Pl Industry 91745,,,POINT (6580319.628282 1822502.19976),Incomplete_addresses_no_fraction&others_[validationResults]_554rows.csv,eGIS_Addressing_raw__2700971rows_51cols.csv
17005 A Evergreen Pl Hacienda Heights 91745,,8242024072,,17005,A,,,,,Evergreen,Place,,,,,,,,,,,,,91745,,Industry,Hacienda Heights,Industry,,,,LACO DPW Add,{6D2EC591-3876-4A1B-8680-471B94D330B4},0,,6D2EC591-3876-4A1B-8680-471B94D330B4,Unknown,,,,,Pl,Evergreen Pl,2015-03-27 13:24:24+00:00,17005 A Evergreen Pl Hacienda Heights 91745,6D2EC591-3876-4A1B-8680-471B94D330B4_17005_A_Evergreen_Pl_Hacienda_Heights_91745,Evergreen,17005 A Evergreen Place Pl Industry 91745,,,POINT (6580354.897896 1822486.328729),Incomplete_addresses_no_fraction&others_[validationResults]_554rows.csv,eGIS_Addressing_raw__2700971rows_51cols.csv
15913 B Amar Rd La Puente 91744,,8252004028,,15913,B,,,,,Amar,Road,,,,,,,,,,,,,91744,,Unincorporated,La Puente,Industry,,,,LACO DPW Add,{1F950EE2-4C8B-476D-8DDF-F8789CCD74FA},0,,1F950EE2-4C8B-476D-8DDF-F8789CCD74FA,Unknown,,,,,Rd,Amar Rd,2018-04-18 16:18:19+00:00,15913 B Amar Rd La Puente 91744,1F950EE2-4C8B-476D-8DDF-F8789CCD74FA_15913_B_Amar_Rd_La_Puente_91744,Amar,15913 B Amar Road Rd La Puente 91744,,,POINT (6580606.684138 1835765.657813),Incomplete_addresses_no_fraction&others_[validationResults]_554rows.csv,eGIS_Addressing_raw__2700971rows_51cols.csv
404 B Mangate Ave La Puente 91744,,8262009006,,404,B,,,,,Mangate,Avenue,,,,,,,,,,,,,91744,,Unincorporated,La Puente,Industry,,,,LACO DPW Add,{1333A33A-E823-4F66-AF7E-21B0A83E21B6},0,,1333A33A-E823-4F66-AF7E-21B0A83E21B6,Unknown,,,,,Ave,Mangate Ave,2023-10-23 21:35:43+00:00,404 B Mangate Ave La Puente 91744,1333A33A-E823-4F66-AF7E-21B0A83E21B6_404_B_Mangate_Ave_La_Puente_91744,Mangate,404 B Mangate Avenue Ave La Puente 91744,,,POINT (6585632.782682 1831552.141306),Incomplete_addresses_no_fraction&others_[validationResults]_554rows.csv,eGIS_Addressing_raw__2700971rows_51cols.csv
17865 Rowland Heights 91748,,8265044044,,17865,,,,,,,,,,,,,,,,,,,,91748,,Industry,Rowland Heights,Industry,,,,LACO DPW Add,{D1ED2FC2-0302-4E8A-96E8-D5B0BB6F2BF9},0,,D1ED2FC2-0302-4E8A-96E8-D5B0BB6F2BF9,Unknown,,,,,,,2022-09-08 12:09:38+00:00,17865 Rowland Heights 91748,D1ED2FC2-0302-4E8A-96E8-D5B0BB6F2BF9_17865_Rowland_Heights_91748,,17865 Industry 91748,,,POINT (6587349.652936 1818914.712513),Incomplete_addresses_no_fraction&others_[validationResults]_554rows.csv,eGIS_Addressing_raw__2700971rows_51cols.csv
21050 Covina 91724,,8402016069,,21050,,,,,,,,,,,,,,,,,,,,91724,,Unincorporated,Covina,Charter Oak,,,,LACO DPW Add,{81F28454-D6D0-4D08-8236-B1CF86B3C202},0,,81F28454-D6D0-4D08-8236-B1CF86B3C202,Unknown,,,,,,,2018-11-08 21:46:42+00:00,21050 Covina 91724,81F28454-D6D0-4D08-8236-B1CF86B3C202_21050_Covina_91724,,21050 Covina 91724,,,POINT (6608483.867229 1856898.715613),Incomplete_addresses_no_fraction&others_[validationResults]_554rows.csv,eGIS_Addressing_raw__2700971rows_51cols.csv
1340 Covina 91722,,8409019906,,1340,,,,,,,,,,,,,,,,,,,,91722,,Covina,Covina,,,,,CAMS,{B378F56A-8263-4B69-843E-5CA3F58F8582},0,,B378F56A-8263-4B69-843E-5CA3F58F8582,Unknown,,,,,,,2015-03-24 19:01:05+00:00,1340 Covina 91722,B378F56A-8263-4B69-843E-5CA3F58F8582_1340_Covina_91722,,1340 Covina 91722,,,POINT (6587959.342661 1860327.013874),Incomplete_addresses_no_fraction&others_[validationResults]_554rows.csv,eGIS_Addressing_raw__2700971rows_51cols.csv
15708 Irwindale 91706,,8417035028,,15708,,,,,,,,,,,,,,,,,,,,91706,,Irwindale,Irwindale,Baldwin Park,,,,CAMS,{E706F25A-6CD0-4D75-8EC1-BA30F6BC1B3A},0,,E706F25A-6CD0-4D75-8EC1-BA30F6BC1B3A,Unknown,,,,,,,2015-03-27 15:51:58+00:00,15708 Irwindale 91706,E706F25A-6CD0-4D75-8EC1-BA30F6BC1B3A_15708_Irwindale_91706,,15708 Irwindale 91706,,,POINT (6580400.364341 1861211.834611),Incomplete_addresses_no_fraction&others_[validationResults]_554rows.csv,eGIS_Addressing_raw__2700971rows_51cols.csv
Duarte 91010,,8521006046,,,,,,,,,,,,,,,,,,,,,,91010,,Unincorporated,Duarte,Irwindale,,,,LACO DPW Add,{902401CC-8F46-40BC-B759-D400A6184997},0,,902401CC-8F46-40BC-B759-D400A6184997,Unknown,,,,,,,2024-10-02 16:11:18+00:00,Duarte 91010,902401CC-8F46-40BC-B759-D400A6184997___Duarte_91010,,Duarte 91010,,,POINT (6563487.005123 1867031.475203),Incomplete_addresses_no_fraction&others_[validationResults]_554rows.csv,eGIS_Addressing_raw__2700971rows_51cols.csv
1035 Azusa 91702,,8628004900,,1035,,,,,,,,,,,,,,,,,,,,91702,,Azusa,Azusa,,,,,Office of Assessor,{3D91E00D-147C-45D0-9EDF-81AEDB851C32},0,,3D91E00D-147C-45D0-9EDF-81AEDB851C32,Unknown,,,,,,,2015-03-24 02:01:52+00:00,1035 Azusa 91702,3D91E00D-147C-45D0-9EDF-81AEDB851C32_1035_Azusa_91702,,1035 Azusa 91702,,,POINT (6595898.490825 1868272.277511),Incomplete_addresses_no_fraction&others_[validationResults]_554rows.csv,eGIS_Addressing_raw__2700971rows_51cols.csv
635 Glendora 91740,,8644017049,,635,,,,,,,,,,,,,,,,,,,,91740,,Glendora,Glendora,,,,,CAMS,{2E426C7D-2215-4368-BAA8-64E9185BA994},0,,2E426C7D-2215-4368-BAA8-64E9185BA994,Unknown,,,,,,,2015-03-25 08:35:30+00:00,635 Glendora 91740,2E426C7D-2215-4368-BAA8-64E9185BA994_635_Glendora_91740,,635 Glendora 91740,,,POINT (6606734.744087 1868952.425757),Incomplete_addresses_no_fraction&others_[validationResults]_554rows.csv,eGIS_Addressing_raw__2700971rows_51cols.csv
648 Glendora Highlands Rd   Glendora 91741,,8658019041,,648,,,,,,Glendora Highlands,Road,,,,,,,,,,,, ,91741,6459,Glendora,Glendora,,,,,Office of Assessor - Add 202309,{991FB315-01FD-433D-A9E9-D5CEDCE0BBE3},0,,991FB315-01FD-433D-A9E9-D5CEDCE0BBE3,Unknown,,,,,Rd,Glendora Highlands Rd,2023-09-24 01:07:07+00:00,648 Glendora Highlands Rd   Glendora 91741,991FB315-01FD-433D-A9E9-D5CEDCE0BBE3_648_Glendora_Highlands_Rd___Glendora_91741,Glendora Highlands,648 Glendora Highlands Road Rd   Glendora 91741,,,POINT (6617036.352092 1875752.503693),Incomplete_addresses_no_fraction&others_[validationResults]_554rows.csv,eGIS_Addressing_raw__2700971rows_51cols.csv
4588 T Live Oak Canyon Rd La Verne 91750,,8669013015,,4588,T,,,,,Live Oak Canyon,Road,,,,,,,,,,,,,91750,,Unincorporated,La Verne,,,,,CAMS,{54D61FA9-18EF-4D7A-9EB9-840EFE85EBAC},0,,54D61FA9-18EF-4D7A-9EB9-840EFE85EBAC,Unknown,,,,,Rd,Live Oak Canyon Rd,2015-05-04 20:53:23+00:00,4588 T Live Oak Canyon Rd La Verne 91750,54D61FA9-18EF-4D7A-9EB9-840EFE85EBAC_4588_T_Live_Oak_Canyon_Rd_La_Verne_91750,Live Oak Canyon,4588 T Live Oak Canyon Road Rd La Verne 91750,,,POINT (6638689.692644 1869704.972809),Incomplete_addresses_no_fraction&others_[validationResults]_554rows.csv,eGIS_Addressing_raw__2700971rows_51cols.csv
5246 Claremont 91711,,8673017901,,5246,,,,,,,,,,,,,,,,,,,,91711,,Unincorporated,Claremont,,,,,Office of Assessor,{5C3B8E91-6DF6-475F-ADDE-2DD4BC6C653B},0,,5C3B8E91-6DF6-475F-ADDE-2DD4BC6C653B,Unknown,,,,,,,2015-05-04 20:53:04+00:00,5246 Claremont 91711,5C3B8E91-6DF6-475F-ADDE-2DD4BC6C653B_5246_Claremont_91711,,5246 Claremont 91711,,,POINT (6651070.836189 1881040.375007),Incomplete_addresses_no_fraction&others_[validationResults]_554rows.csv,eGIS_Addressing_raw__2700971rows_51cols.csv
1790 Azusa & San Gabriel Canyon Rd Azusa 91702,,8684023013,,1790,,,,,,Azusa & San Gabriel Canyon,Road,,,,,,,,,,,,,91702,,Azusa,Azusa,,,,,Office of Assessor,{E591B1C2-496A-42B9-9BB8-7CDABE77BB02},0,,E591B1C2-496A-42B9-9BB8-7CDABE77BB02,Unknown,,,,,Rd,Azusa & San Gabriel Canyon Rd,2024-05-12 21:05:27+00:00,1790 Azusa & San Gabriel Canyon Rd Azusa 91702,E591B1C2-496A-42B9-9BB8-7CDABE77BB02_1790_Azusa_&_San_Gabriel_Canyon_Rd_Azusa_91702,Azusa & San Gabriel Canyon,1790 Azusa & San Gabriel Canyon Road Rd Azusa 91702,,,POINT (6589264.40009 1878442.063274),Incomplete_addresses_no_fraction&others_[validationResults]_554rows.csv,eGIS_Addressing_raw__2700971rows_51cols.csv
2898 Diamond Bar 91765,,8714026271,,2898,,,,,,,,,,,,,,,,,,,,91765,,Unincorporated,Diamond Bar,,,,,LACO DPW House Numbering Map,{B87528E5-D445-42C7-B200-6F960914DFC9},0,,B87528E5-D445-42C7-B200-6F960914DFC9,Unknown,,,,,,,2022-09-08 14:57:40+00:00,2898 Diamond Bar 91765,B87528E5-D445-42C7-B200-6F960914DFC9_2898_Diamond_Bar_91765,,2898 Diamond Bar 91765,,,POINT (6613622.779851 1809515.47475),Incomplete_addresses_no_fraction&others_[validationResults]_554rows.csv,eGIS_Addressing_raw__2700971rows_51cols.csv
621 A Frandale Ave La Puente 91744,,8745021004,,621,A,,,,,Frandale,Avenue,,,,,,,,,,,,,91744,,Unincorporated,La Puente,Industry,,,,LACO DPW Add,{6C006617-0A5C-4C7A-9772-47190D18FD06},0,,6C006617-0A5C-4C7A-9772-47190D18FD06,Unknown,,,,,Ave,Frandale Ave,2023-10-18 22:49:48+00:00,621 A Frandale Ave La Puente 91744,6C006617-0A5C-4C7A-9772-47190D18FD06_621_A_Frandale_Ave_La_Puente_91744,Frandale,621 A Frandale Avenue Ave La Puente 91744,,,POINT (6581669.08326 1833333.050802),Incomplete_addresses_no_fraction&others_[validationResults]_554rows.csv,eGIS_Addressing_raw__2700971rows_51cols.csv
19575 B Newgarden St Rowland Heights 91748,,8762012018,,19575,B,,,,,Newgarden,Street,,,,,,,,,,,,,91748,,Unincorporated,Rowland Heights,Industry,,,,LACO DPW Add,{AB5B823E-1E40-4A06-AD8E-8614DAC9E596},0,,AB5B823E-1E40-4A06-AD8E-8614DAC9E596,Unknown,,,,,St,Newgarden St,2022-12-15 16:44:41+00:00,19575 B Newgarden St Rowland Heights 91748,AB5B823E-1E40-4A06-AD8E-8614DAC9E596_19575_B_Newgarden_St_Rowland_Heights_91748,Newgarden,19575 B Newgarden Street St Rowland Heights 91748,,,POINT (6599740.936552 1819233.547177),Incomplete_addresses_no_fraction&others_[validationResults]_554rows.csv,eGIS_Addressing_raw__2700971rows_51cols.csv
19575 A Newgarden St Rowland Heights 91748,,8762012018,,19575,A,,,,,Newgarden,Street,,,,,,,,,,,,,91748,,Unincorporated,Rowland Heights,Industry,,,,LACO DPW Add,{438B6691-FD6B-4F89-ADF1-43FF2200E1FB},0,,438B6691-FD6B-4F89-ADF1-43FF2200E1FB,Unknown,,,,,St,Newgarden St,2022-12-15 16:44:41+00:00,19575 A Newgarden St Rowland Heights 91748,438B6691-FD6B-4F89-ADF1-43FF2200E1FB_19575_A_Newgarden_St_Rowland_Heights_91748,Newgarden,19575 A Newgarden Street St Rowland Heights 91748,,,POINT (6599760.561513 1819248.862107),Incomplete_addresses_no_fraction&others_[validationResults]_554rows.csv,eGIS_Addressing_raw__2700971rows_51cols.csv
1557 Walnut 91789,,8762018015,,1557,,,,,,,,,,,,,,,,,,,,91789,,Unincorporated,Walnut,,,,,LACO DPW Add,{A9B46E0C-F08B-4E42-8B96-827013B81CCB},0,,A9B46E0C-F08B-4E42-8B96-827013B81CCB,Unknown,,,,,,,2019-04-20 10:30:06+00:00,1557 Walnut 91789,A9B46E0C-F08B-4E42-8B96-827013B81CCB_1557_Walnut_91789,,1557 Walnut 91789,,,POINT (6600758.130712 1818208.112876),Incomplete_addresses_no_fraction&others_[validationResults]_554rows.csv,eGIS_Addressing_raw__2700971rows_51cols.csv
20151 A Donway Dr Walnut 91789,,8764004038,,20151,A,,,,,Donway,Drive,,,,,,,,,,,,,91789,,Unincorporated,Walnut,,,,,LACO DPW Add,{4FD17AF2-AF19-4FAE-B2DC-491D349EF5C4},0,,4FD17AF2-AF19-4FAE-B2DC-491D349EF5C4,Unknown,,,,,Dr,Donway Dr,2023-11-06 16:09:48+00:00,20151 A Donway Dr Walnut 91789,4FD17AF2-AF19-4FAE-B2DC-491D349EF5C4_20151_A_Donway_Dr_Walnut_91789,Donway,20151 A Donway Drive Dr Walnut 91789,,,POINT (6603230.786528 1817790.624538),Incomplete_addresses_no_fraction&others_[validationResults]_554rows.csv,eGIS_Addressing_raw__2700971rows_51cols.csv
